조회일자,품목코드,품목명,평년비율,전일비율,도매일일가격,도매순가격,도매전일가격,도매전순가격,도매전년순가격,도매평년순가격,도매일일위기단계명,도매일일작형연속위기횟수,도매일일작형위기단계코드,도매순위기단계명,도매순작형위기단계코드,도매순작형연속위기횟수,도매월위기단계명,도매월작형위기단계코드,도매전일자,도매전순월,도매전순명,도매순월,도매순명,도매일자,소매일일가격,소매순가격,소매전일가격,소매전순가격,소매전년순가격,소매평년순가격,소매전일자,소매전순월,소매전순명,소매순월,소매순명,소매일자
2024-01-01,1001,배추,11.468,-18.98,1875.667,1981.667,2231.667,2090,1345.667,1683,안정,9,4,안정,4,1,안정,4,2023-12-29,12,하순,1,상순,2023-12-30,3312,3163,3324,3123,3113,3461,2023-12-28,12,하순,1,상순,2023-12-29
2024-01-01,1101,무,-3.148,-13.066,1200.1,939.9,1356.9,1191,1086.4,1239,안정,1,4,안정,4,1,안정,4,2023-12-29,12,하순,1,상순,2023-12-30,1764,1806,1744,1769,1892,1863,2023-12-28,12,하순,1,상순,2023-12-29
2024-01-01,1207,건고추,13.79,0,13524,13515.42,13524,13524,12528,11885,상승심각,92,7,상승심각,7,1,상승심각,7,2023-12-28,12,하순,1,상순,2023-12-29,18352,18430,18352,18416,16366,15669,2023-12-28,12,하순,1,상순,2023-12-29
2024-01-01,1209,마늘,-1.89,0,6750,6750,6750,6792,8130.95,6880,상승주의,65,5,상승주의,5,1,상승주의,5,2023-12-28,12,하순,1,상순,2023-12-29,10208,9599,10129,9909,12734,10593,2023-12-28,12,하순,1,상순,2023-12-29
2024-01-01,1201,양파,28.291,-0.536,1306,1216,1313,1276,1400,1018,안정,73,4,안정,4,1,안정,4,2023-12-29,12,하순,1,상순,2023-12-30,2287,2317,2299,2344,2888,2083,2023-12-28,12,하순,1,상순,2023-12-29
2024-01-01,1202,대파,188.651,-14.553,4171,3150,4778,4232,1429,1445,상승심각,15,7,상승심각,7,1,상승심각,7,2023-12-29,12,하순,1,상순,2023-12-30,7571,6976,7674,7341,5499,4840,2023-12-28,12,하순,1,상순,2023-12-29
2024-01-02,1001,배추,11.468,-18.98,1875.667,1981.667,2231.667,2090,1345.667,1683,안정,9,4,안정,4,1,안정,4,2023-12-29,12,하순,1,상순,2023-12-30,3356,3163,3312,3123,3113,3461,2023-12-29,12,하순,1,상순,2024-01-02
2024-01-02,1101,무,-3.148,-13.066,1200.1,939.9,1356.9,1191,1086.4,1239,안정,1,4,안정,4,1,안정,4,2023-12-29,12,하순,1,상순,2023-12-30,1779,1806,1764,1769,1892,1863,2023-12-29,12,하순,1,상순,2024-01-02
2024-01-02,1207,건고추,13.79,0,13524,13515.42,13524,13524,12528,11885,상승심각,92,7,상승심각,7,1,상승심각,7,2023-12-28,12,하순,1,상순,2023-12-29,18352,18430,18352,18416,16366,15669,2023-12-28,12,하순,1,상순,2023-12-29
2024-01-02,1209,마늘,-1.89,0,6750,6750,6750,6792,8130.95,6880,상승주의,65,5,상승주의,5,1,상승주의,5,2023-12-28,12,하순,1,상순,2023-12-29,10208,9599,10129,9909,12734,10593,2023-12-28,12,하순,1,상순,2023-12-29
2024-01-02,1201,양파,28.291,-0.536,1306,1216,1313,1276,1400,1018,안정,73,4,안정,4,1,안정,4,2023-12-29,12,하순,1,상순,2023-12-30,2445,2317,2287,2344,2888,2083,2023-12-29,12,하순,1,상순,2024-01-02
2024-01-02,1202,대파,188.651,-14.553,4171,3150,4778,4232,1429,1445,상승심각,15,7,상승심각,7,1,상승심각,7,2023-12-29,12,하순,1,상순,2023-12-30,7765,6976,7571,7341,5499,4840,2023-12-29,12,하순,1,상순,2024-01-02
2024-01-03,1001,배추,26.738,12.078,2133.333,1981.667,1875.667,2090,1345.667,1683,안정,10,4,안정,4,1,안정,4,2023-12-30,12,하순,1,상순,2024-01-03,3396,3163,3356,3123,3113,3461,2024-01-02,12,하순,1,상순,2024-01-03
2024-01-03,1101,무,-16.626,-16.131,1033.4,939.9,1200.1,1191,1086.4,1239,안정,2,4,안정,4,1,안정,4,2023-12-30,12,하순,1,상순,2024-01-03,1774,1806,1779,1769,1892,1863,2024-01-02,12,하순,1,상순,2024-01-03
2024-01-03,1207,건고추,13.79,0,13524,13515.42,13524,13524,12528,11885,상승심각,93,7,상승심각,7,1,상승심각,7,2023-12-29,12,하순,1,상순,2024-01-02,18352,18430,18352,18416,16366,15669,2023-12-29,12,하순,1,상순,2024-01-02
2024-01-03,1209,마늘,-1.89,0,6750,6750,6750,6792,8130.95,6880,상승주의,66,5,상승주의,5,1,상승주의,5,2023-12-29,12,하순,1,상순,2024-01-02,10278,9599,10208,9909,12734,10593,2023-12-29,12,하순,1,상순,2024-01-02
2024-01-03,1201,양파,23.084,-4.23,1253,1216,1306,1276,1400,1018,안정,74,4,안정,4,1,안정,4,2023-12-30,12,하순,1,상순,2024-01-03,2427,2317,2445,2344,2888,2083,2024-01-02,12,하순,1,상순,2024-01-03
2024-01-03,1202,대파,113.841,-34.984,3090,3150,4171,4232,1429,1445,상승심각,16,7,상승심각,7,1,상승심각,7,2023-12-30,12,하순,1,상순,2024-01-03,7808,6976,7765,7341,5499,4840,2024-01-02,12,하순,1,상순,2024-01-03
2024-01-04,1001,배추,13.072,-12.084,1903.333,1981.667,2133.333,2090,1345.667,1683,안정,11,4,안정,4,1,안정,4,2024-01-03,12,하순,1,상순,2024-01-04,3204,3163,3396,3123,3113,3461,2024-01-03,12,하순,1,상순,2024-01-04
2024-01-04,1101,무,-23.325,-8.756,950.2,939.9,1033.4,1191,1086.4,1239,안정,3,4,안정,4,1,안정,4,2024-01-03,12,하순,1,상순,2024-01-04,1821,1806,1774,1769,1892,1863,2024-01-03,12,하순,1,상순,2024-01-04
2024-01-04,1207,건고추,13.79,0,13524,13515.42,13524,13524,12528,11885,상승심각,94,7,상승심각,7,1,상승심각,7,2024-01-02,12,하순,1,상순,2024-01-03,18352,18430,18352,18416,16366,15669,2024-01-02,12,하순,1,상순,2024-01-03
2024-01-04,1209,마늘,-1.89,0,6750,6750,6750,6792,8130.95,6880,상승주의,67,5,상승주의,5,1,상승주의,5,2024-01-02,12,하순,1,상순,2024-01-03,10299,9599,10278,9909,12734,10593,2024-01-02,12,하순,1,상순,2024-01-03
2024-01-04,1201,양파,19.646,-2.874,1218,1216,1253,1276,1400,1018,안정,75,4,안정,4,1,안정,4,2024-01-03,12,하순,1,상순,2024-01-04,2323,2317,2427,2344,2888,2083,2024-01-03,12,하순,1,상순,2024-01-04
2024-01-04,1202,대파,133.495,8.417,3374,3150,3090,4232,1429,1445,상승심각,17,7,상승심각,7,1,상승심각,7,2024-01-03,12,하순,1,상순,2024-01-04,6966,6976,7808,7341,5499,4840,2024-01-03,12,하순,1,상순,2024-01-04
2024-01-05,1001,배추,9.745,-3.031,1847.333,1981.667,1903.333,2090,1345.667,1683,안정,12,4,안정,4,1,안정,4,2024-01-04,12,하순,1,상순,2024-01-05,3089,3163,3204,3123,3113,3461,2024-01-04,12,하순,1,상순,2024-01-05
2024-01-05,1101,무,-22.034,1.605,965.7,939.9,950.2,1191,1086.4,1239,안정,4,4,안정,4,1,안정,4,2024-01-04,12,하순,1,상순,2024-01-05,1812,1806,1821,1769,1892,1863,2024-01-04,12,하순,1,상순,2024-01-05
2024-01-05,1207,건고추,13.69,-0.089,13512,13515.42,13524,13524,12528,11885,상승심각,95,7,상승심각,7,1,상승심각,7,2024-01-03,12,하순,1,상순,2024-01-04,18448,18430,18352,18416,16366,15669,2024-01-03,12,하순,1,상순,2024-01-04
2024-01-05,1209,마늘,-1.89,0,6750,6750,6750,6792,8130.95,6880,상승주의,68,5,상승주의,5,1,상승주의,5,2024-01-03,12,하순,1,상순,2024-01-04,9922,9599,10299,9909,12734,10593,2024-01-03,12,하순,1,상순,2024-01-04
2024-01-05,1201,양파,23.281,2.948,1255,1216,1218,1276,1400,1018,안정,76,4,안정,4,1,안정,4,2024-01-04,12,하순,1,상순,2024-01-05,2128,2317,2323,2344,2888,2083,2024-01-04,12,하순,1,상순,2024-01-05
2024-01-05,1202,대파,123.806,-4.329,3234,3150,3374,4232,1429,1445,상승심각,18,7,상승심각,7,1,상승심각,7,2024-01-04,12,하순,1,상순,2024-01-05,6613,6976,6966,7341,5499,4840,2024-01-04,12,하순,1,상순,2024-01-05
2024-01-06,1201,양파,22.495,-0.642,1247,1216,1255,1276,1400,1018,안정,77,4,안정,4,1,안정,4,2024-01-05,12,하순,1,상순,2024-01-06,2128,2313,2323,2344,2888,2083,2024-01-04,12,하순,1,상순,2024-01-05
2024-01-06,1202,대파,125.813,0.889,3263,3150,3234,4232,1429,1445,상승심각,19,7,상승심각,7,1,상승심각,7,2024-01-05,12,하순,1,상순,2024-01-06,6613,7049,6966,7341,5499,4840,2024-01-04,12,하순,1,상순,2024-01-05
2024-01-06,1001,배추,0.832,-8.837,1697.333,1981.667,1847.333,2090,1345.667,1683,안정,13,4,안정,4,1,안정,4,2024-01-05,12,하순,1,상순,2024-01-06,3089,3191,3204,3123,3113,3461,2024-01-04,12,하순,1,상순,2024-01-05
2024-01-06,1101,무,-27.28,-7.24,900.5,939.9,965.7,1191,1086.4,1239,안정,5,4,안정,4,1,안정,4,2024-01-05,12,하순,1,상순,2024-01-06,1812,1806,1821,1769,1892,1863,2024-01-04,12,하순,1,상순,2024-01-05
2024-01-06,1207,건고추,13.69,0,13512,13516,13512,13524,12528,11885,상승심각,96,7,상승심각,7,1,상승심각,7,2024-01-04,12,하순,1,상순,2024-01-05,18448,18427,18448,18416,16366,15669,2024-01-04,12,하순,1,상순,2024-01-05
2024-01-06,1209,마늘,-1.89,0,6750,6750,6750,6792,8130.95,6880,상승주의,69,5,상승주의,5,1,상승주의,5,2024-01-04,12,하순,1,상순,2024-01-05,9198,9674,9922,9909,12734,10593,2024-01-04,12,하순,1,상순,2024-01-05
2024-01-07,1001,배추,0.832,-8.837,1697.333,1981.667,1847.333,2090,1345.667,1683,안정,13,4,안정,4,1,안정,4,2024-01-05,12,하순,1,상순,2024-01-06,3089,3191,3204,3123,3113,3461,2024-01-04,12,하순,1,상순,2024-01-05
2024-01-07,1101,무,-27.28,-7.24,900.5,939.9,965.7,1191,1086.4,1239,안정,5,4,안정,4,1,안정,4,2024-01-05,12,하순,1,상순,2024-01-06,1812,1806,1821,1769,1892,1863,2024-01-04,12,하순,1,상순,2024-01-05
2024-01-07,1207,건고추,13.69,0,13512,13516,13512,13524,12528,11885,상승심각,96,7,상승심각,7,1,상승심각,7,2024-01-04,12,하순,1,상순,2024-01-05,18448,18427,18448,18416,16366,15669,2024-01-04,12,하순,1,상순,2024-01-05
2024-01-07,1209,마늘,-1.89,0,6750,6750,6750,6792,8130.95,6880,상승주의,69,5,상승주의,5,1,상승주의,5,2024-01-04,12,하순,1,상순,2024-01-05,9198,9674,9922,9909,12734,10593,2024-01-04,12,하순,1,상순,2024-01-05
2024-01-07,1201,양파,22.495,-0.642,1247,1216,1255,1276,1400,1018,안정,77,4,안정,4,1,안정,4,2024-01-05,12,하순,1,상순,2024-01-06,2128,2313,2323,2344,2888,2083,2024-01-04,12,하순,1,상순,2024-01-05
2024-01-07,1202,대파,125.813,0.889,3263,3150,3234,4232,1429,1445,상승심각,19,7,상승심각,7,1,상승심각,7,2024-01-05,12,하순,1,상순,2024-01-06,6613,7049,6966,7341,5499,4840,2024-01-04,12,하순,1,상순,2024-01-05
2024-01-08,1001,배추,22.282,17.538,2058.333,1981.667,1697.333,2090,1345.667,1683,안정,14,4,안정,4,1,안정,4,2024-01-06,12,하순,1,상순,2024-01-08,3060,3191,3089,3123,3113,3461,2024-01-05,12,하순,1,상순,2024-01-08
2024-01-08,1101,무,-27.361,-0.056,900,939.9,900.5,1191,1086.4,1239,안정,6,4,안정,4,1,안정,4,2024-01-06,12,하순,1,상순,2024-01-08,1829,1806,1812,1769,1892,1863,2024-01-05,12,하순,1,상순,2024-01-08
2024-01-08,1207,건고추,13.69,0,13512,13516,13512,13524,12528,11885,상승심각,96,7,상승심각,7,1,상승심각,7,2024-01-04,12,하순,1,상순,2024-01-05,18448,18427,18448,18416,16366,15669,2024-01-04,12,하순,1,상순,2024-01-05
2024-01-08,1209,마늘,-1.89,0,6750,6750,6750,6792,8130.95,6880,상승주의,69,5,상승주의,5,1,상승주의,5,2024-01-04,12,하순,1,상순,2024-01-05,9198,9674,9922,9909,12734,10593,2024-01-04,12,하순,1,상순,2024-01-05
2024-01-08,1201,양파,20.432,-1.713,1226,1216,1247,1276,1400,1018,안정,78,4,안정,4,1,안정,4,2024-01-06,12,하순,1,상순,2024-01-08,2220,2313,2128,2344,2888,2083,2024-01-05,12,하순,1,상순,2024-01-08
2024-01-08,1202,대파,117.578,-3.785,3144,3150,3263,4232,1429,1445,상승심각,20,7,상승심각,7,1,상승심각,7,2024-01-06,12,하순,1,상순,2024-01-08,6581,7049,6613,7341,5499,4840,2024-01-05,12,하순,1,상순,2024-01-08
2024-01-09,1001,배추,29.947,5.869,2186.667,1981.667,2058.333,2090,1345.667,1683,안정,15,4,안정,4,1,안정,4,2024-01-08,12,하순,1,상순,2024-01-09,3038,3191,3060,3123,3113,3461,2024-01-08,12,하순,1,상순,2024-01-09
2024-01-09,1101,무,-23.164,5.502,952.4,939.9,900,1191,1086.4,1239,안정,7,4,안정,4,1,안정,4,2024-01-08,12,하순,1,상순,2024-01-09,1823,1806,1829,1769,1892,1863,2024-01-08,12,하순,1,상순,2024-01-09
2024-01-09,1207,건고추,13.69,0,13512,13516,13512,13524,12528,11885,상승심각,97,7,상승심각,7,1,상승심각,7,2024-01-05,12,하순,1,상순,2024-01-08,18480,18427,18448,18416,16366,15669,2024-01-05,12,하순,1,상순,2024-01-08
2024-01-09,1209,마늘,-1.89,0,6750,6750,6750,6792,8130.95,6880,상승주의,70,5,상승주의,5,1,상승주의,5,2024-01-05,12,하순,1,상순,2024-01-08,9198,9674,9198,9909,12734,10593,2024-01-05,12,하순,1,상순,2024-01-08
2024-01-09,1201,양파,17.191,-2.766,1193,1216,1226,1276,1400,1018,안정,79,4,안정,4,1,안정,4,2024-01-08,12,하순,1,상순,2024-01-09,2332,2313,2220,2344,2888,2083,2024-01-08,12,하순,1,상순,2024-01-09
2024-01-09,1202,대파,114.81,-1.289,3104,3150,3144,4232,1429,1445,상승심각,21,7,상승심각,7,1,상승심각,7,2024-01-08,12,하순,1,상순,2024-01-09,6558,7049,6581,7341,5499,4840,2024-01-08,12,하순,1,상순,2024-01-09
2024-01-10,1202,대파,96.54,-9.296,2840,3150,3104,4232,1429,1445,상승심각,22,7,상승심각,7,1,상승심각,7,2024-01-09,12,하순,1,상순,2024-01-10,6558,7049,6581,7341,5499,4840,2024-01-08,12,하순,1,상순,2024-01-09
2024-01-10,1001,배추,21.569,-6.875,2046,1981.667,2186.667,2090,1345.667,1683,안정,16,4,안정,4,1,안정,4,2024-01-09,12,하순,1,상순,2024-01-10,3038,3191,3060,3123,3113,3461,2024-01-08,12,하순,1,상순,2024-01-09
2024-01-10,1101,무,-29.217,-8.61,876.9,939.9,952.4,1191,1086.4,1239,안정,8,4,안정,4,1,안정,4,2024-01-09,12,하순,1,상순,2024-01-10,1823,1806,1829,1769,1892,1863,2024-01-08,12,하순,1,상순,2024-01-09
2024-01-10,1207,건고추,13.69,0,13512,13516,13512,13524,12528,11885,상승심각,98,7,상승심각,7,1,상승심각,7,2024-01-08,12,하순,1,상순,2024-01-09,18480,18427,18480,18416,16366,15669,2024-01-08,12,하순,1,상순,2024-01-09
2024-01-10,1209,마늘,-1.89,0,6750,6750,6750,6792,8130.95,6880,상승주의,71,5,상승주의,5,1,상승주의,5,2024-01-08,12,하순,1,상순,2024-01-09,9149,9674,9198,9909,12734,10593,2024-01-08,12,하순,1,상순,2024-01-09
2024-01-10,1201,양파,10.118,-6.423,1121,1216,1193,1276,1400,1018,안정,80,4,안정,4,1,안정,4,2024-01-09,12,하순,1,상순,2024-01-10,2332,2313,2220,2344,2888,2083,2024-01-08,12,하순,1,상순,2024-01-09
2024-01-11,1001,배추,-2.652,-13.709,1799.333,1975,2046,1982,1345.667,1848,안정,17,4,안정,4,1,안정,4,2024-01-10,1,상순,1,중순,2024-01-11,3038,2776,3060,3191,2878,3410,2024-01-08,1,상순,1,중순,2024-01-09
2024-01-11,1101,무,-30.471,-4.157,841.9,890.7,876.9,940,1085,1211,안정,9,4,안정,4,1,안정,4,2024-01-10,1,상순,1,중순,2024-01-11,1823,1434,1829,1806,1819,1843,2024-01-08,1,상순,1,중순,2024-01-09
2024-01-11,1207,건고추,13.968,0,13512,13512,13512,13516,12528,11856,상승심각,98,7,상승심각,7,1,상승심각,7,2024-01-08,1,상순,1,중순,2024-01-09,18480,18544,18480,18427,16408,15675,2024-01-08,1,상순,1,중순,2024-01-09
2024-01-11,1209,마늘,-1.875,0,6750,6750,6750,6750,8125,6879,상승주의,71,5,상승주의,5,1,상승주의,5,2024-01-08,1,상순,1,중순,2024-01-09,9149,10054,9198,9674,12632,10335,2024-01-08,1,상순,1,중순,2024-01-09
2024-01-11,1201,양파,18.326,-0.358,1117,1070,1121,1216,1350,944,안정,81,4,안정,4,1,안정,4,2024-01-10,1,상순,1,중순,2024-01-11,2332,2340,2220,2313,2766,2157,2024-01-08,1,상순,1,중순,2024-01-09
2024-01-11,1202,대파,105.379,-4.758,2711,2623,2840,3150,1492,1320,상승심각,23,7,상승심각,7,1,상승심각,7,2024-01-10,1,상순,1,중순,2024-01-11,6558,6219,6581,7049,6248,5136,2024-01-08,1,상순,1,중순,2024-01-09
2024-01-12,1202,대파,92.652,-6.606,2543,2623,2711,3150,1492,1320,상승심각,24,7,상승심각,7,1,상승심각,7,2024-01-11,1,상순,1,중순,2024-01-12,6380,6219,6558,7049,6248,5136,2024-01-09,1,상순,1,중순,2024-01-12
2024-01-12,1001,배추,1.082,3.693,1868.333,1975,1799.333,1982,1345.667,1848,안정,18,4,안정,4,1,안정,4,2024-01-11,1,상순,1,중순,2024-01-12,2729,2776,3038,3191,2878,3410,2024-01-09,1,상순,1,중순,2024-01-12
2024-01-12,1101,무,-34.434,-6.073,793.7,890.7,841.9,940,1085,1211,하락주의,1,3,안정,4,1,안정,4,2024-01-11,1,상순,1,중순,2024-01-12,1446,1434,1823,1806,1819,1843,2024-01-09,1,상순,1,중순,2024-01-12
2024-01-12,1207,건고추,13.968,0,13512,13512,13512,13516,12528,11856,상승심각,98,7,상승심각,7,1,상승심각,7,2024-01-08,1,상순,1,중순,2024-01-09,18480,18544,18480,18427,16408,15675,2024-01-08,1,상순,1,중순,2024-01-09
2024-01-12,1209,마늘,-1.875,0,6750,6750,6750,6750,8125,6879,상승주의,71,5,상승주의,5,1,상승주의,5,2024-01-08,1,상순,1,중순,2024-01-09,9149,10054,9198,9674,12632,10335,2024-01-08,1,상순,1,중순,2024-01-09
2024-01-12,1201,양파,7.521,-10.049,1015,1070,1117,1216,1350,944,안정,82,4,안정,4,1,안정,4,2024-01-11,1,상순,1,중순,2024-01-12,2125,2340,2332,2313,2766,2157,2024-01-09,1,상순,1,중순,2024-01-12
2024-01-13,1001,배추,-1.028,-2.132,1829.333,1975,1868.333,1982,1345.667,1848,안정,19,4,안정,4,1,안정,4,2024-01-12,1,상순,1,중순,2024-01-13,2729,2776,3038,3191,2878,3410,2024-01-09,1,상순,1,중순,2024-01-12
2024-01-13,1101,무,-24.608,13.029,912.6,890.7,793.7,940,1085,1211,안정,1,4,안정,4,1,안정,4,2024-01-12,1,상순,1,중순,2024-01-13,1446,1434,1823,1806,1819,1843,2024-01-09,1,상순,1,중순,2024-01-12
2024-01-13,1207,건고추,13.968,0,13512,13512,13512,13516,12528,11856,상승심각,99,7,상승심각,7,1,상승심각,7,2024-01-09,1,상순,1,중순,2024-01-12,18448,18544,18480,18427,16408,15675,2024-01-09,1,상순,1,중순,2024-01-12
2024-01-13,1209,마늘,-1.875,0,6750,6750,6750,6750,8125,6879,상승주의,72,5,상승주의,5,1,상승주의,5,2024-01-09,1,상순,1,중순,2024-01-12,10039,10054,9149,9674,12632,10335,2024-01-09,1,상순,1,중순,2024-01-12
2024-01-13,1201,양파,12.394,4.336,1061,1070,1015,1216,1350,944,안정,83,4,안정,4,1,안정,4,2024-01-12,1,상순,1,중순,2024-01-13,2125,2340,2332,2313,2766,2157,2024-01-09,1,상순,1,중순,2024-01-12
2024-01-13,1202,대파,65.455,-16.438,2184,2623,2543,3150,1492,1320,상승경계,1,6,상승심각,7,1,상승심각,7,2024-01-12,1,상순,1,중순,2024-01-13,6380,6219,6558,7049,6248,5136,2024-01-09,1,상순,1,중순,2024-01-12
2024-01-14,1001,배추,-1.028,-2.132,1829.333,1975,1868.333,1982,1345.667,1848,안정,19,4,안정,4,1,안정,4,2024-01-12,1,상순,1,중순,2024-01-13,2729,2776,3038,3191,2878,3410,2024-01-09,1,상순,1,중순,2024-01-12
2024-01-14,1101,무,-24.608,13.029,912.6,890.7,793.7,940,1085,1211,안정,1,4,안정,4,1,안정,4,2024-01-12,1,상순,1,중순,2024-01-13,1446,1434,1823,1806,1819,1843,2024-01-09,1,상순,1,중순,2024-01-12
2024-01-14,1207,건고추,13.968,0,13512,13512,13512,13516,12528,11856,상승심각,99,7,상승심각,7,1,상승심각,7,2024-01-09,1,상순,1,중순,2024-01-12,18448,18544,18480,18427,16408,15675,2024-01-09,1,상순,1,중순,2024-01-12
2024-01-14,1209,마늘,-1.875,0,6750,6750,6750,6750,8125,6879,상승주의,72,5,상승주의,5,1,상승주의,5,2024-01-09,1,상순,1,중순,2024-01-12,10039,10054,9149,9674,12632,10335,2024-01-09,1,상순,1,중순,2024-01-12
2024-01-14,1201,양파,12.394,4.336,1061,1070,1015,1216,1350,944,안정,83,4,안정,4,1,안정,4,2024-01-12,1,상순,1,중순,2024-01-13,2125,2340,2332,2313,2766,2157,2024-01-09,1,상순,1,중순,2024-01-12
2024-01-14,1202,대파,65.455,-16.438,2184,2623,2543,3150,1492,1320,상승경계,1,6,상승심각,7,1,상승심각,7,2024-01-12,1,상순,1,중순,2024-01-13,6380,6219,6558,7049,6248,5136,2024-01-09,1,상순,1,중순,2024-01-12
2024-01-15,1001,배추,-3.084,-2.159,1790.667,1975,1829.333,1982,1345.667,1848,안정,20,4,안정,4,1,안정,4,2024-01-13,1,상순,1,중순,2024-01-15,2726,2776,2729,3191,2878,3410,2024-01-12,1,상순,1,중순,2024-01-15
2024-01-15,1101,무,-26.755,-2.863,887.2,890.7,912.6,940,1085,1211,안정,2,4,안정,4,1,안정,4,2024-01-13,1,상순,1,중순,2024-01-15,1434,1434,1446,1806,1819,1843,2024-01-12,1,상순,1,중순,2024-01-15
2024-01-15,1207,건고추,13.968,0,13512,13512,13512,13516,12528,11856,상승심각,99,7,상승심각,7,1,상승심각,7,2024-01-09,1,상순,1,중순,2024-01-12,18448,18544,18480,18427,16408,15675,2024-01-09,1,상순,1,중순,2024-01-12
2024-01-15,1209,마늘,-1.875,0,6750,6750,6750,6750,8125,6879,상승주의,72,5,상승주의,5,1,상승주의,5,2024-01-09,1,상순,1,중순,2024-01-12,10039,10054,9149,9674,12632,10335,2024-01-09,1,상순,1,중순,2024-01-12
2024-01-15,1201,양파,15.466,2.661,1090,1070,1061,1216,1350,944,안정,84,4,안정,4,1,안정,4,2024-01-13,1,상순,1,중순,2024-01-15,2317,2340,2125,2313,2766,2157,2024-01-12,1,상순,1,중순,2024-01-15
2024-01-15,1202,대파,112.955,22.305,2811,2623,2184,3150,1492,1320,상승심각,1,7,상승심각,7,1,상승심각,7,2024-01-13,1,상순,1,중순,2024-01-15,6210,6219,6380,7049,6248,5136,2024-01-12,1,상순,1,중순,2024-01-15
2024-01-16,1001,배추,-4.762,-1.723,1760.333,1975,1790.667,1982,1345.667,1848,안정,21,4,안정,4,1,안정,4,2024-01-15,1,상순,1,중순,2024-01-16,2729,2776,2726,3191,2878,3410,2024-01-15,1,상순,1,중순,2024-01-16
2024-01-16,1101,무,-22.709,5.163,935.5,890.7,887.2,940,1085,1211,안정,3,4,안정,4,1,안정,4,2024-01-15,1,상순,1,중순,2024-01-16,1431,1434,1434,1806,1819,1843,2024-01-15,1,상순,1,중순,2024-01-16
2024-01-16,1207,건고추,13.968,0,13512,13512,13512,13516,12528,11856,상승심각,100,7,상승심각,7,1,상승심각,7,2024-01-12,1,상순,1,중순,2024-01-15,18448,18544,18448,18427,16408,15675,2024-01-12,1,상순,1,중순,2024-01-15
2024-01-16,1209,마늘,-1.875,0,6750,6750,6750,6750,8125,6879,상승주의,73,5,상승주의,5,1,상승주의,5,2024-01-12,1,상순,1,중순,2024-01-15,10106,10054,10039,9674,12632,10335,2024-01-12,1,상순,1,중순,2024-01-15
2024-01-16,1201,양파,14.407,-0.926,1080,1070,1090,1216,1350,944,안정,85,4,안정,4,1,안정,4,2024-01-15,1,상순,1,중순,2024-01-16,2366,2340,2317,2313,2766,2157,2024-01-15,1,상순,1,중순,2024-01-16
2024-01-16,1202,대파,111.061,-0.897,2786,2623,2811,3150,1492,1320,상승심각,2,7,상승심각,7,1,상승심각,7,2024-01-15,1,상순,1,중순,2024-01-16,6209,6219,6210,7049,6248,5136,2024-01-15,1,상순,1,중순,2024-01-16
2024-01-17,1001,배추,-3.734,1.031,1778.667,1975,1760.333,1982,1345.667,1848,안정,22,4,안정,4,1,안정,4,2024-01-16,1,상순,1,중순,2024-01-17,2731,2776,2729,3191,2878,3410,2024-01-16,1,상순,1,중순,2024-01-17
2024-01-17,1101,무,-25.186,-3.256,906,890.7,935.5,940,1085,1211,안정,4,4,안정,4,1,안정,4,2024-01-16,1,상순,1,중순,2024-01-17,1411,1434,1431,1806,1819,1843,2024-01-16,1,상순,1,중순,2024-01-17
2024-01-17,1207,건고추,13.968,0,13512,13512,13512,13516,12528,11856,상승심각,101,7,상승심각,7,1,상승심각,7,2024-01-15,1,상순,1,중순,2024-01-16,18481,18544,18448,18427,16408,15675,2024-01-15,1,상순,1,중순,2024-01-16
2024-01-17,1209,마늘,-1.875,0,6750,6750,6750,6750,8125,6879,상승주의,74,5,상승주의,5,1,상승주의,5,2024-01-15,1,상순,1,중순,2024-01-16,10093,10054,10106,9674,12632,10335,2024-01-15,1,상순,1,중순,2024-01-16
2024-01-17,1201,양파,12.076,-2.079,1058,1070,1080,1216,1350,944,안정,86,4,안정,4,1,안정,4,2024-01-16,1,상순,1,중순,2024-01-17,2446,2340,2366,2313,2766,2157,2024-01-16,1,상순,1,중순,2024-01-17
2024-01-17,1202,대파,93.258,-9.212,2551,2623,2786,3150,1492,1320,상승심각,3,7,상승심각,7,1,상승심각,7,2024-01-16,1,상순,1,중순,2024-01-17,6149,6219,6209,7049,6248,5136,2024-01-16,1,상순,1,중순,2024-01-17
2024-01-18,1001,배추,11.31,13.545,2057.333,1975,1778.667,1982,1345.667,1848,안정,23,4,안정,4,1,안정,4,2024-01-17,1,상순,1,중순,2024-01-18,2841,2776,2731,3191,2878,3410,2024-01-17,1,상순,1,중순,2024-01-18
2024-01-18,1101,무,-27.498,-3.142,878.4,890.7,906,940,1085,1211,안정,5,4,안정,4,1,안정,4,2024-01-17,1,상순,1,중순,2024-01-18,1445,1434,1411,1806,1819,1843,2024-01-17,1,상순,1,중순,2024-01-18
2024-01-18,1207,건고추,13.968,0,13512,13512,13512,13516,12528,11856,상승심각,102,7,상승심각,7,1,상승심각,7,2024-01-16,1,상순,1,중순,2024-01-17,18615,18544,18481,18427,16408,15675,2024-01-16,1,상순,1,중순,2024-01-17
2024-01-18,1209,마늘,-1.875,0,6750,6750,6750,6750,8125,6879,상승주의,75,5,상승주의,5,1,상승주의,5,2024-01-16,1,상순,1,중순,2024-01-17,10093,10054,10093,9674,12632,10335,2024-01-16,1,상순,1,중순,2024-01-17
2024-01-18,1201,양파,10.487,-1.438,1043,1070,1058,1216,1350,944,안정,87,4,안정,4,1,안정,4,2024-01-17,1,상순,1,중순,2024-01-18,2422,2340,2446,2313,2766,2157,2024-01-17,1,상순,1,중순,2024-01-18
2024-01-18,1202,대파,94.848,0.816,2572,2623,2551,3150,1492,1320,상승심각,4,7,상승심각,7,1,상승심각,7,2024-01-17,1,상순,1,중순,2024-01-18,6234,6219,6149,7049,6248,5136,2024-01-17,1,상순,1,중순,2024-01-18
2024-01-19,1001,배추,29.978,14.361,2402.333,1975,2057.333,1982,1345.667,1848,안정,24,4,안정,4,1,안정,4,2024-01-18,1,상순,1,중순,2024-01-19,2898,2776,2841,3191,2878,3410,2024-01-18,1,상순,1,중순,2024-01-19
2024-01-19,1101,무,-25.681,2.389,899.9,890.7,878.4,940,1085,1211,안정,6,4,안정,4,1,안정,4,2024-01-18,1,상순,1,중순,2024-01-19,1439,1434,1445,1806,1819,1843,2024-01-18,1,상순,1,중순,2024-01-19
2024-01-19,1207,건고추,13.968,0,13512,13512,13512,13516,12528,11856,상승심각,103,7,상승심각,7,1,상승심각,7,2024-01-17,1,상순,1,중순,2024-01-18,18615,18544,18615,18427,16408,15675,2024-01-17,1,상순,1,중순,2024-01-18
2024-01-19,1209,마늘,-1.875,0,6750,6750,6750,6750,8125,6879,상승주의,76,5,상승주의,5,1,상승주의,5,2024-01-17,1,상순,1,중순,2024-01-18,10200,10054,10093,9674,12632,10335,2024-01-17,1,상순,1,중순,2024-01-18
2024-01-19,1201,양파,15.254,4.136,1088,1070,1043,1216,1350,944,안정,88,4,안정,4,1,안정,4,2024-01-18,1,상순,1,중순,2024-01-19,2362,2340,2422,2313,2766,2157,2024-01-18,1,상순,1,중순,2024-01-19
2024-01-19,1202,대파,105.53,5.197,2713,2623,2572,3150,1492,1320,상승심각,5,7,상승심각,7,1,상승심각,7,2024-01-18,1,상순,1,중순,2024-01-19,6130,6219,6234,7049,6248,5136,2024-01-18,1,상순,1,중순,2024-01-19
2024-01-20,1001,배추,34.686,3.495,2489.333,1975,2402.333,1982,1345.667,1848,안정,25,4,안정,4,1,안정,4,2024-01-19,1,상순,1,중순,2024-01-20,2898,2776,2841,3191,2878,3410,2024-01-18,1,상순,1,중순,2024-01-19
2024-01-20,1101,무,-20.644,6.397,961.4,890.7,899.9,940,1085,1211,안정,7,4,안정,4,1,안정,4,2024-01-19,1,상순,1,중순,2024-01-20,1439,1434,1445,1806,1819,1843,2024-01-18,1,상순,1,중순,2024-01-19
2024-01-20,1207,건고추,13.968,0,13512,13512,13512,13516,12528,11856,상승심각,104,7,상승심각,7,1,상승심각,7,2024-01-18,1,상순,1,중순,2024-01-19,18658,18544,18615,18427,16408,15675,2024-01-18,1,상순,1,중순,2024-01-19
2024-01-20,1209,마늘,-1.875,0,6750,6750,6750,6750,8125,6879,상승주의,77,5,상승주의,5,1,상승주의,5,2024-01-18,1,상순,1,중순,2024-01-19,9791,10054,10200,9674,12632,10335,2024-01-18,1,상순,1,중순,2024-01-19
2024-01-20,1201,양파,14.407,-0.741,1080,1070,1088,1216,1350,944,안정,89,4,안정,4,1,안정,4,2024-01-19,1,상순,1,중순,2024-01-20,2362,2340,2422,2313,2766,2157,2024-01-18,1,상순,1,중순,2024-01-19
2024-01-20,1202,대파,107.121,0.768,2734,2623,2713,3150,1492,1320,상승심각,6,7,상승심각,7,1,상승심각,7,2024-01-19,1,상순,1,중순,2024-01-20,6130,6219,6234,7049,6248,5136,2024-01-18,1,상순,1,중순,2024-01-19
2024-01-21,1001,배추,18.977,3.495,2489.333,2208.333,2402.333,1975,1835,2092,안정,25,4,안정,4,1,안정,4,2024-01-19,1,중순,1,하순,2024-01-20,2898,2949,2841,2776,2846,3311,2024-01-18,1,중순,1,하순,2024-01-19
2024-01-21,1101,무,-21.997,6.397,961.4,1173.4,899.9,891,1278.1,1232,안정,7,4,안정,4,1,안정,4,2024-01-19,1,중순,1,하순,2024-01-20,1439,1472,1445,1434,1801,1834,2024-01-18,1,중순,1,하순,2024-01-19
2024-01-21,1207,건고추,14.781,0,13512,13512,13512,13512,12528,11772,상승심각,104,7,상승심각,7,1,상승심각,7,2024-01-18,1,중순,1,하순,2024-01-19,18658,18593,18615,18544,16397,15734,2024-01-18,1,중순,1,하순,2024-01-19
2024-01-21,1209,마늘,-1.775,0,6750,6750,6750,6750,8156.65,6872,상승주의,77,5,상승주의,5,1,상승주의,5,2024-01-18,1,중순,1,하순,2024-01-19,9791,9789,10200,10054,12692,10341,2024-01-18,1,중순,1,하순,2024-01-19
2024-01-21,1201,양파,9.091,-0.741,1080,1118,1088,1070,1466,990,안정,89,4,안정,4,1,안정,4,2024-01-19,1,중순,1,하순,2024-01-20,2362,2442,2422,2340,2736,2162,2024-01-18,1,중순,1,하순,2024-01-19
2024-01-21,1202,대파,81.42,0.768,2734,3227,2713,2623,1933,1507,상승심각,6,7,상승심각,7,1,상승심각,7,2024-01-19,1,중순,1,하순,2024-01-20,6130,6364,6234,6219,6088,5259,2024-01-18,1,중순,1,하순,2024-01-19
2024-01-22,1001,배추,13.719,-4.623,2379.333,2208.333,2489.333,1975,1835,2092,안정,26,4,안정,4,1,안정,4,2024-01-20,1,중순,1,하순,2024-01-22,2935,3167,2898,2776,2846,3311,2024-01-19,1,중순,1,하순,2024-01-22
2024-01-22,1101,무,-5.032,17.836,1170.1,1173.4,961.4,891,1278.1,1232,상승주의,1,5,상승주의,5,1,상승주의,5,2024-01-20,1,중순,1,하순,2024-01-22,1476,1551,1439,1434,1801,1834,2024-01-19,1,중순,1,하순,2024-01-22
2024-01-22,1207,건고추,14.781,0,13512,13512,13512,13512,12528,11772,상승심각,104,7,상승심각,7,1,상승심각,7,2024-01-18,1,중순,1,하순,2024-01-19,18658,18550,18615,18544,16397,15734,2024-01-18,1,중순,1,하순,2024-01-19
2024-01-22,1209,마늘,-1.775,0,6750,6750,6750,6750,8156.65,6872,상승주의,77,5,상승주의,5,1,상승주의,5,2024-01-18,1,중순,1,하순,2024-01-19,9791,10098,10200,10054,12692,10341,2024-01-18,1,중순,1,하순,2024-01-19
2024-01-22,1201,양파,11.616,2.262,1105,1118,1080,1070,1466,990,안정,90,4,안정,4,1,안정,4,2024-01-20,1,중순,1,하순,2024-01-22,2435,2429,2362,2340,2736,2162,2024-01-19,1,중순,1,하순,2024-01-22
2024-01-22,1202,대파,99.005,8.836,2999,3227,2734,2623,1933,1507,상승심각,7,7,상승심각,7,1,상승심각,7,2024-01-20,1,중순,1,하순,2024-01-22,6341,6610,6130,6219,6088,5259,2024-01-19,1,중순,1,하순,2024-01-22
2024-01-23,1001,배추,-4.541,-19.165,1996.667,2208.333,2379.333,1975,1835,2092,안정,27,4,안정,4,1,안정,4,2024-01-22,1,중순,1,하순,2024-01-23,2962,3167,2935,2776,2846,3311,2024-01-22,1,중순,1,하순,2024-01-23
2024-01-23,1101,무,-13.068,-9.263,1070.9,1173.4,1170.1,891,1278.1,1232,안정,1,4,상승주의,5,1,상승주의,5,2024-01-22,1,중순,1,하순,2024-01-23,1468,1551,1476,1434,1801,1834,2024-01-22,1,중순,1,하순,2024-01-23
2024-01-23,1207,건고추,14.781,0,13512,13512,13512,13512,12528,11772,상승심각,105,7,상승심각,7,1,상승심각,7,2024-01-19,1,중순,1,하순,2024-01-22,18658,18550,18658,18544,16397,15734,2024-01-19,1,중순,1,하순,2024-01-22
2024-01-23,1209,마늘,-1.775,0,6750,6750,6750,6750,8156.65,6872,상승주의,78,5,상승주의,5,1,상승주의,5,2024-01-19,1,중순,1,하순,2024-01-22,9787,10098,9791,10054,12692,10341,2024-01-19,1,중순,1,하순,2024-01-22
2024-01-23,1201,양파,7.98,-3.368,1069,1118,1105,1070,1466,990,안정,91,4,안정,4,1,안정,4,2024-01-22,1,중순,1,하순,2024-01-23,2449,2429,2435,2340,2736,2162,2024-01-22,1,중순,1,하순,2024-01-23
2024-01-23,1202,대파,169.078,26.042,4055,3227,2999,2623,1933,1507,상승심각,8,7,상승심각,7,1,상승심각,7,2024-01-22,1,중순,1,하순,2024-01-23,6387,6610,6341,6219,6088,5259,2024-01-22,1,중순,1,하순,2024-01-23
2024-01-24,1001,배추,-13.719,-10.639,1804.667,2208.333,1996.667,1975,1835,2092,안정,28,4,안정,4,1,안정,4,2024-01-23,1,중순,1,하순,2024-01-24,2962,3102,2935,2776,2846,3311,2024-01-22,1,중순,1,하순,2024-01-23
2024-01-24,1101,무,-7.955,5.598,1134.4,1173.4,1070.9,891,1278.1,1232,상승주의,1,5,상승주의,5,1,상승주의,5,2024-01-23,1,중순,1,하순,2024-01-24,1468,1508,1476,1434,1801,1834,2024-01-22,1,중순,1,하순,2024-01-23
2024-01-24,1207,건고추,14.781,0,13512,13512,13512,13512,12528,11772,상승심각,106,7,상승심각,7,1,상승심각,7,2024-01-22,1,중순,1,하순,2024-01-23,18528,18571,18658,18544,16397,15734,2024-01-22,1,중순,1,하순,2024-01-23
2024-01-24,1209,마늘,-1.775,0,6750,6750,6750,6750,8156.65,6872,상승주의,79,5,상승주의,5,1,상승주의,5,2024-01-22,1,중순,1,하순,2024-01-23,9790,9944,9787,10054,12692,10341,2024-01-22,1,중순,1,하순,2024-01-23
2024-01-24,1201,양파,1.818,-6.052,1008,1118,1069,1070,1466,990,안정,92,4,안정,4,1,안정,4,2024-01-23,1,중순,1,하순,2024-01-24,2449,2433,2435,2340,2736,2162,2024-01-22,1,중순,1,하순,2024-01-23
2024-01-24,1202,대파,125.614,-19.265,3400,3227,4055,2623,1933,1507,상승심각,9,7,상승심각,7,1,상승심각,7,2024-01-23,1,중순,1,하순,2024-01-24,6387,6484,6341,6219,6088,5259,2024-01-22,1,중순,1,하순,2024-01-23
2024-01-25,1001,배추,4.828,17.72,2193.333,2208.333,1804.667,1975,1835,2092,안정,29,4,안정,4,1,안정,4,2024-01-24,1,중순,1,하순,2024-01-25,2962,3167,2935,2776,2846,3311,2024-01-22,1,중순,1,하순,2024-01-23
2024-01-25,1101,무,-14.123,-7.181,1058.4,1173.4,1134.4,891,1278.1,1232,안정,1,4,상승주의,5,1,상승주의,5,2024-01-24,1,중순,1,하순,2024-01-25,1468,1551,1476,1434,1801,1834,2024-01-22,1,중순,1,하순,2024-01-23
2024-01-25,1207,건고추,14.781,0,13512,13512,13512,13512,12528,11772,상승심각,106,7,상승심각,7,1,상승심각,7,2024-01-22,1,중순,1,하순,2024-01-23,18528,18550,18658,18544,16397,15734,2024-01-22,1,중순,1,하순,2024-01-23
2024-01-25,1209,마늘,-1.775,0,6750,6750,6750,6750,8156.65,6872,상승주의,79,5,상승주의,5,1,상승주의,5,2024-01-22,1,중순,1,하순,2024-01-23,9790,10098,9787,10054,12692,10341,2024-01-22,1,중순,1,하순,2024-01-23
2024-01-25,1201,양파,11.919,9.025,1108,1118,1008,1070,1466,990,안정,93,4,안정,4,1,안정,4,2024-01-24,1,중순,1,하순,2024-01-25,2449,2429,2435,2340,2736,2162,2024-01-22,1,중순,1,하순,2024-01-23
2024-01-25,1202,대파,110.883,-6.986,3178,3227,3400,2623,1933,1507,상승심각,10,7,상승심각,7,1,상승심각,7,2024-01-24,1,중순,1,하순,2024-01-25,6387,6610,6341,6219,6088,5259,2024-01-22,1,중순,1,하순,2024-01-23
2024-01-26,1001,배추,5.688,0.784,2210.667,2208.333,2193.333,1975,1835,2092,안정,30,4,안정,4,1,안정,4,2024-01-25,1,중순,1,하순,2024-01-26,3409,3167,2962,2776,2846,3311,2024-01-23,1,중순,1,하순,2024-01-26
2024-01-26,1101,무,-10.308,4.2,1104.8,1173.4,1058.4,891,1278.1,1232,안정,2,4,상승주의,5,1,상승주의,5,2024-01-25,1,중순,1,하순,2024-01-26,1581,1551,1468,1434,1801,1834,2024-01-23,1,중순,1,하순,2024-01-26
2024-01-26,1207,건고추,14.781,0,13512,13512,13512,13512,12528,11772,상승심각,106,7,상승심각,7,1,상승심각,7,2024-01-22,1,중순,1,하순,2024-01-23,18528,18550,18658,18544,16397,15734,2024-01-22,1,중순,1,하순,2024-01-23
2024-01-26,1209,마늘,-1.775,0,6750,6750,6750,6750,8156.65,6872,상승주의,79,5,상승주의,5,1,상승주의,5,2024-01-22,1,중순,1,하순,2024-01-23,9790,10098,9787,10054,12692,10341,2024-01-22,1,중순,1,하순,2024-01-23
2024-01-26,1201,양파,17.475,4.729,1163,1118,1108,1070,1466,990,안정,94,4,안정,4,1,안정,4,2024-01-25,1,중순,1,하순,2024-01-26,2415,2429,2449,2340,2736,2162,2024-01-23,1,중순,1,하순,2024-01-26
2024-01-26,1202,대파,115.926,2.336,3254,3227,3178,2623,1933,1507,상승심각,11,7,상승심각,7,1,상승심각,7,2024-01-25,1,중순,1,하순,2024-01-26,6725,6610,6387,6219,6088,5259,2024-01-23,1,중순,1,하순,2024-01-26
2024-01-27,1001,배추,14.723,7.902,2400.333,2208.333,2210.667,1975,1835,2092,안정,31,4,안정,4,1,안정,4,2024-01-26,1,중순,1,하순,2024-01-27,3409,3167,2962,2776,2846,3311,2024-01-23,1,중순,1,하순,2024-01-26
2024-01-27,1101,무,-8.604,1.839,1125.5,1173.4,1104.8,891,1278.1,1232,상승주의,1,5,상승주의,5,1,상승주의,5,2024-01-26,1,중순,1,하순,2024-01-27,1581,1551,1468,1434,1801,1834,2024-01-23,1,중순,1,하순,2024-01-26
2024-01-27,1207,건고추,14.781,0,13512,13512,13512,13512,12528,11772,상승심각,107,7,상승심각,7,1,상승심각,7,2024-01-23,1,중순,1,하순,2024-01-26,18528,18550,18528,18544,16397,15734,2024-01-23,1,중순,1,하순,2024-01-26
2024-01-27,1209,마늘,-1.775,0,6750,6750,6750,6750,8156.65,6872,상승주의,80,5,상승주의,5,1,상승주의,5,2024-01-23,1,중순,1,하순,2024-01-26,10255,10098,9790,10054,12692,10341,2024-01-23,1,중순,1,하순,2024-01-26
2024-01-27,1201,양파,18.889,1.189,1177,1118,1163,1070,1466,990,안정,95,4,안정,4,1,안정,4,2024-01-26,1,중순,1,하순,2024-01-27,2415,2429,2449,2340,2736,2162,2024-01-23,1,중순,1,하순,2024-01-26
2024-01-27,1202,대파,105.64,-5.002,3099,3227,3254,2623,1933,1507,상승심각,12,7,상승심각,7,1,상승심각,7,2024-01-26,1,중순,1,하순,2024-01-27,6725,6610,6387,6219,6088,5259,2024-01-23,1,중순,1,하순,2024-01-26
2024-01-28,1001,배추,14.723,7.902,2400.333,2208.333,2210.667,1975,1835,2092,안정,31,4,안정,4,1,안정,4,2024-01-26,1,중순,1,하순,2024-01-27,3409,3167,2962,2776,2846,3311,2024-01-23,1,중순,1,하순,2024-01-26
2024-01-28,1101,무,-8.604,1.839,1125.5,1173.4,1104.8,891,1278.1,1232,상승주의,1,5,상승주의,5,1,상승주의,5,2024-01-26,1,중순,1,하순,2024-01-27,1581,1551,1468,1434,1801,1834,2024-01-23,1,중순,1,하순,2024-01-26
2024-01-28,1207,건고추,14.781,0,13512,13512,13512,13512,12528,11772,상승심각,107,7,상승심각,7,1,상승심각,7,2024-01-23,1,중순,1,하순,2024-01-26,18528,18550,18528,18544,16397,15734,2024-01-23,1,중순,1,하순,2024-01-26
2024-01-28,1209,마늘,-1.775,0,6750,6750,6750,6750,8156.65,6872,상승주의,80,5,상승주의,5,1,상승주의,5,2024-01-23,1,중순,1,하순,2024-01-26,10255,10098,9790,10054,12692,10341,2024-01-23,1,중순,1,하순,2024-01-26
2024-01-28,1201,양파,18.889,1.189,1177,1118,1163,1070,1466,990,안정,95,4,안정,4,1,안정,4,2024-01-26,1,중순,1,하순,2024-01-27,2415,2429,2449,2340,2736,2162,2024-01-23,1,중순,1,하순,2024-01-26
2024-01-28,1202,대파,105.64,-5.002,3099,3227,3254,2623,1933,1507,상승심각,12,7,상승심각,7,1,상승심각,7,2024-01-26,1,중순,1,하순,2024-01-27,6725,6610,6387,6219,6088,5259,2024-01-23,1,중순,1,하순,2024-01-26
2024-01-29,1001,배추,4.015,-10.293,2176.333,2208.333,2400.333,1975,1835,2092,안정,32,4,안정,4,1,안정,4,2024-01-27,1,중순,1,하순,2024-01-29,3272,3167,3409,2776,2846,3311,2024-01-26,1,중순,1,하순,2024-01-29
2024-01-29,1101,무,-3.166,5.658,1193,1173.4,1125.5,891,1278.1,1232,상승주의,2,5,상승주의,5,1,상승주의,5,2024-01-27,1,중순,1,하순,2024-01-29,1592,1551,1581,1434,1801,1834,2024-01-26,1,중순,1,하순,2024-01-29
2024-01-29,1207,건고추,14.781,0,13512,13512,13512,13512,12528,11772,상승심각,107,7,상승심각,7,1,상승심각,7,2024-01-23,1,중순,1,하순,2024-01-26,18528,18550,18528,18544,16397,15734,2024-01-23,1,중순,1,하순,2024-01-26
2024-01-29,1209,마늘,-1.775,0,6750,6750,6750,6750,8156.65,6872,상승주의,80,5,상승주의,5,1,상승주의,5,2024-01-23,1,중순,1,하순,2024-01-26,10255,10098,9790,10054,12692,10341,2024-01-23,1,중순,1,하순,2024-01-26
2024-01-29,1201,양파,15.96,-2.526,1148,1118,1177,1070,1466,990,안정,96,4,안정,4,1,안정,4,2024-01-27,1,중순,1,하순,2024-01-29,2416,2429,2415,2340,2736,2162,2024-01-26,1,중순,1,하순,2024-01-29
2024-01-29,1202,대파,101.659,-1.974,3039,3227,3099,2623,1933,1507,상승심각,13,7,상승심각,7,1,상승심각,7,2024-01-27,1,중순,1,하순,2024-01-29,6709,6610,6725,6219,6088,5259,2024-01-26,1,중순,1,하순,2024-01-29
2024-01-30,1001,배추,10.946,6.233,2321,2208.333,2176.333,1975,1835,2092,안정,33,4,안정,4,1,안정,4,2024-01-29,1,중순,1,하순,2024-01-30,3218,3167,3272,2776,2846,3311,2024-01-29,1,중순,1,하순,2024-01-30
2024-01-30,1101,무,12.094,13.638,1381.4,1173.4,1193,891,1278.1,1232,상승주의,3,5,상승주의,5,1,상승주의,5,2024-01-29,1,중순,1,하순,2024-01-30,1597,1551,1592,1434,1801,1834,2024-01-29,1,중순,1,하순,2024-01-30
2024-01-30,1207,건고추,14.781,0,13512,13512,13512,13512,12528,11772,상승심각,108,7,상승심각,7,1,상승심각,7,2024-01-26,1,중순,1,하순,2024-01-29,18528,18550,18528,18544,16397,15734,2024-01-26,1,중순,1,하순,2024-01-29
2024-01-30,1209,마늘,-1.775,0,6750,6750,6750,6750,8156.65,6872,상승주의,81,5,상승주의,5,1,상승주의,5,2024-01-26,1,중순,1,하순,2024-01-29,10278,10098,10255,10054,12692,10341,2024-01-26,1,중순,1,하순,2024-01-29
2024-01-30,1201,양파,16.162,0.174,1150,1118,1148,1070,1466,990,안정,97,4,안정,4,1,안정,4,2024-01-29,1,중순,1,하순,2024-01-30,2426,2429,2416,2340,2736,2162,2024-01-29,1,중순,1,하순,2024-01-30
2024-01-30,1202,대파,100.597,-0.529,3023,3227,3039,2623,1933,1507,상승심각,14,7,상승심각,7,1,상승심각,7,2024-01-29,1,중순,1,하순,2024-01-30,6705,6610,6709,6219,6088,5259,2024-01-29,1,중순,1,하순,2024-01-30
2024-01-31,1001,배추,14.34,2.968,2392,2208.333,2321,1975,1835,2092,안정,34,4,안정,4,1,안정,4,2024-01-30,1,중순,1,하순,2024-01-31,3204,3167,3218,2776,2846,3311,2024-01-30,1,중순,1,하순,2024-01-31
2024-01-31,1101,무,7.305,-4.501,1321.9,1173.4,1381.4,891,1278.1,1232,상승주의,4,5,상승주의,5,1,상승주의,5,2024-01-30,1,중순,1,하순,2024-01-31,1589,1551,1597,1434,1801,1834,2024-01-30,1,중순,1,하순,2024-01-31
2024-01-31,1207,건고추,14.781,0,13512,13512,13512,13512,12528,11772,상승심각,109,7,상승심각,7,1,상승심각,7,2024-01-29,1,중순,1,하순,2024-01-30,18528,18550,18528,18544,16397,15734,2024-01-29,1,중순,1,하순,2024-01-30
2024-01-31,1209,마늘,-1.775,0,6750,6750,6750,6750,8156.65,6872,상승주의,82,5,상승주의,5,1,상승주의,5,2024-01-29,1,중순,1,하순,2024-01-30,10279,10098,10278,10054,12692,10341,2024-01-29,1,중순,1,하순,2024-01-30
2024-01-31,1201,양파,14.343,-1.59,1132,1118,1150,1070,1466,990,안정,98,4,안정,4,1,안정,4,2024-01-30,1,중순,1,하순,2024-01-31,2431,2429,2426,2340,2736,2162,2024-01-30,1,중순,1,하순,2024-01-31
2024-01-31,1202,대파,98.739,-0.935,2995,3227,3023,2623,1933,1507,상승심각,15,7,상승심각,7,1,상승심각,7,2024-01-30,1,중순,1,하순,2024-01-31,6790,6610,6705,6219,6088,5259,2024-01-30,1,중순,1,하순,2024-01-31
2024-02-01,1001,배추,0.461,-9.876,2177,2129.333,2392,2208,1618,2167,안정,35,4,안정,4,1,안정,4,2024-01-31,1,하순,2,상순,2024-02-01,3037,3017,3204,3167,2943,3477,,,,,,
2024-02-01,1101,무,18.663,-11.224,1188.5,1149.4,1321.9,1173,1247.9,1002,상승주의,5,5,상승주의,5,1,상승주의,5,2024-01-31,1,하순,2,상순,2024-02-01,1614,1583,1589,1551,1969,1889,,,,,,
2024-02-01,1207,건고추,14.966,0,13512,13440,13512,13512,12528,11753,상승심각,110,7,상승심각,7,1,상승심각,7,2024-01-30,1,하순,2,상순,2024-01-31,18528,18511,18528,18550,16358,15719,,,,,,
2024-02-01,1209,마늘,-2.301,0,6750,6752.8,6750,6750,8156.25,6909,상승주의,83,5,상승주의,5,1,상승주의,5,2024-01-30,1,하순,2,상순,2024-01-31,10200,9484,10279,10098,12978,10563,,,,,,
2024-02-01,1201,양파,14.343,0,1132,1159,1132,1118,1431,990,안정,99,4,안정,4,1,안정,4,2024-01-31,1,하순,2,상순,2024-02-01,2164,2103,2431,2429,2577,2096,,,,,,
2024-02-01,1202,대파,146.78,10.168,3334,3569,2995,3227,1681,1351,상승심각,16,7,상승심각,7,1,상승심각,7,2024-01-31,1,하순,2,상순,2024-02-01,6694,7188,6790,6610,5426,4932,,,,,,
2024-02-02,1001,배추,1.061,0.578,2189.667,2129.333,2177,2208,1618,2167,안정,36,4,안정,4,1,안정,4,2024-02-01,1,하순,2,상순,2024-02-02,3011,3017,3037,3167,2943,3477,,,,,,
2024-02-02,1101,무,22.455,3.154,1227.2,1149.4,1188.5,1173,1247.9,1002,상승주의,6,5,상승주의,5,1,상승주의,5,2024-02-01,1,하순,2,상순,2024-02-02,1582,1583,1614,1551,1969,1889,,,,,,
2024-02-02,1207,건고추,14.694,-0.237,13480,13440,13512,13512,12528,11753,상승심각,111,7,상승심각,7,1,상승심각,7,2024-01-31,1,하순,2,상순,2024-02-01,18511,18511,18528,18550,16358,15719,,,,,,
2024-02-02,1209,마늘,-2.301,0,6750,6752.8,6750,6750,8156.25,6909,상승주의,84,5,상승주의,5,1,안정,4,2024-01-31,1,하순,2,상순,2024-02-01,9720,9484,10200,10098,12978,10563,,,,,,
2024-02-02,1201,양파,16.263,1.651,1151,1159,1132,1118,1431,990,안정,100,4,안정,4,1,안정,4,2024-02-01,1,하순,2,상순,2024-02-02,2092,2103,2164,2429,2577,2096,,,,,,
2024-02-02,1202,대파,151.813,1.999,3402,3569,3334,3227,1681,1351,상승심각,17,7,상승심각,7,1,상승심각,7,2024-02-01,1,하순,2,상순,2024-02-02,6837,7188,6694,6610,5426,4932,,,,,,
2024-02-03,1001,배추,-5.307,-6.709,2052,2129.333,2189.667,2208,1618,2167,안정,37,4,안정,4,1,안정,4,2024-02-02,1,하순,2,상순,2024-02-03,3011,3017,3037,3167,2943,3477,,,,,,
2024-02-03,1101,무,21.557,-0.731,1218.3,1149.4,1227.2,1173,1247.9,1002,상승주의,7,5,상승주의,5,1,상승주의,5,2024-02-02,1,하순,2,상순,2024-02-03,1582,1583,1614,1551,1969,1889,,,,,,
2024-02-03,1207,건고추,14.694,0,13480,13440,13480,13512,12528,11753,상승심각,112,7,상승심각,7,1,상승심각,7,2024-02-01,1,하순,2,상순,2024-02-02,18511,18511,18511,18550,16358,15719,,,,,,
2024-02-03,1209,마늘,-2.301,0,6750,6752.8,6750,6750,8156.25,6909,상승주의,85,5,상승주의,5,1,안정,4,2024-02-01,1,하순,2,상순,2024-02-02,9290,9484,9720,10098,12978,10563,,,,,,
2024-02-03,1201,양파,16.97,0.604,1158,1159,1151,1118,1431,990,안정,101,4,안정,4,1,안정,4,2024-02-02,1,하순,2,상순,2024-02-03,2092,2103,2164,2429,2577,2096,,,,,,
2024-02-03,1202,대파,155.588,1.477,3453,3569,3402,3227,1681,1351,상승심각,18,7,상승심각,7,1,상승심각,7,2024-02-02,1,하순,2,상순,2024-02-03,6837,7188,6694,6610,5426,4932,,,,,,
2024-02-04,1001,배추,-5.307,-6.709,2052,2129.333,2189.667,2208,1618,2167,안정,37,4,안정,4,1,안정,4,2024-02-02,1,하순,2,상순,2024-02-03,3011,3017,3037,3167,2943,3477,,,,,,
2024-02-04,1101,무,21.557,-0.731,1218.3,1149.4,1227.2,1173,1247.9,1002,상승주의,7,5,상승주의,5,1,상승주의,5,2024-02-02,1,하순,2,상순,2024-02-03,1582,1583,1614,1551,1969,1889,,,,,,
2024-02-04,1207,건고추,14.694,0,13480,13440,13480,13512,12528,11753,상승심각,112,7,상승심각,7,1,상승심각,7,2024-02-01,1,하순,2,상순,2024-02-02,18511,18511,18511,18550,16358,15719,,,,,,
2024-02-04,1209,마늘,-2.301,0,6750,6752.8,6750,6750,8156.25,6909,상승주의,85,5,상승주의,5,1,안정,4,2024-02-01,1,하순,2,상순,2024-02-02,9290,9484,9720,10098,12978,10563,,,,,,
2024-02-04,1201,양파,16.97,0.604,1158,1159,1151,1118,1431,990,안정,101,4,안정,4,1,안정,4,2024-02-02,1,하순,2,상순,2024-02-03,2092,2103,2164,2429,2577,2096,,,,,,
2024-02-04,1202,대파,155.588,1.477,3453,3569,3402,3227,1681,1351,상승심각,18,7,상승심각,7,1,상승심각,7,2024-02-02,1,하순,2,상순,2024-02-03,6837,7188,6694,6610,5426,4932,,,,,,
2024-02-05,1001,배추,3.784,8.773,2249.333,2129.333,2052,2208,1618,2167,안정,38,4,안정,4,1,안정,4,2024-02-03,1,하순,2,상순,2024-02-05,3015,3017,3011,3167,2943,3477,,,,,,
2024-02-05,1101,무,14.371,-6.29,1146.2,1149.4,1218.3,1173,1247.9,1002,상승주의,8,5,상승주의,5,1,상승주의,5,2024-02-03,1,하순,2,상순,2024-02-05,1567,1583,1582,1551,1969,1889,,,,,,
2024-02-05,1207,건고추,14.694,0,13480,13440,13480,13512,12528,11753,상승심각,112,7,상승심각,7,1,상승심각,7,2024-02-01,1,하순,2,상순,2024-02-02,18511,18511,18511,18550,16358,15719,,,,,,
2024-02-05,1209,마늘,-2.301,0,6750,6752.8,6750,6750,8156.25,6909,상승주의,85,5,상승주의,5,1,안정,4,2024-02-01,1,하순,2,상순,2024-02-02,9290,9484,9720,10098,12978,10563,,,,,,
2024-02-05,1201,양파,16.869,-0.086,1157,1159,1158,1118,1431,990,안정,102,4,안정,4,1,안정,4,2024-02-03,1,하순,2,상순,2024-02-05,2127,2103,2092,2429,2577,2096,,,,,,
2024-02-05,1202,대파,186.158,10.683,3866,3569,3453,3227,1681,1351,상승심각,19,7,상승심각,7,1,상승심각,7,2024-02-03,1,하순,2,상순,2024-02-05,7104,7188,6837,6610,5426,4932,,,,,,
2024-02-06,1001,배추,11.26,6.692,2410.667,2129.333,2249.333,2208,1618,2167,안정,39,4,안정,4,1,안정,4,2024-02-05,1,하순,2,상순,2024-02-06,3004,3017,3015,3167,2943,3477,,,,,,
2024-02-06,1101,무,16.866,2.151,1171.4,1149.4,1146.2,1173,1247.9,1002,상승주의,9,5,상승주의,5,1,상승주의,5,2024-02-05,1,하순,2,상순,2024-02-06,1564,1583,1567,1551,1969,1889,,,,,,
2024-02-06,1207,건고추,14.184,-0.447,13420,13440,13480,13512,12528,11753,상승심각,113,7,상승심각,7,1,상승심각,7,2024-02-02,1,하순,2,상순,2024-02-05,18511,18511,18511,18550,16358,15719,,,,,,
2024-02-06,1209,마늘,-2.301,0,6750,6752.8,6750,6750,8156.25,6909,상승주의,86,5,상승주의,5,1,안정,4,2024-02-02,1,하순,2,상순,2024-02-05,9370,9484,9290,10098,12978,10563,,,,,,
2024-02-06,1201,양파,12.828,-3.581,1117,1159,1157,1118,1431,990,안정,103,4,안정,4,1,안정,4,2024-02-05,1,하순,2,상순,2024-02-06,2109,2103,2127,2429,2577,2096,,,,,,
2024-02-06,1202,대파,210.881,7.952,4200,3569,3866,3227,1681,1351,상승심각,20,7,상승심각,7,1,상승심각,7,2024-02-05,1,하순,2,상순,2024-02-06,7449,7188,7104,6610,5426,4932,,,,,,
2024-02-07,1001,배추,5.353,-5.592,2283,2129.333,2410.667,2208,1618,2167,안정,40,4,안정,4,1,안정,4,2024-02-06,1,하순,2,상순,2024-02-07,3008,3017,3004,3167,2943,3477,,,,,,
2024-02-07,1101,무,7.585,-8.624,1078.4,1149.4,1171.4,1173,1247.9,1002,안정,1,4,상승주의,5,1,상승주의,5,2024-02-06,1,하순,2,상순,2024-02-07,1577,1583,1564,1551,1969,1889,,,,,,
2024-02-07,1207,건고추,14.184,0,13420,13440,13420,13512,12528,11753,상승심각,114,7,상승심각,7,1,상승심각,7,2024-02-05,1,하순,2,상순,2024-02-06,18511,18511,18511,18550,16358,15719,,,,,,
2024-02-07,1209,마늘,-2.301,0,6750,6752.8,6750,6750,8156.25,6909,상승주의,87,5,상승주의,5,1,안정,4,2024-02-05,1,하순,2,상순,2024-02-06,9442,9484,9370,10098,12978,10563,,,,,,
2024-02-07,1201,양파,15.253,2.103,1141,1159,1117,1118,1431,990,안정,104,4,안정,4,1,안정,4,2024-02-06,1,하순,2,상순,2024-02-07,2103,2103,2109,2429,2577,2096,,,,,,
2024-02-07,1202,대파,190.822,-6.897,3929,3569,4200,3227,1681,1351,상승심각,21,7,상승심각,7,1,상승심각,7,2024-02-06,1,하순,2,상순,2024-02-07,7539,7188,7449,6610,5426,4932,,,,,,
2024-02-08,1001,배추,2.446,-2.822,2220.333,2129.333,2283,2208,1618,2167,안정,41,4,안정,4,1,안정,4,2024-02-07,1,하순,2,상순,2024-02-08,3028,3017,3008,3167,2943,3477,,,,,,
2024-02-08,1101,무,0.1,-7.507,1003.1,1149.4,1078.4,1173,1247.9,1002,안정,2,4,상승주의,5,1,상승주의,5,2024-02-07,1,하순,2,상순,2024-02-08,1596,1583,1577,1551,1969,1889,,,,,,
2024-02-08,1207,건고추,14.184,0,13420,13440,13420,13512,12528,11753,상승심각,115,7,상승심각,7,1,상승심각,7,2024-02-06,1,하순,2,상순,2024-02-07,18511,18511,18511,18550,16358,15719,,,,,,
2024-02-08,1209,마늘,-2.186,0.124,6758.35,6752.8,6750,6750,8156.25,6909,상승주의,88,5,상승주의,5,1,안정,4,2024-02-06,1,하순,2,상순,2024-02-07,9376,9484,9442,10098,12978,10563,,,,,,
2024-02-08,1201,양파,22.02,5.546,1208,1159,1141,1118,1431,990,안정,105,4,안정,4,1,안정,4,2024-02-07,1,하순,2,상순,2024-02-08,2022,2103,2103,2429,2577,2096,,,,,,
2024-02-08,1202,대파,149.741,-16.449,3374,3569,3929,3227,1681,1351,상승심각,22,7,상승심각,7,1,상승심각,7,2024-02-07,1,하순,2,상순,2024-02-08,7505,7188,7539,6610,5426,4932,,,,,,
2024-02-09,1201,양파,22.02,0,1208,1159,1208,1118,1431,990,안정,106,4,안정,4,1,안정,4,2024-02-08,1,하순,2,상순,2024-02-09,2022,2103,2103,2429,2577,2096,,,,,,
2024-02-09,1202,대파,121.688,-12.654,2995,3569,3374,3227,1681,1351,상승심각,23,7,상승심각,7,1,상승심각,7,2024-02-08,1,하순,2,상순,2024-02-09,7505,7188,7539,6610,5426,4932,,,,,,
2024-02-09,1001,배추,-32.995,-52.951,1451.667,2129.333,2220.333,2208,1618,2167,하락경계,1,2,안정,4,1,안정,4,2024-02-08,1,하순,2,상순,2024-02-09,3028,3017,3008,3167,2943,3477,,,,,,
2024-02-09,1101,무,15.968,13.652,1161.7,1149.4,1003.1,1173,1247.9,1002,상승주의,1,5,상승주의,5,1,상승주의,5,2024-02-08,1,하순,2,상순,2024-02-09,1596,1583,1577,1551,1969,1889,,,,,,
2024-02-09,1207,건고추,14.184,0,13420,13440,13420,13512,12528,11753,상승심각,116,7,상승심각,7,1,상승심각,7,2024-02-07,1,하순,2,상순,2024-02-08,18511,18511,18511,18550,16358,15719,,,,,,
2024-02-09,1209,마늘,-2.186,0,6758.35,6752.8,6758.35,6750,8156.25,6909,상승주의,89,5,상승주의,5,1,안정,4,2024-02-07,1,하순,2,상순,2024-02-08,9705,9484,9376,10098,12978,10563,,,,,,
2024-02-10,1001,배추,-32.995,-52.951,1451.667,2129.333,2220.333,2208,1618,2167,하락경계,1,2,안정,4,1,안정,4,2024-02-08,1,하순,2,상순,2024-02-09,3028,3017,3008,3167,2943,3477,,,,,,
2024-02-10,1101,무,15.968,13.652,1161.7,1149.4,1003.1,1173,1247.9,1002,상승주의,1,5,상승주의,5,1,상승주의,5,2024-02-08,1,하순,2,상순,2024-02-09,1596,1583,1577,1551,1969,1889,,,,,,
2024-02-10,1207,건고추,14.184,0,13420,13440,13420,13512,12528,11753,상승심각,116,7,상승심각,7,1,상승심각,7,2024-02-07,1,하순,2,상순,2024-02-08,18511,18511,18511,18550,16358,15719,,,,,,
2024-02-10,1209,마늘,-2.186,0,6758.35,6752.8,6758.35,6750,8156.25,6909,상승주의,89,5,상승주의,5,1,안정,4,2024-02-07,1,하순,2,상순,2024-02-08,9705,9484,9376,10098,12978,10563,,,,,,
2024-02-10,1201,양파,22.02,0,1208,1159,1208,1118,1431,990,안정,106,4,안정,4,1,안정,4,2024-02-08,1,하순,2,상순,2024-02-09,2022,2103,2103,2429,2577,2096,,,,,,
2024-02-10,1202,대파,121.688,-12.654,2995,3569,3374,3227,1681,1351,상승심각,23,7,상승심각,7,1,상승심각,7,2024-02-08,1,하순,2,상순,2024-02-09,7505,7188,7539,6610,5426,4932,,,,,,
2024-02-11,1001,배추,-43.059,-52.951,1451.667,2845.667,2220.333,2129,2049.667,2550,하락경계,1,2,안정,4,1,안정,4,2024-02-08,2,상순,2,중순,2024-02-09,3028,3478,3008,3017,3075,3633,,,,,,
2024-02-11,1101,무,12.271,13.652,1161.7,1122,1003.1,1149,1398.7,1035,상승주의,1,5,상승주의,5,1,상승주의,5,2024-02-08,2,상순,2,중순,2024-02-09,1596,1720,1577,1583,2056,1846,,,,,,
2024-02-11,1207,건고추,13.98,0,13420,13402.66,13420,13440,12528,11774,상승심각,116,7,상승심각,7,1,상승심각,7,2024-02-07,2,상순,2,중순,2024-02-08,18511,18511,18511,18511,16353,15711,,,,,,
2024-02-11,1209,마늘,-2.721,0,6758.35,6758.35,6758.35,6753,8162.5,6947,상승주의,89,5,상승주의,5,1,안정,4,2024-02-07,2,상순,2,중순,2024-02-08,9705,9784,9376,9484,13181,10737,,,,,,
2024-02-11,1201,양파,13.748,0,1208,1239,1208,1159,1527,1062,안정,106,4,안정,4,1,안정,4,2024-02-08,2,상순,2,중순,2024-02-09,2022,2159,2103,2103,2538,2118,,,,,,
2024-02-11,1202,대파,111.96,-12.654,2995,2847,3374,3569,1847,1413,상승심각,23,7,상승심각,7,1,상승심각,7,2024-02-08,2,상순,2,중순,2024-02-09,7505,7433,7539,7188,5011,4654,,,,,,
2024-02-12,1001,배추,-43.059,-52.951,1451.667,2845.667,2220.333,2129,2049.667,2550,하락경계,1,2,안정,4,1,안정,4,2024-02-08,2,상순,2,중순,2024-02-09,3028,3478,3008,3017,3075,3633,,,,,,
2024-02-12,1101,무,12.271,13.652,1161.7,1122,1003.1,1149,1398.7,1035,상승주의,1,5,상승주의,5,1,상승주의,5,2024-02-08,2,상순,2,중순,2024-02-09,1596,1720,1577,1583,2056,1846,,,,,,
2024-02-12,1207,건고추,13.98,0,13420,13402.66,13420,13440,12528,11774,상승심각,116,7,상승심각,7,1,상승심각,7,2024-02-07,2,상순,2,중순,2024-02-08,18511,18511,18511,18511,16353,15711,,,,,,
2024-02-12,1209,마늘,-2.721,0,6758.35,6758.35,6758.35,6753,8162.5,6947,상승주의,89,5,상승주의,5,1,안정,4,2024-02-07,2,상순,2,중순,2024-02-08,9705,9784,9376,9484,13181,10737,,,,,,
2024-02-12,1201,양파,13.748,0,1208,1239,1208,1159,1527,1062,안정,106,4,안정,4,1,안정,4,2024-02-08,2,상순,2,중순,2024-02-09,2022,2159,2103,2103,2538,2118,,,,,,
2024-02-12,1202,대파,111.96,-12.654,2995,2847,3374,3569,1847,1413,상승심각,23,7,상승심각,7,1,상승심각,7,2024-02-08,2,상순,2,중순,2024-02-09,7505,7433,7539,7188,5011,4654,,,,,,
2024-02-13,1001,배추,11.373,48.879,2839.667,2845.667,1451.667,2129,2049.667,2550,안정,1,4,안정,4,1,안정,4,2024-02-09,2,상순,2,중순,2024-02-13,3315,3478,3028,3017,3075,3633,,,,,,
2024-02-13,1101,무,19.227,5.867,1234.1,1122,1161.7,1149,1398.7,1035,상승주의,2,5,안정,4,1,상승주의,5,2024-02-09,2,상순,2,중순,2024-02-13,1721,1720,1596,1583,2056,1846,,,,,,
2024-02-13,1207,건고추,13.98,0,13420,13402.66,13420,13440,12528,11774,상승심각,116,7,상승심각,7,1,상승심각,7,2024-02-07,2,상순,2,중순,2024-02-08,18511,18511,18511,18511,16353,15711,,,,,,
2024-02-13,1209,마늘,-2.721,0,6758.35,6758.35,6758.35,6753,8162.5,6947,상승주의,89,5,상승주의,5,1,안정,4,2024-02-07,2,상순,2,중순,2024-02-08,9705,9784,9376,9484,13181,10737,,,,,,
2024-02-13,1201,양파,16.855,2.659,1241,1239,1208,1159,1527,1062,안정,107,4,안정,4,1,안정,4,2024-02-09,2,상순,2,중순,2024-02-13,2062,2159,2022,2103,2538,2118,,,,,,
2024-02-13,1202,대파,108.705,-1.56,2949,2847,2995,3569,1847,1413,상승심각,24,7,상승심각,7,1,상승심각,7,2024-02-09,2,상순,2,중순,2024-02-13,7902,7433,7505,7188,5011,4654,,,,,,
2024-02-14,1001,배추,8.588,-2.54,2769.333,2845.667,2839.667,2129,2049.667,2550,안정,2,4,안정,4,1,안정,4,2024-02-13,2,상순,2,중순,2024-02-14,3361,3478,3315,3017,3075,3633,,,,,,
2024-02-14,1101,무,13.913,-4.7,1178.7,1122,1234.1,1149,1398.7,1035,상승주의,3,5,안정,4,1,상승주의,5,2024-02-13,2,상순,2,중순,2024-02-14,1746,1720,1721,1583,2056,1846,,,,,,
2024-02-14,1207,건고추,13.98,0,13420,13402.66,13420,13440,12528,11774,상승심각,117,7,상승심각,7,1,상승심각,7,2024-02-08,2,상순,2,중순,2024-02-13,18511,18511,18511,18511,16353,15711,,,,,,
2024-02-14,1209,마늘,-2.721,0,6758.35,6758.35,6758.35,6753,8162.5,6947,상승주의,90,5,상승주의,5,1,안정,4,2024-02-08,2,상순,2,중순,2024-02-13,9649,9784,9705,9484,13181,10737,,,,,,
2024-02-14,1201,양파,13.653,-2.817,1207,1239,1241,1159,1527,1062,안정,108,4,안정,4,1,안정,4,2024-02-13,2,상순,2,중순,2024-02-14,2073,2159,2062,2103,2538,2118,,,,,,
2024-02-14,1202,대파,92.569,-8.379,2721,2847,2949,3569,1847,1413,상승심각,25,7,상승심각,7,1,상승심각,7,2024-02-13,2,상순,2,중순,2024-02-14,7935,7433,7902,7188,5011,4654,,,,,,
2024-02-15,1001,배추,19.098,8.824,3037.333,2845.667,2769.333,2129,2049.667,2550,안정,3,4,안정,4,1,안정,4,2024-02-14,2,상순,2,중순,2024-02-15,3397,3478,3361,3017,3075,3633,,,,,,
2024-02-15,1101,무,5.314,-8.098,1090.4,1122,1178.7,1149,1398.7,1035,안정,1,4,안정,4,1,상승주의,5,2024-02-14,2,상순,2,중순,2024-02-15,1690,1720,1746,1583,2056,1846,,,,,,
2024-02-15,1207,건고추,13.98,0,13420,13402.66,13420,13440,12528,11774,상승심각,118,7,상승심각,7,1,상승심각,7,2024-02-13,2,상순,2,중순,2024-02-14,18511,18511,18511,18511,16353,15711,,,,,,
2024-02-15,1209,마늘,-2.721,0,6758.35,6758.35,6758.35,6753,8162.5,6947,상승주의,91,5,상승주의,5,1,안정,4,2024-02-13,2,상순,2,중순,2024-02-14,9601,9784,9649,9484,13181,10737,,,,,,
2024-02-15,1201,양파,14.501,0.74,1216,1239,1207,1159,1527,1062,안정,109,4,안정,4,1,안정,4,2024-02-14,2,상순,2,중순,2024-02-15,2192,2159,2073,2103,2538,2118,,,,,,
2024-02-15,1202,대파,98.231,2.856,2801,2847,2721,3569,1847,1413,상승심각,26,7,상승심각,7,1,상승심각,7,2024-02-14,2,상순,2,중순,2024-02-15,7414,7433,7935,7188,5011,4654,,,,,,
2024-02-16,1001,배추,9.647,-8.618,2796.333,2845.667,3037.333,2129,2049.667,2550,안정,4,4,안정,4,1,안정,4,2024-02-15,2,상순,2,중순,2024-02-16,3520,3478,3397,3017,3075,3633,,,,,,
2024-02-16,1101,무,-1.256,-6.651,1022.4,1122,1090.4,1149,1398.7,1035,안정,2,4,안정,4,1,상승주의,5,2024-02-15,2,상순,2,중순,2024-02-16,1661,1720,1690,1583,2056,1846,,,,,,
2024-02-16,1207,건고추,13.98,0,13420,13402.66,13420,13440,12528,11774,상승심각,119,7,상승심각,7,1,상승심각,7,2024-02-14,2,상순,2,중순,2024-02-15,18511,18511,18511,18511,16353,15711,,,,,,
2024-02-16,1209,마늘,-2.721,0,6758.35,6758.35,6758.35,6753,8162.5,6947,상승주의,92,5,상승주의,5,1,안정,4,2024-02-14,2,상순,2,중순,2024-02-15,9647,9784,9601,9484,13181,10737,,,,,,
2024-02-16,1201,양파,12.994,-1.333,1200,1239,1216,1159,1527,1062,안정,110,4,안정,4,1,안정,4,2024-02-15,2,상순,2,중순,2024-02-16,2067,2159,2192,2103,2538,2118,,,,,,
2024-02-16,1202,대파,89.384,-4.671,2676,2847,2801,3569,1847,1413,상승심각,27,7,상승심각,7,1,상승심각,7,2024-02-15,2,상순,2,중순,2024-02-16,7124,7433,7414,7188,5011,4654,,,,,,
2024-02-17,1001,배추,6.706,-2.756,2721.333,2845.667,2796.333,2129,2049.667,2550,안정,5,4,안정,4,1,안정,4,2024-02-16,2,상순,2,중순,2024-02-17,3520,3478,3397,3017,3075,3633,,,,,,
2024-02-17,1101,무,-5.7,-4.743,976.1,1122,1022.4,1149,1398.7,1035,안정,3,4,안정,4,1,상승주의,5,2024-02-16,2,상순,2,중순,2024-02-17,1661,1720,1690,1583,2056,1846,,,,,,
2024-02-17,1207,건고추,13.98,0,13420,13402.66,13420,13440,12528,11774,상승심각,120,7,상승심각,7,1,상승심각,7,2024-02-15,2,상순,2,중순,2024-02-16,18511,18511,18511,18511,16353,15711,,,,,,
2024-02-17,1209,마늘,-2.721,0,6758.35,6758.35,6758.35,6753,8162.5,6947,상승주의,93,5,상승주의,5,1,안정,4,2024-02-15,2,상순,2,중순,2024-02-16,9878,9784,9647,9484,13181,10737,,,,,,
2024-02-17,1201,양파,17.891,4.153,1252,1239,1200,1159,1527,1062,안정,111,4,안정,4,1,안정,4,2024-02-16,2,상순,2,중순,2024-02-17,2067,2159,2192,2103,2538,2118,,,,,,
2024-02-17,1202,대파,90.446,0.557,2691,2847,2676,3569,1847,1413,상승심각,28,7,상승심각,7,1,상승심각,7,2024-02-16,2,상순,2,중순,2024-02-17,7124,7433,7414,7188,5011,4654,,,,,,
2024-02-18,1001,배추,6.706,-2.756,2721.333,2845.667,2796.333,2129,2049.667,2550,안정,5,4,안정,4,1,안정,4,2024-02-16,2,상순,2,중순,2024-02-17,3520,3478,3397,3017,3075,3633,,,,,,
2024-02-18,1101,무,-5.7,-4.743,976.1,1122,1022.4,1149,1398.7,1035,안정,3,4,안정,4,1,상승주의,5,2024-02-16,2,상순,2,중순,2024-02-17,1661,1720,1690,1583,2056,1846,,,,,,
2024-02-18,1207,건고추,13.98,0,13420,13402.66,13420,13440,12528,11774,상승심각,120,7,상승심각,7,1,상승심각,7,2024-02-15,2,상순,2,중순,2024-02-16,18511,18511,18511,18511,16353,15711,,,,,,
2024-02-18,1209,마늘,-2.721,0,6758.35,6758.35,6758.35,6753,8162.5,6947,상승주의,93,5,상승주의,5,1,안정,4,2024-02-15,2,상순,2,중순,2024-02-16,9878,9784,9647,9484,13181,10737,,,,,,
2024-02-18,1201,양파,17.891,4.153,1252,1239,1200,1159,1527,1062,안정,111,4,안정,4,1,안정,4,2024-02-16,2,상순,2,중순,2024-02-17,2067,2159,2192,2103,2538,2118,,,,,,
2024-02-18,1202,대파,90.446,0.557,2691,2847,2676,3569,1847,1413,상승심각,28,7,상승심각,7,1,상승심각,7,2024-02-16,2,상순,2,중순,2024-02-17,7124,7433,7414,7188,5011,4654,,,,,,
2024-02-19,1001,배추,20.078,11.135,3062.333,2845.667,2721.333,2129,2049.667,2550,상승주의,1,5,안정,4,1,안정,4,2024-02-17,2,상순,2,중순,2024-02-19,3615,3478,3520,3017,3075,3633,,,,,,
2024-02-19,1101,무,13.14,16.623,1170.7,1122,976.1,1149,1398.7,1035,상승주의,1,5,안정,4,1,상승주의,5,2024-02-17,2,상순,2,중순,2024-02-19,1743,1720,1661,1583,2056,1846,,,,,,
2024-02-19,1207,건고추,13.98,0,13420,13402.66,13420,13440,12528,11774,상승심각,120,7,상승심각,7,1,상승심각,7,2024-02-15,2,상순,2,중순,2024-02-16,18511,18511,18511,18511,16353,15711,,,,,,
2024-02-19,1209,마늘,-2.721,0,6758.35,6758.35,6758.35,6753,8162.5,6947,상승주의,93,5,상승주의,5,1,안정,4,2024-02-15,2,상순,2,중순,2024-02-16,9878,9784,9647,9484,13181,10737,,,,,,
2024-02-19,1201,양파,19.68,1.495,1271,1239,1252,1159,1527,1062,안정,112,4,안정,4,1,안정,4,2024-02-17,2,상순,2,중순,2024-02-19,2245,2159,2067,2103,2538,2118,,,,,,
2024-02-19,1202,대파,115.145,11.48,3040,2847,2691,3569,1847,1413,상승심각,29,7,상승심각,7,1,상승심각,7,2024-02-17,2,상순,2,중순,2024-02-19,7171,7433,7124,7188,5011,4654,,,,,,
2024-02-20,1001,배추,5.647,-13.686,2693.667,2845.667,3062.333,2129,2049.667,2550,안정,1,4,안정,4,1,안정,4,2024-02-19,2,상순,2,중순,2024-02-20,3657,3478,3615,3017,3075,3633,,,,,,
2024-02-20,1101,무,14.106,0.897,1181.3,1122,1170.7,1149,1398.7,1035,상승주의,2,5,안정,4,1,상승주의,5,2024-02-19,2,상순,2,중순,2024-02-20,1758,1720,1743,1583,2056,1846,,,,,,
2024-02-20,1207,건고추,13.538,-0.389,13368,13402.66,13420,13440,12528,11774,상승심각,121,7,상승심각,7,1,상승심각,7,2024-02-16,2,상순,2,중순,2024-02-19,18511,18511,18511,18511,16353,15711,,,,,,
2024-02-20,1209,마늘,-2.721,0,6758.35,6758.35,6758.35,6753,8162.5,6947,상승주의,94,5,상승주의,5,1,안정,4,2024-02-16,2,상순,2,중순,2024-02-19,9915,9784,9878,9484,13181,10737,,,,,,
2024-02-20,1201,양파,21.281,1.32,1288,1239,1271,1159,1527,1062,안정,113,4,안정,4,1,안정,4,2024-02-19,2,상순,2,중순,2024-02-20,2316,2159,2245,2103,2538,2118,,,,,,
2024-02-20,1202,대파,115.711,0.262,3048,2847,3040,3569,1847,1413,상승심각,30,7,상승심각,7,1,상승심각,7,2024-02-19,2,상순,2,중순,2024-02-20,7053,7433,7171,7188,5011,4654,,,,,,
2024-02-21,1001,배추,10.518,6.437,2879,2971,2693.667,2846,1992.667,2605,안정,2,4,안정,4,1,안정,4,2024-02-20,2,중순,2,하순,2024-02-21,3663,3815,3657,3478,3157,3891,,,,,,
2024-02-21,1101,무,27.657,4.526,1237.3,1373.7,1181.3,1122,1147.8,969,상승주의,3,5,상승주의,5,1,상승경계,6,2024-02-20,2,중순,2,하순,2024-02-21,1751,1797,1758,1720,2025,1749,,,,,,
2024-02-21,1207,건고추,13.896,0,13368,13368,13368,13403,12528,11737,상승심각,122,7,상승심각,7,1,상승심각,7,2024-02-19,2,중순,2,하순,2024-02-20,18511,18454,18511,18511,16460,15739,,,,,,
2024-02-21,1209,마늘,-2.916,0,6758.35,6751.2,6758.35,6758,8202.8,6961,상승주의,95,5,상승주의,5,1,안정,4,2024-02-19,2,중순,2,하순,2024-02-20,10014,10258,9915,9784,13190,10603,,,,,,
2024-02-21,1201,양파,6.838,3.012,1328,1388,1288,1239,1646,1243,안정,114,4,안정,4,1,안정,4,2024-02-20,2,중순,2,하순,2024-02-21,2356,2379,2316,2159,2550,2155,,,,,,
2024-02-21,1202,대파,89.728,-9.286,2789,3397,3048,2847,2044,1470,상승심각,31,7,상승심각,7,1,상승심각,7,2024-02-20,2,중순,2,하순,2024-02-21,6845,6337,7053,7433,4822,4425,,,,,,
2024-02-22,1001,배추,7.562,-2.76,2801.667,2971,2879,2846,1992.667,2605,안정,3,4,안정,4,1,안정,4,2024-02-21,2,중순,2,하순,2024-02-22,3733,3815,3663,3478,3157,3891,,,,,,
2024-02-22,1101,무,26.109,-1.219,1222.4,1373.7,1237.3,1122,1147.8,969,상승주의,4,5,상승주의,5,1,상승경계,6,2024-02-21,2,중순,2,하순,2024-02-22,1756,1797,1751,1720,2025,1749,,,,,,
2024-02-22,1207,건고추,13.896,0,13368,13368,13368,13403,12528,11737,상승심각,123,7,상승심각,7,1,상승심각,7,2024-02-20,2,중순,2,하순,2024-02-21,18511,18454,18511,18511,16460,15739,,,,,,
2024-02-22,1209,마늘,-2.916,0,6758.35,6751.2,6758.35,6758,8202.8,6961,상승주의,96,5,상승주의,5,1,안정,4,2024-02-20,2,중순,2,하순,2024-02-21,10017,10258,10014,9784,13190,10603,,,,,,
2024-02-22,1201,양파,10.459,3.277,1373,1388,1328,1239,1646,1243,안정,115,4,안정,4,1,안정,4,2024-02-21,2,중순,2,하순,2024-02-22,2375,2379,2356,2159,2550,2155,,,,,,
2024-02-22,1202,대파,103.333,6.691,2989,3397,2789,2847,2044,1470,상승심각,32,7,상승심각,7,1,상승심각,7,2024-02-21,2,중순,2,하순,2024-02-22,6531,6337,6845,7433,4822,4425,,,,,,
2024-02-23,1001,배추,11.171,3.246,2895.667,2971,2801.667,2846,1992.667,2605,안정,4,4,안정,4,1,안정,4,2024-02-22,2,중순,2,하순,2024-02-23,3770,3815,3733,3478,3157,3891,,,,,,
2024-02-23,1101,무,22.291,-3.2,1184.5,1373.7,1222.4,1122,1147.8,969,상승주의,5,5,상승주의,5,1,상승경계,6,2024-02-22,2,중순,2,하순,2024-02-23,1752,1797,1756,1720,2025,1749,,,,,,
2024-02-23,1207,건고추,13.896,0,13368,13368,13368,13403,12528,11737,상승심각,124,7,상승심각,7,1,상승심각,7,2024-02-21,2,중순,2,하순,2024-02-22,18511,18454,18511,18511,16460,15739,,,,,,
2024-02-23,1209,마늘,-3.031,-0.124,6750,6751.2,6758.35,6758,8202.8,6961,상승주의,97,5,상승주의,5,1,안정,4,2024-02-21,2,중순,2,하순,2024-02-22,10301,10258,10017,9784,13190,10603,,,,,,
2024-02-23,1201,양파,12.711,1.999,1401,1388,1373,1239,1646,1243,안정,116,4,안정,4,1,안정,4,2024-02-22,2,중순,2,하순,2024-02-23,2379,2379,2375,2159,2550,2155,,,,,,
2024-02-23,1202,대파,100.408,-1.46,2946,3397,2989,2847,2044,1470,상승심각,33,7,상승심각,7,1,상승심각,7,2024-02-22,2,중순,2,하순,2024-02-23,6379,6337,6531,7433,4822,4425,,,,,,
2024-02-24,1001,배추,19.232,6.782,3106.333,2971,2895.667,2846,1992.667,2605,상승주의,1,5,안정,4,1,안정,4,2024-02-23,2,중순,2,하순,2024-02-24,3770,3756,3733,3478,3157,3891,,,,,,
2024-02-24,1101,무,21.672,-0.432,1179.4,1373.7,1184.5,1122,1147.8,969,상승주의,6,5,상승주의,5,1,상승경계,6,2024-02-23,2,중순,2,하순,2024-02-24,1752,1771,1756,1720,2025,1749,,,,,,
2024-02-24,1207,건고추,13.896,0,13368,13368,13368,13403,12528,11737,상승심각,125,7,상승심각,7,1,상승심각,7,2024-02-22,2,중순,2,하순,2024-02-23,18511,18511,18511,18511,16460,15739,,,,,,
2024-02-24,1209,마늘,-3.031,0,6750,6751.65,6750,6758,8202.8,6961,상승주의,98,5,상승주의,5,1,안정,4,2024-02-22,2,중순,2,하순,2024-02-23,10311,10263,10301,9784,13190,10603,,,,,,
2024-02-24,1201,양파,14.964,1.959,1429,1388,1401,1239,1646,1243,상승주의,1,5,안정,4,1,안정,4,2024-02-23,2,중순,2,하순,2024-02-24,2379,2377,2375,2159,2550,2155,,,,,,
2024-02-24,1202,대파,133.469,14.161,3432,3397,2946,2847,2044,1470,상승심각,34,7,상승심각,7,1,상승심각,7,2024-02-23,2,중순,2,하순,2024-02-24,6379,6454,6531,7433,4822,4425,,,,,,
2024-02-25,1001,배추,19.232,6.782,3106.333,2971,2895.667,2846,1992.667,2605,상승주의,1,5,안정,4,1,안정,4,2024-02-23,2,중순,2,하순,2024-02-24,3770,3756,3733,3478,3157,3891,,,,,,
2024-02-25,1101,무,21.672,-0.432,1179.4,1373.7,1184.5,1122,1147.8,969,상승주의,6,5,상승주의,5,1,상승경계,6,2024-02-23,2,중순,2,하순,2024-02-24,1752,1771,1756,1720,2025,1749,,,,,,
2024-02-25,1207,건고추,13.896,0,13368,13368,13368,13403,12528,11737,상승심각,125,7,상승심각,7,1,상승심각,7,2024-02-22,2,중순,2,하순,2024-02-23,18511,18511,18511,18511,16460,15739,,,,,,
2024-02-25,1209,마늘,-3.031,0,6750,6751.65,6750,6758,8202.8,6961,상승주의,98,5,상승주의,5,1,안정,4,2024-02-22,2,중순,2,하순,2024-02-23,10311,10263,10301,9784,13190,10603,,,,,,
2024-02-25,1201,양파,14.964,1.959,1429,1388,1401,1239,1646,1243,상승주의,1,5,안정,4,1,안정,4,2024-02-23,2,중순,2,하순,2024-02-24,2379,2377,2375,2159,2550,2155,,,,,,
2024-02-25,1202,대파,133.469,14.161,3432,3397,2946,2847,2044,1470,상승심각,34,7,상승심각,7,1,상승심각,7,2024-02-23,2,중순,2,하순,2024-02-24,6379,6454,6531,7433,4822,4425,,,,,,
2024-02-26,1001,배추,15.854,-2.916,3018.333,2971,3106.333,2846,1992.667,2605,안정,1,4,안정,4,1,안정,4,2024-02-24,2,중순,2,하순,2024-02-26,3786,3756,3770,3478,3157,3891,,,,,,
2024-02-26,1101,무,64.087,25.833,1590.2,1373.7,1179.4,1122,1147.8,969,상승경계,1,6,상승주의,5,1,상승경계,6,2024-02-24,2,중순,2,하순,2024-02-26,1776,1771,1752,1720,2025,1749,,,,,,
2024-02-26,1207,건고추,13.896,0,13368,13368,13368,13403,12528,11737,상승심각,125,7,상승심각,7,1,상승심각,7,2024-02-22,2,중순,2,하순,2024-02-23,18511,18511,18511,18511,16460,15739,,,,,,
2024-02-26,1209,마늘,-3.031,0,6750,6751.65,6750,6758,8202.8,6961,상승주의,98,5,상승주의,5,1,안정,4,2024-02-22,2,중순,2,하순,2024-02-23,10311,10263,10301,9784,13190,10603,,,,,,
2024-02-26,1201,양파,15.929,0.833,1441,1388,1429,1239,1646,1243,상승주의,2,5,안정,4,1,안정,4,2024-02-24,2,중순,2,하순,2024-02-26,2386,2377,2379,2159,2550,2155,,,,,,
2024-02-26,1202,대파,141.905,3.487,3556,3397,3432,2847,2044,1470,상승심각,35,7,상승심각,7,1,상승심각,7,2024-02-24,2,중순,2,하순,2024-02-26,6280,6454,6379,7433,4822,4425,,,,,,
2024-02-27,1001,배추,17.313,1.222,3055.667,2971,3018.333,2846,1992.667,2605,상승주의,1,5,안정,4,1,안정,4,2024-02-26,2,중순,2,하순,2024-02-27,3828,3756,3786,3478,3157,3891,,,,,,
2024-02-27,1101,무,52.012,-7.971,1472.8,1373.7,1590.2,1122,1147.8,969,상승주의,1,5,상승주의,5,1,상승경계,6,2024-02-26,2,중순,2,하순,2024-02-27,1820,1771,1776,1720,2025,1749,,,,,,
2024-02-27,1207,건고추,13.896,0,13368,13368,13368,13403,12528,11737,상승심각,126,7,상승심각,7,1,상승심각,7,2024-02-23,2,중순,2,하순,2024-02-26,18511,18511,18511,18511,16460,15739,,,,,,
2024-02-27,1209,마늘,-3.031,0,6750,6751.65,6750,6758,8202.8,6961,상승주의,99,5,상승주의,5,1,안정,4,2024-02-23,2,중순,2,하순,2024-02-26,10311,10263,10311,9784,13190,10603,,,,,,
2024-02-27,1201,양파,15.366,-0.488,1434,1388,1441,1239,1646,1243,상승주의,3,5,안정,4,1,안정,4,2024-02-26,2,중순,2,하순,2024-02-27,2390,2377,2386,2159,2550,2155,,,,,,
2024-02-27,1202,대파,163.673,8.256,3876,3397,3556,2847,2044,1470,상승심각,36,7,상승심각,7,1,상승심각,7,2024-02-26,2,중순,2,하순,2024-02-27,6235,6454,6280,7433,4822,4425,,,,,,
2024-02-28,1001,배추,14.894,-2.082,2993.333,2971,3055.667,2846,1992.667,2605,안정,1,4,안정,4,1,안정,4,2024-02-27,2,중순,2,하순,2024-02-28,3828,3756,3786,3478,3157,3891,,,,,,
2024-02-28,1101,무,58.824,4.308,1539.1,1373.7,1472.8,1122,1147.8,969,상승경계,1,6,상승주의,5,1,상승경계,6,2024-02-27,2,중순,2,하순,2024-02-28,1820,1771,1776,1720,2025,1749,,,,,,
2024-02-28,1207,건고추,13.896,0,13368,13368,13368,13403,12528,11737,상승심각,127,7,상승심각,7,1,상승심각,7,2024-02-26,2,중순,2,하순,2024-02-27,18511,18511,18511,18511,16460,15739,,,,,,
2024-02-28,1209,마늘,-3.031,0,6750,6751.65,6750,6758,8202.8,6961,상승주의,100,5,상승주의,5,1,안정,4,2024-02-26,2,중순,2,하순,2024-02-27,10377,10263,10311,9784,13190,10603,,,,,,
2024-02-28,1201,양파,12.389,-2.649,1397,1388,1434,1239,1646,1243,안정,1,4,안정,4,1,안정,4,2024-02-27,2,중순,2,하순,2024-02-28,2390,2377,2386,2159,2550,2155,,,,,,
2024-02-28,1202,대파,160.408,-1.254,3828,3397,3876,2847,2044,1470,상승심각,37,7,상승심각,7,1,상승심각,7,2024-02-27,2,중순,2,하순,2024-02-28,6235,6454,6280,7433,4822,4425,,,,,,
2024-02-29,1001,배추,-0.297,0.795,3017.333,2971,2993.333,2846,1992.667,3026,안정,2,4,안정,4,1,안정,4,2024-02-28,2,중순,2,하순,2024-02-29,3828,3756,3786,3478,3157,4336,,,,,,
2024-02-29,1101,무,70.556,1.561,1563.5,1373.7,1539.1,1122,1147.8,917,상승경계,2,6,상승주의,5,1,상승경계,6,2024-02-28,2,중순,2,하순,2024-02-29,1820,1771,1776,1720,2025,1850,,,,,,
2024-02-29,1207,건고추,66.579,0,13368,13368,13368,13403,12528,8025,상승심각,127,7,상승심각,7,1,상승심각,7,2024-02-26,2,중순,2,하순,2024-02-27,18511,18511,18511,18511,16460,12597,,,,,,
2024-02-29,1209,마늘,73.077,0,6750,6751.65,6750,6758,8202.8,3900,상승주의,100,5,상승주의,5,1,안정,4,2024-02-26,2,중순,2,하순,2024-02-27,10377,10263,10311,9784,13190,7041,,,,,,
2024-02-29,1201,양파,-12.55,-7.214,1303,1388,1397,1239,1646,1490,안정,2,4,안정,4,1,안정,4,2024-02-28,2,중순,2,하순,2024-02-29,2390,2377,2386,2159,2550,1925,,,,,,
2024-02-29,1202,대파,307.809,-1.809,3760,3397,3828,2847,2044,922,상승심각,38,7,상승심각,7,1,상승심각,7,2024-02-28,2,중순,2,하순,2024-02-29,6235,6454,6280,7433,4822,3674,,,,,,
2024-03-01,1001,배추,16.716,5.036,3177.333,3416.667,3017.333,2971,2409.667,2722,상승주의,1,5,상승주의,5,1,상승주의,5,2024-02-29,2,하순,3,상순,2024-03-01,3828,3909,3786,3756,3361,3972,,,,,,
2024-03-01,1101,무,57.458,-4.31,1498.9,1198.2,1563.5,1374,1200.1,952,상승경계,3,6,상승주의,5,1,상승주의,5,2024-02-29,2,하순,3,상순,2024-03-01,1820,1907,1776,1771,1929,1699,,,,,,
2024-03-01,1207,건고추,14.061,0,13368,13388.8,13368,13368,12528,11720,상승심각,127,7,상승심각,7,1,상승심각,7,2024-02-26,2,하순,3,상순,2024-02-27,18511,18461,18511,18511,16376,15726,,,,,,
2024-03-01,1209,마늘,-2.961,0,6750,6750,6750,6752,8192.85,6956,상승주의,100,5,상승주의,5,1,안정,4,2024-02-26,2,하순,3,상순,2024-02-27,10377,9684,10311,10263,12353,10518,,,,,,
2024-03-01,1201,양파,8.278,-0.618,1295,1325,1303,1388,1789,1196,안정,3,4,안정,4,1,안정,4,2024-02-29,2,하순,3,상순,2024-03-01,2390,2377,2386,2377,2682,2381,,,,,,
2024-03-01,1202,대파,82.696,-21.134,3104,2898,3760,3397,2435,1699,상승심각,39,7,상승심각,7,1,상승심각,7,2024-02-29,2,하순,3,상순,2024-03-01,6235,5606,6280,6454,4675,4313,,,,,,
2024-03-02,1001,배추,16.716,0,3177.333,3416.667,3177.333,2971,2409.667,2722,상승주의,2,5,상승주의,5,1,상승주의,5,2024-03-01,2,하순,3,상순,2024-03-02,3828,3951,3786,3756,3361,3972,,,,,,
2024-03-02,1101,무,57.458,0,1498.9,1198.2,1498.9,1374,1200.1,952,상승경계,4,6,상승주의,5,1,상승주의,5,2024-03-01,2,하순,3,상순,2024-03-02,1820,1905,1776,1771,1929,1699,,,,,,
2024-03-02,1207,건고추,14.061,0,13368,13368,13368,13368,12528,11720,상승심각,127,7,상승심각,7,1,상승심각,7,2024-02-26,2,하순,3,상순,2024-02-27,18511,18418,18511,18511,16376,15726,,,,,,
2024-03-02,1209,마늘,-2.961,0,6750,6750,6750,6752,8192.85,6956,상승주의,100,5,상승주의,5,1,안정,4,2024-02-26,2,하순,3,상순,2024-02-27,10377,9443,10311,10263,12353,10518,,,,,,
2024-03-02,1201,양파,8.278,0,1295,1325,1295,1388,1789,1196,안정,4,4,안정,4,1,안정,4,2024-03-01,2,하순,3,상순,2024-03-02,2390,2365,2386,2377,2682,2381,,,,,,
2024-03-02,1202,대파,82.696,0,3104,2898,3104,3397,2435,1699,상승심각,40,7,상승심각,7,1,상승심각,7,2024-03-01,2,하순,3,상순,2024-03-02,6235,5656,6280,6454,4675,4313,,,,,,
2024-03-03,1001,배추,16.716,0,3177.333,3416.667,3177.333,2971,2409.667,2722,상승주의,2,5,상승주의,5,1,상승주의,5,2024-03-01,2,하순,3,상순,2024-03-02,3828,3951,3786,3756,3361,3972,,,,,,
2024-03-03,1101,무,57.458,0,1498.9,1198.2,1498.9,1374,1200.1,952,상승경계,4,6,상승주의,5,1,상승주의,5,2024-03-01,2,하순,3,상순,2024-03-02,1820,1905,1776,1771,1929,1699,,,,,,
2024-03-03,1207,건고추,14.061,0,13368,13368,13368,13368,12528,11720,상승심각,127,7,상승심각,7,1,상승심각,7,2024-02-26,2,하순,3,상순,2024-02-27,18511,18418,18511,18511,16376,15726,,,,,,
2024-03-03,1209,마늘,-2.961,0,6750,6750,6750,6752,8192.85,6956,상승주의,100,5,상승주의,5,1,안정,4,2024-02-26,2,하순,3,상순,2024-02-27,10377,9443,10311,10263,12353,10518,,,,,,
2024-03-03,1201,양파,8.278,0,1295,1325,1295,1388,1789,1196,안정,4,4,안정,4,1,안정,4,2024-03-01,2,하순,3,상순,2024-03-02,2390,2365,2386,2377,2682,2381,,,,,,
2024-03-03,1202,대파,82.696,0,3104,2898,3104,3397,2435,1699,상승심각,40,7,상승심각,7,1,상승심각,7,2024-03-01,2,하순,3,상순,2024-03-02,6235,5656,6280,6454,4675,4313,,,,,,
2024-03-04,1001,배추,23.806,5.717,3370,3416.667,3177.333,2971,2409.667,2722,상승주의,3,5,상승주의,5,1,상승주의,5,2024-03-02,2,하순,3,상순,2024-03-04,3984,3917,3828,3756,3361,3972,,,,,,
2024-03-04,1101,무,22.584,-28.396,1167.4,1198.2,1498.9,1374,1200.1,952,상승주의,1,5,상승주의,5,1,상승주의,5,2024-03-02,2,하순,3,상순,2024-03-04,1898,1900,1820,1771,1929,1699,,,,,,
2024-03-04,1207,건고추,14.061,0,13368,13385.34,13368,13368,12528,11720,상승심각,127,7,상승심각,7,1,상승심각,7,2024-02-26,2,하순,3,상순,2024-02-27,18511,18454,18511,18511,16376,15726,,,,,,
2024-03-04,1209,마늘,-2.961,0,6750,6750,6750,6752,8192.85,6956,상승주의,100,5,상승주의,5,1,안정,4,2024-02-26,2,하순,3,상순,2024-02-27,10377,9673,10311,10263,12353,10518,,,,,,
2024-03-04,1201,양파,9.448,1.07,1309,1325,1295,1388,1789,1196,안정,5,4,안정,4,1,안정,4,2024-03-02,2,하순,3,상순,2024-03-04,2352,2379,2390,2377,2682,2381,,,,,,
2024-03-04,1202,대파,76.633,-3.432,3001,2898,3104,3397,2435,1699,상승심각,41,7,상승심각,7,1,상승심각,7,2024-03-02,2,하순,3,상순,2024-03-04,5695,5633,6235,6454,4675,4313,,,,,,
2024-03-05,1001,배추,24.504,0.561,3389,3416.667,3370,2971,2409.667,2722,상승주의,4,5,상승주의,5,1,상승주의,5,2024-03-04,2,하순,3,상순,2024-03-05,3917,3917,3984,3756,3361,3972,,,,,,
2024-03-05,1101,무,6.092,-15.55,1010.3,1198.2,1167.4,1374,1200.1,952,안정,1,4,상승주의,5,1,상승주의,5,2024-03-04,2,하순,3,상순,2024-03-05,1911,1900,1898,1771,1929,1699,,,,,,
2024-03-05,1207,건고추,14.061,0,13368,13385.34,13368,13368,12528,11720,상승심각,128,7,상승심각,7,1,상승심각,7,2024-02-27,2,하순,3,상순,2024-03-04,18388,18454,18511,18511,16376,15726,,,,,,
2024-03-05,1209,마늘,-2.961,0,6750,6750,6750,6752,8192.85,6956,상승주의,101,5,상승주의,5,1,상승주의,5,2024-02-27,2,하순,3,상순,2024-03-04,9418,9673,10377,10263,12353,10518,,,,,,
2024-03-05,1201,양파,10.87,1.282,1326,1325,1309,1388,1789,1196,안정,6,4,안정,4,1,안정,4,2024-03-04,2,하순,3,상순,2024-03-05,2377,2379,2352,2377,2682,2381,,,,,,
2024-03-05,1202,대파,70.218,-3.769,2892,2898,3001,3397,2435,1699,상승심각,42,7,상승심각,7,1,상승심각,7,2024-03-04,2,하순,3,상순,2024-03-05,5616,5633,5695,6454,4675,4313,,,,,,
2024-03-06,1001,배추,26.047,1.224,3431,3416.667,3389,2971,2409.667,2722,상승주의,5,5,상승주의,5,1,상승주의,5,2024-03-05,2,하순,3,상순,2024-03-06,3917,3917,3984,3756,3361,3972,,,,,,
2024-03-06,1101,무,5.987,-0.159,1008.7,1198.2,1010.3,1374,1200.1,952,안정,2,4,상승주의,5,1,상승주의,5,2024-03-05,2,하순,3,상순,2024-03-06,1911,1900,1898,1771,1929,1699,,,,,,
2024-03-06,1207,건고추,14.061,0,13368,13385.34,13368,13368,12528,11720,상승심각,129,7,상승심각,7,1,상승심각,7,2024-03-04,2,하순,3,상순,2024-03-05,18447,18454,18388,18511,16376,15726,,,,,,
2024-03-06,1209,마늘,-2.961,0,6750,6750,6750,6752,8192.85,6956,상승주의,102,5,상승주의,5,1,상승주의,5,2024-03-04,2,하순,3,상순,2024-03-05,9467,9673,9418,10263,12353,10518,,,,,,
2024-03-06,1201,양파,11.622,0.674,1335,1325,1326,1388,1789,1196,안정,7,4,안정,4,1,안정,4,2024-03-05,2,하순,3,상순,2024-03-06,2377,2379,2352,2377,2682,2381,,,,,,
2024-03-06,1202,대파,68.275,-1.154,2859,2898,2892,3397,2435,1699,상승심각,43,7,상승심각,7,1,상승심각,7,2024-03-05,2,하순,3,상순,2024-03-06,5616,5633,5695,6454,4675,4313,,,,,,
2024-03-07,1001,배추,38.575,9.048,3772.333,3416.667,3431,2971,2409.667,2722,상승경계,1,6,상승주의,5,1,상승주의,5,2024-03-06,2,하순,3,상순,2024-03-07,3917,3917,3984,3756,3361,3972,,,,,,
2024-03-07,1101,무,10.189,3.842,1049,1198.2,1008.7,1374,1200.1,952,안정,3,4,상승주의,5,1,상승주의,5,2024-03-06,2,하순,3,상순,2024-03-07,1911,1900,1898,1771,1929,1699,,,,,,
2024-03-07,1207,건고추,14.061,0,13368,13385.34,13368,13368,12528,11720,상승심각,129,7,상승심각,7,1,상승심각,7,2024-03-04,2,하순,3,상순,2024-03-05,18447,18454,18388,18511,16376,15726,,,,,,
2024-03-07,1209,마늘,-2.961,0,6750,6750,6750,6752,8192.85,6956,상승주의,102,5,상승주의,5,1,상승주의,5,2024-03-04,2,하순,3,상순,2024-03-05,9467,9673,9418,10263,12353,10518,,,,,,
2024-03-07,1201,양파,12.291,0.596,1343,1325,1335,1388,1789,1196,안정,8,4,안정,4,1,안정,4,2024-03-06,2,하순,3,상순,2024-03-07,2377,2379,2352,2377,2682,2381,,,,,,
2024-03-07,1202,대파,66.981,-0.775,2837,2898,2859,3397,2435,1699,상승심각,44,7,상승심각,7,1,상승심각,7,2024-03-06,2,하순,3,상순,2024-03-07,5616,5633,5695,6454,4675,4313,,,,,,
2024-03-08,1001,배추,25.974,-10.013,3429,3416.667,3772.333,2971,2409.667,2722,상승주의,1,5,상승주의,5,1,상승주의,5,2024-03-07,2,하순,3,상순,2024-03-08,3851,3917,3917,3756,3361,3972,,,,,,
2024-03-08,1101,무,26.155,12.685,1201.4,1198.2,1049,1374,1200.1,952,상승주의,1,5,상승주의,5,1,상승주의,5,2024-03-07,2,하순,3,상순,2024-03-08,1891,1900,1911,1771,1929,1699,,,,,,
2024-03-08,1207,건고추,14.061,0,13368,13385.34,13368,13368,12528,11720,상승심각,129,7,상승심각,7,1,상승심각,7,2024-03-04,2,하순,3,상순,2024-03-05,18447,18454,18388,18511,16376,15726,,,,,,
2024-03-08,1209,마늘,-2.961,0,6750,6750,6750,6752,8192.85,6956,상승주의,102,5,상승주의,5,1,상승주의,5,2024-03-04,2,하순,3,상순,2024-03-05,9467,9673,9418,10263,12353,10518,,,,,,
2024-03-08,1201,양파,12.207,-0.075,1342,1325,1343,1388,1789,1196,안정,9,4,안정,4,1,안정,4,2024-03-07,2,하순,3,상순,2024-03-08,2409,2379,2377,2377,2682,2381,,,,,,
2024-03-08,1202,대파,59.388,-4.764,2708,2898,2837,3397,2435,1699,상승심각,45,7,상승심각,7,1,상승심각,7,2024-03-07,2,하순,3,상순,2024-03-08,5588,5633,5616,6454,4675,4313,,,,,,
2024-03-09,1202,대파,57.858,-0.969,2682,2898,2708,3397,2435,1699,상승심각,46,7,상승심각,7,1,상승심각,7,2024-03-08,2,하순,3,상순,2024-03-09,5588,5633,5616,6454,4675,4313,,,,,,
2024-03-09,1001,배추,31.815,4.44,3588.333,3416.667,3429,2971,2409.667,2722,상승경계,1,6,상승주의,5,1,상승주의,5,2024-03-08,2,하순,3,상순,2024-03-09,3851,3917,3917,3756,3361,3972,,,,,,
2024-03-09,1101,무,20.903,-4.406,1150.7,1198.2,1201.4,1374,1200.1,952,상승주의,2,5,상승주의,5,1,상승주의,5,2024-03-08,2,하순,3,상순,2024-03-09,1891,1900,1911,1771,1929,1699,,,,,,
2024-03-09,1207,건고추,14.505,0.387,13420,13385.34,13368,13368,12528,11720,상승심각,130,7,상승심각,7,1,상승심각,7,2024-03-05,2,하순,3,상순,2024-03-08,18527,18454,18447,18511,16376,15726,,,,,,
2024-03-09,1209,마늘,-2.961,0,6750,6750,6750,6752,8192.85,6956,상승주의,103,5,상승주의,5,1,상승주의,5,2024-03-05,2,하순,3,상순,2024-03-08,10134,9673,9467,10263,12353,10518,,,,,,
2024-03-09,1201,양파,13.378,1.032,1356,1325,1342,1388,1789,1196,안정,10,4,안정,4,1,안정,4,2024-03-08,2,하순,3,상순,2024-03-09,2409,2379,2377,2377,2682,2381,,,,,,
2024-03-10,1001,배추,31.815,4.44,3588.333,3416.667,3429,2971,2409.667,2722,상승경계,1,6,상승주의,5,1,상승주의,5,2024-03-08,2,하순,3,상순,2024-03-09,3851,3917,3917,3756,3361,3972,,,,,,
2024-03-10,1101,무,20.903,-4.406,1150.7,1198.2,1201.4,1374,1200.1,952,상승주의,2,5,상승주의,5,1,상승주의,5,2024-03-08,2,하순,3,상순,2024-03-09,1891,1900,1911,1771,1929,1699,,,,,,
2024-03-10,1207,건고추,14.505,0.387,13420,13385.34,13368,13368,12528,11720,상승심각,130,7,상승심각,7,1,상승심각,7,2024-03-05,2,하순,3,상순,2024-03-08,18527,18454,18447,18511,16376,15726,,,,,,
2024-03-10,1209,마늘,-2.961,0,6750,6750,6750,6752,8192.85,6956,상승주의,103,5,상승주의,5,1,상승주의,5,2024-03-05,2,하순,3,상순,2024-03-08,10134,9673,9467,10263,12353,10518,,,,,,
2024-03-10,1201,양파,13.378,1.032,1356,1325,1342,1388,1789,1196,안정,10,4,안정,4,1,안정,4,2024-03-08,2,하순,3,상순,2024-03-09,2409,2379,2377,2377,2682,2381,,,,,,
2024-03-10,1202,대파,57.858,-0.969,2682,2898,2708,3397,2435,1699,상승심각,46,7,상승심각,7,1,상승심각,7,2024-03-08,2,하순,3,상순,2024-03-09,5588,5633,5616,6454,4675,4313,,,,,,
2024-03-11,1001,배추,28.988,-2.729,3493,3725.667,3588.333,3417,2301.333,2708,상승주의,1,5,상승경계,6,1,상승주의,5,2024-03-09,3,상순,3,중순,2024-03-11,3628,3428,3851,3917,3575,4104,,,,,,
2024-03-11,1101,무,42.955,8.493,1257.5,1292.1,1150.7,1198,1186.5,880,상승주의,3,5,상승주의,5,1,상승주의,5,2024-03-09,3,상순,3,중순,2024-03-11,1890,1843,1891,1900,1915,1645,,,,,,
2024-03-11,1207,건고추,14.544,0.387,13420,13458.4,13368,13385,12516.66,11716,상승심각,130,7,상승심각,7,1,상승심각,7,2024-03-05,3,상순,3,중순,2024-03-08,18527,18556,18447,18454,16341,15678,,,,,,
2024-03-11,1209,마늘,-3.874,0,6750,6750,6750,6750,8150,7022,상승주의,103,5,상승주의,5,1,상승주의,5,2024-03-05,3,상순,3,중순,2024-03-08,10134,9773,9467,9673,12405,10576,,,,,,
2024-03-11,1201,양파,26.067,2.305,1388,1571,1356,1325,1546,1101,안정,11,4,상승심각,7,1,안정,4,2024-03-09,3,상순,3,중순,2024-03-11,2419,2510,2409,2379,2907,2409,,,,,,
2024-03-11,1202,대파,82.25,-2.837,2608,2497,2682,2898,1942,1431,상승심각,47,7,상승심각,7,1,상승심각,7,2024-03-09,3,상순,3,중순,2024-03-11,5599,5104,5588,5633,4523,4107,,,,,,
2024-03-12,1001,배추,24.742,-3.404,3378,3725.667,3493,3417,2301.333,2708,상승주의,2,5,상승경계,6,1,상승주의,5,2024-03-11,3,상순,3,중순,2024-03-12,3628,3428,3851,3917,3575,4104,,,,,,
2024-03-12,1101,무,56.023,8.379,1372.5,1292.1,1257.5,1198,1186.5,880,상승주의,4,5,상승주의,5,1,상승주의,5,2024-03-11,3,상순,3,중순,2024-03-12,1890,1843,1891,1900,1915,1645,,,,,,
2024-03-12,1207,건고추,14.544,0,13420,13458.4,13420,13385,12516.66,11716,상승심각,131,7,상승심각,7,1,상승심각,7,2024-03-08,3,상순,3,중순,2024-03-11,18543,18556,18527,18454,16341,15678,,,,,,
2024-03-12,1209,마늘,-3.874,0,6750,6750,6750,6750,8150,7022,상승주의,104,5,상승주의,5,1,상승주의,5,2024-03-08,3,상순,3,중순,2024-03-11,10366,9773,10134,9673,12405,10576,,,,,,
2024-03-12,1201,양파,31.153,3.878,1444,1571,1388,1325,1546,1101,상승주의,1,5,상승심각,7,1,안정,4,2024-03-11,3,상순,3,중순,2024-03-12,2419,2510,2409,2379,2907,2409,,,,,,
2024-03-12,1202,대파,74.214,-4.613,2493,2497,2608,2898,1942,1431,상승심각,48,7,상승심각,7,1,상승심각,7,2024-03-11,3,상순,3,중순,2024-03-12,5599,5104,5588,5633,4523,4107,,,,,,
2024-03-13,1001,배추,36.632,8.694,3699.667,3725.667,3378,3417,2301.333,2708,상승경계,1,6,상승경계,6,1,상승주의,5,2024-03-12,3,상순,3,중순,2024-03-13,3628,3428,3851,3917,3575,4104,,,,,,
2024-03-13,1101,무,62.386,3.947,1428.9,1292.1,1372.5,1198,1186.5,880,상승주의,5,5,상승주의,5,1,상승주의,5,2024-03-12,3,상순,3,중순,2024-03-13,1890,1843,1891,1900,1915,1645,,,,,,
2024-03-13,1207,건고추,14.544,0,13420,13458.4,13420,13385,12516.66,11716,상승심각,131,7,상승심각,7,1,상승심각,7,2024-03-08,3,상순,3,중순,2024-03-11,18543,18556,18527,18454,16341,15678,,,,,,
2024-03-13,1209,마늘,-3.874,0,6750,6750,6750,6750,8150,7022,상승주의,104,5,상승주의,5,1,상승주의,5,2024-03-08,3,상순,3,중순,2024-03-11,10366,9773,10134,9673,12405,10576,,,,,,
2024-03-13,1201,양파,33.333,1.635,1468,1571,1444,1325,1546,1101,상승주의,2,5,상승심각,7,1,안정,4,2024-03-12,3,상순,3,중순,2024-03-13,2419,2510,2409,2379,2907,2409,,,,,,
2024-03-13,1202,대파,70.161,-2.382,2435,2497,2493,2898,1942,1431,상승심각,49,7,상승심각,7,1,상승심각,7,2024-03-12,3,상순,3,중순,2024-03-13,5599,5104,5588,5633,4523,4107,,,,,,
2024-03-14,1001,배추,30.17,-4.945,3525.333,3725.667,3699.667,3417,2301.333,2708,상승주의,1,5,상승경계,6,1,상승주의,5,2024-03-13,3,상순,3,중순,2024-03-14,3628,3428,3851,3917,3575,4104,,,,,,
2024-03-14,1101,무,45.568,-11.563,1280.8,1292.1,1428.9,1198,1186.5,880,상승주의,6,5,상승주의,5,1,상승주의,5,2024-03-13,3,상순,3,중순,2024-03-14,1890,1843,1891,1900,1915,1645,,,,,,
2024-03-14,1207,건고추,14.544,0,13420,13458.4,13420,13385,12516.66,11716,상승심각,131,7,상승심각,7,1,상승심각,7,2024-03-08,3,상순,3,중순,2024-03-11,18543,18556,18527,18454,16341,15678,,,,,,
2024-03-14,1209,마늘,-3.874,0,6750,6750,6750,6750,8150,7022,상승주의,104,5,상승주의,5,1,상승주의,5,2024-03-08,3,상순,3,중순,2024-03-11,10366,9773,10134,9673,12405,10576,,,,,,
2024-03-14,1201,양파,28.701,-3.599,1417,1571,1468,1325,1546,1101,안정,1,4,상승심각,7,1,안정,4,2024-03-13,3,상순,3,중순,2024-03-14,2419,2510,2409,2379,2907,2409,,,,,,
2024-03-14,1202,대파,81.551,6.274,2598,2497,2435,2898,1942,1431,상승심각,50,7,상승심각,7,1,상승심각,7,2024-03-13,3,상순,3,중순,2024-03-14,5599,5104,5588,5633,4523,4107,,,,,,
2024-03-15,1001,배추,40.583,7.399,3807,3725.667,3525.333,3417,2301.333,2708,상승경계,1,6,상승경계,6,1,상승주의,5,2024-03-14,3,상순,3,중순,2024-03-15,3348,3428,3628,3917,3575,4104,,,,,,
2024-03-15,1101,무,47.386,1.272,1297.3,1292.1,1280.8,1198,1186.5,880,상승주의,7,5,상승주의,5,1,상승주의,5,2024-03-14,3,상순,3,중순,2024-03-15,1792,1843,1890,1900,1915,1645,,,,,,
2024-03-15,1207,건고추,14.544,0,13420,13458.4,13420,13385,12516.66,11716,상승심각,131,7,상승심각,7,1,상승심각,7,2024-03-08,3,상순,3,중순,2024-03-11,18543,18556,18527,18454,16341,15678,,,,,,
2024-03-15,1209,마늘,-3.874,0,6750,6750,6750,6750,8150,7022,상승주의,104,5,상승주의,5,1,상승주의,5,2024-03-08,3,상순,3,중순,2024-03-11,10366,9773,10134,9673,12405,10576,,,,,,
2024-03-15,1201,양파,40.872,8.64,1551,1571,1417,1325,1546,1101,상승경계,1,6,상승심각,7,1,안정,4,2024-03-14,3,상순,3,중순,2024-03-15,2356,2510,2419,2379,2907,2409,,,,,,
2024-03-15,1202,대파,78.127,-1.922,2549,2497,2598,2898,1942,1431,상승심각,51,7,상승심각,7,1,상승심각,7,2024-03-14,3,상순,3,중순,2024-03-15,4922,5104,5599,5633,4523,4107,,,,,,
2024-03-16,1001,배추,48.412,5.283,4019.333,3725.667,3807,3417,2301.333,2708,상승경계,2,6,상승경계,6,1,상승주의,5,2024-03-15,3,상순,3,중순,2024-03-16,3348,3428,3628,3917,3575,4104,,,,,,
2024-03-16,1101,무,45.114,-1.621,1276.6,1292.1,1297.3,1198,1186.5,880,상승주의,8,5,상승주의,5,1,상승주의,5,2024-03-15,3,상순,3,중순,2024-03-16,1792,1843,1890,1900,1915,1645,,,,,,
2024-03-16,1207,건고추,14.954,0.356,13468,13458.4,13420,13385,12516.66,11716,상승심각,132,7,상승심각,7,1,상승심각,7,2024-03-11,3,상순,3,중순,2024-03-15,18543,18556,18543,18454,16341,15678,,,,,,
2024-03-16,1209,마늘,-3.874,0,6750,6750,6750,6750,8150,7022,상승주의,105,5,상승주의,5,1,상승주의,5,2024-03-11,3,상순,3,중순,2024-03-15,9612,9773,10366,9673,12405,10576,,,,,,
2024-03-16,1201,양파,51.862,7.237,1672,1571,1551,1325,1546,1101,상승심각,1,7,상승심각,7,1,안정,4,2024-03-15,3,상순,3,중순,2024-03-16,2356,2510,2419,2379,2907,2409,,,,,,
2024-03-16,1202,대파,83.997,3.19,2633,2497,2549,2898,1942,1431,상승심각,52,7,상승심각,7,1,상승심각,7,2024-03-15,3,상순,3,중순,2024-03-16,4922,5104,5599,5633,4523,4107,,,,,,
2024-03-17,1001,배추,48.412,5.283,4019.333,3725.667,3807,3417,2301.333,2708,상승경계,2,6,상승경계,6,1,상승주의,5,2024-03-15,3,상순,3,중순,2024-03-16,3348,3428,3628,3917,3575,4104,,,,,,
2024-03-17,1101,무,45.114,-1.621,1276.6,1292.1,1297.3,1198,1186.5,880,상승주의,8,5,상승주의,5,1,상승주의,5,2024-03-15,3,상순,3,중순,2024-03-16,1792,1843,1890,1900,1915,1645,,,,,,
2024-03-17,1207,건고추,14.954,0.356,13468,13458.4,13420,13385,12516.66,11716,상승심각,132,7,상승심각,7,1,상승심각,7,2024-03-11,3,상순,3,중순,2024-03-15,18543,18556,18543,18454,16341,15678,,,,,,
2024-03-17,1209,마늘,-3.874,0,6750,6750,6750,6750,8150,7022,상승주의,105,5,상승주의,5,1,상승주의,5,2024-03-11,3,상순,3,중순,2024-03-15,9612,9773,10366,9673,12405,10576,,,,,,
2024-03-17,1201,양파,51.862,7.237,1672,1571,1551,1325,1546,1101,상승심각,1,7,상승심각,7,1,안정,4,2024-03-15,3,상순,3,중순,2024-03-16,2356,2510,2419,2379,2907,2409,,,,,,
2024-03-17,1202,대파,83.997,3.19,2633,2497,2549,2898,1942,1431,상승심각,52,7,상승심각,7,1,상승심각,7,2024-03-15,3,상순,3,중순,2024-03-16,4922,5104,5599,5633,4523,4107,,,,,,
2024-03-18,1001,배추,49.52,0.741,4049.333,3725.667,4019.333,3417,2301.333,2708,상승경계,3,6,상승경계,6,1,상승주의,5,2024-03-16,3,상순,3,중순,2024-03-18,3364,3428,3348,3917,3575,4104,,,,,,
2024-03-18,1101,무,41.932,-2.226,1248.8,1292.1,1276.6,1198,1186.5,880,상승주의,9,5,상승주의,5,1,상승주의,5,2024-03-16,3,상순,3,중순,2024-03-18,1841,1843,1792,1900,1915,1645,,,,,,
2024-03-18,1207,건고추,14.954,0.356,13468,13458.4,13420,13385,12516.66,11716,상승심각,132,7,상승심각,7,1,상승심각,7,2024-03-11,3,상순,3,중순,2024-03-15,18543,18556,18543,18454,16341,15678,,,,,,
2024-03-18,1209,마늘,-3.874,0,6750,6750,6750,6750,8150,7022,상승주의,105,5,상승주의,5,1,상승주의,5,2024-03-11,3,상순,3,중순,2024-03-15,9612,9773,10366,9673,12405,10576,,,,,,
2024-03-18,1201,양파,56.222,2.791,1720,1571,1672,1325,1546,1101,상승심각,2,7,상승심각,7,1,안정,4,2024-03-16,3,상순,3,중순,2024-03-18,2498,2510,2356,2379,2907,2409,,,,,,
2024-03-18,1202,대파,77.778,-3.498,2544,2497,2633,2898,1942,1431,상승심각,53,7,상승심각,7,1,상승심각,7,2024-03-16,3,상순,3,중순,2024-03-18,5010,5104,4922,5633,4523,4107,,,,,,
2024-03-19,1001,배추,38.737,-7.781,3757,3725.667,4049.333,3417,2301.333,2708,상승경계,4,6,상승경계,6,1,상승주의,5,2024-03-18,3,상순,3,중순,2024-03-19,3400,3428,3364,3917,3575,4104,,,,,,
2024-03-19,1101,무,38.523,-2.411,1219.4,1292.1,1248.8,1198,1186.5,880,상승주의,10,5,상승주의,5,1,상승주의,5,2024-03-18,3,상순,3,중순,2024-03-19,1845,1843,1841,1900,1915,1645,,,,,,
2024-03-19,1207,건고추,14.954,0,13468,13458.4,13468,13385,12516.66,11716,상승심각,133,7,상승심각,7,1,상승심각,7,2024-03-15,3,상순,3,중순,2024-03-18,18543,18556,18543,18454,16341,15678,,,,,,
2024-03-19,1209,마늘,-3.874,0,6750,6750,6750,6750,8150,7022,상승주의,106,5,상승주의,5,1,상승주의,5,2024-03-15,3,상순,3,중순,2024-03-18,9572,9773,9612,9673,12405,10576,,,,,,
2024-03-19,1201,양파,62.761,4.018,1792,1571,1720,1325,1546,1101,상승심각,3,7,상승심각,7,1,안정,4,2024-03-18,3,상순,3,중순,2024-03-19,2611,2510,2498,2379,2907,2409,,,,,,
2024-03-19,1202,대파,61.915,-9.797,2317,2497,2544,2898,1942,1431,상승심각,54,7,상승심각,7,1,상승심각,7,2024-03-18,3,상순,3,중순,2024-03-19,5051,5104,5010,5633,4523,4107,,,,,,
2024-03-20,1001,배추,40.399,1.175,3801.667,3725.667,3757,3417,2301.333,2708,상승경계,5,6,상승경계,6,1,상승주의,5,2024-03-19,3,상순,3,중순,2024-03-20,3400,3428,3400,3917,3575,4104,,,,,,
2024-03-20,1101,무,41.705,2.237,1247.3,1292.1,1219.4,1198,1186.5,880,상승주의,11,5,상승주의,5,1,상승주의,5,2024-03-19,3,상순,3,중순,2024-03-20,1849,1843,1845,1900,1915,1645,,,,,,
2024-03-20,1207,건고추,14.954,0,13468,13458.4,13468,13385,12516.66,11716,상승심각,134,7,상승심각,7,1,상승심각,7,2024-03-18,3,상순,3,중순,2024-03-19,18575,18556,18543,18454,16341,15678,,,,,,
2024-03-20,1209,마늘,-3.874,0,6750,6750,6750,6750,8150,7022,상승주의,107,5,상승주의,5,1,상승주의,5,2024-03-18,3,상순,3,중순,2024-03-19,9685,9773,9572,9673,12405,10576,,,,,,
2024-03-20,1201,양파,52.952,-6.413,1684,1571,1792,1325,1546,1101,상승심각,4,7,상승심각,7,1,안정,4,2024-03-19,3,상순,3,중순,2024-03-20,2665,2510,2611,2379,2907,2409,,,,,,
2024-03-20,1202,대파,60.447,-0.915,2296,2497,2317,2898,1942,1431,상승심각,55,7,상승심각,7,1,상승심각,7,2024-03-19,3,상순,3,중순,2024-03-20,4940,5104,5051,5633,4523,4107,,,,,,
2024-03-21,1001,배추,35.942,-3.72,3665.333,3817,3801.667,3726,2238,2696,상승경계,6,6,상승경계,6,1,상승경계,6,2024-03-20,3,중순,3,하순,2024-03-21,3462,3774,3400,3428,3551,4187,,,,,,
2024-03-21,1101,무,50.605,8.883,1368.9,1373.7,1247.3,1292,1245.9,909,상승주의,12,5,상승주의,5,1,상승주의,5,2024-03-20,3,중순,3,하순,2024-03-21,1875,1879,1849,1843,1914,1571,,,,,,
2024-03-21,1207,건고추,15.308,0,13468,13464,13468,13458,12466.22,11680,상승심각,135,7,상승심각,7,1,상승심각,7,2024-03-19,3,중순,3,하순,2024-03-20,18575,18651,18575,18556,16385,15671,,,,,,
2024-03-21,1209,마늘,-4.594,0,6750,6773.8,6750,6750,8138.9,7075,상승주의,108,5,상승주의,5,1,상승주의,5,2024-03-19,3,중순,3,하순,2024-03-20,9630,9654,9685,9773,12486,10888,,,,,,
2024-03-21,1201,양파,45.963,-2.371,1645,1603,1684,1571,1496,1127,상승심각,5,7,상승심각,7,1,상승주의,5,2024-03-20,3,중순,3,하순,2024-03-21,2537,2711,2665,2510,2915,2397,,,,,,
2024-03-21,1202,대파,83.099,-3.891,2210,2168,2296,2497,1547,1207,상승경계,1,6,상승경계,6,1,상승경계,6,2024-03-20,3,중순,3,하순,2024-03-21,4858,4829,4940,5104,4108,3658,,,,,,
2024-03-22,1001,배추,40.096,2.956,3777,3817,3665.333,3726,2238,2696,상승경계,7,6,상승경계,6,1,상승경계,6,2024-03-21,3,중순,3,하순,2024-03-22,3611,3774,3462,3428,3551,4187,,,,,,
2024-03-22,1101,무,42.684,-5.56,1296.8,1373.7,1368.9,1292,1245.9,909,상승주의,13,5,상승주의,5,1,상승주의,5,2024-03-21,3,중순,3,하순,2024-03-22,1869,1879,1875,1843,1914,1571,,,,,,
2024-03-22,1207,건고추,15.308,0,13468,13464,13468,13458,12466.22,11680,상승심각,136,7,상승심각,7,1,상승심각,7,2024-03-20,3,중순,3,하순,2024-03-21,18575,18651,18575,18556,16385,15671,,,,,,
2024-03-22,1209,마늘,-4.594,0,6750,6773.8,6750,6750,8138.9,7075,상승주의,109,5,상승주의,5,1,상승주의,5,2024-03-20,3,중순,3,하순,2024-03-21,9410,9654,9630,9773,12486,10888,,,,,,
2024-03-22,1201,양파,41.26,-3.329,1592,1603,1645,1571,1496,1127,상승심각,6,7,상승심각,7,1,상승주의,5,2024-03-21,3,중순,3,하순,2024-03-22,2651,2711,2537,2510,2915,2397,,,,,,
2024-03-22,1202,대파,84.093,0.54,2222,2168,2210,2497,1547,1207,상승경계,2,6,상승경계,6,1,상승경계,6,2024-03-21,3,중순,3,하순,2024-03-22,4915,4829,4858,5104,4108,3658,,,,,,
2024-03-23,1001,배추,33.383,-5.024,3596.333,3817,3777,3726,2238,2696,상승경계,8,6,상승경계,6,1,상승경계,6,2024-03-22,3,중순,3,하순,2024-03-23,3611,3774,3462,3428,3551,4187,,,,,,
2024-03-23,1101,무,34.543,-6.069,1222.6,1373.7,1296.8,1292,1245.9,909,상승주의,14,5,상승주의,5,1,상승주의,5,2024-03-22,3,중순,3,하순,2024-03-23,1869,1879,1875,1843,1914,1571,,,,,,
2024-03-23,1207,건고추,15.753,0.385,13520,13464,13468,13458,12466.22,11680,상승심각,137,7,상승심각,7,1,상승심각,7,2024-03-21,3,중순,3,하순,2024-03-22,18575,18651,18575,18556,16385,15671,,,,,,
2024-03-23,1209,마늘,-4.594,0,6750,6773.8,6750,6750,8138.9,7075,상승주의,110,5,상승주의,5,1,상승주의,5,2024-03-21,3,중순,3,하순,2024-03-22,9608,9654,9410,9773,12486,10888,,,,,,
2024-03-23,1201,양파,30.967,-7.859,1476,1603,1592,1571,1496,1127,상승주의,1,5,상승심각,7,1,상승주의,5,2024-03-22,3,중순,3,하순,2024-03-23,2651,2711,2537,2510,2915,2397,,,,,,
2024-03-23,1202,대파,78.956,-2.87,2160,2168,2222,2497,1547,1207,상승경계,3,6,상승경계,6,1,상승경계,6,2024-03-22,3,중순,3,하순,2024-03-23,4915,4829,4858,5104,4108,3658,,,,,,
2024-03-24,1001,배추,33.383,-5.024,3596.333,3817,3777,3726,2238,2696,상승경계,8,6,상승경계,6,1,상승경계,6,2024-03-22,3,중순,3,하순,2024-03-23,3611,3774,3462,3428,3551,4187,,,,,,
2024-03-24,1101,무,34.543,-6.069,1222.6,1373.7,1296.8,1292,1245.9,909,상승주의,14,5,상승주의,5,1,상승주의,5,2024-03-22,3,중순,3,하순,2024-03-23,1869,1879,1875,1843,1914,1571,,,,,,
2024-03-24,1207,건고추,15.753,0.385,13520,13464,13468,13458,12466.22,11680,상승심각,137,7,상승심각,7,1,상승심각,7,2024-03-21,3,중순,3,하순,2024-03-22,18575,18651,18575,18556,16385,15671,,,,,,
2024-03-24,1209,마늘,-4.594,0,6750,6773.8,6750,6750,8138.9,7075,상승주의,110,5,상승주의,5,1,상승주의,5,2024-03-21,3,중순,3,하순,2024-03-22,9608,9654,9410,9773,12486,10888,,,,,,
2024-03-24,1201,양파,30.967,-7.859,1476,1603,1592,1571,1496,1127,상승주의,1,5,상승심각,7,1,상승주의,5,2024-03-22,3,중순,3,하순,2024-03-23,2651,2711,2537,2510,2915,2397,,,,,,
2024-03-24,1202,대파,78.956,-2.87,2160,2168,2222,2497,1547,1207,상승경계,3,6,상승경계,6,1,상승경계,6,2024-03-22,3,중순,3,하순,2024-03-23,4915,4829,4858,5104,4108,3658,,,,,,
2024-03-25,1001,배추,41.061,5.443,3803.333,3817,3596.333,3726,2238,2696,상승경계,9,6,상승경계,6,1,상승경계,6,2024-03-23,3,중순,3,하순,2024-03-25,3798,3774,3611,3428,3551,4187,,,,,,
2024-03-25,1101,무,35.204,0.496,1228.7,1373.7,1222.6,1292,1245.9,909,상승주의,15,5,상승주의,5,1,상승주의,5,2024-03-23,3,중순,3,하순,2024-03-25,1858,1879,1869,1843,1914,1571,,,,,,
2024-03-25,1207,건고추,15.753,0.385,13520,13464,13468,13458,12466.22,11680,상승심각,137,7,상승심각,7,1,상승심각,7,2024-03-21,3,중순,3,하순,2024-03-22,18575,18651,18575,18556,16385,15671,,,,,,
2024-03-25,1209,마늘,-4.594,0,6750,6773.8,6750,6750,8138.9,7075,상승주의,110,5,상승주의,5,1,상승주의,5,2024-03-21,3,중순,3,하순,2024-03-22,9608,9654,9410,9773,12486,10888,,,,,,
2024-03-25,1201,양파,26.619,-3.434,1427,1603,1476,1571,1496,1127,상승주의,2,5,상승심각,7,1,상승주의,5,2024-03-23,3,중순,3,하순,2024-03-25,2751,2711,2651,2510,2915,2397,,,,,,
2024-03-25,1202,대파,68.186,-6.404,2030,2168,2160,2497,1547,1207,안정,1,4,상승경계,6,1,상승경계,6,2024-03-23,3,중순,3,하순,2024-03-25,4908,4829,4915,5104,4108,3658,,,,,,
2024-03-26,1202,대파,78.128,5.581,2150,2168,2030,2497,1547,1207,상승경계,1,6,상승경계,6,1,상승경계,6,2024-03-25,3,중순,3,하순,2024-03-26,4796,4829,4908,5104,4108,3658,,,,,,
2024-03-26,1001,배추,39.763,-0.929,3768.333,3817,3803.333,3726,2238,2696,상승경계,10,6,상승경계,6,1,상승경계,6,2024-03-25,3,중순,3,하순,2024-03-26,3785,3774,3798,3428,3551,4187,,,,,,
2024-03-26,1101,무,40.044,3.503,1273.3,1373.7,1228.7,1292,1245.9,909,상승주의,16,5,상승주의,5,1,상승주의,5,2024-03-25,3,중순,3,하순,2024-03-26,1869,1879,1858,1843,1914,1571,,,,,,
2024-03-26,1207,건고추,15.171,-0.506,13452,13464,13520,13458,12466.22,11680,상승심각,138,7,상승심각,7,1,상승심각,7,2024-03-22,3,중순,3,하순,2024-03-25,18658,18651,18575,18556,16385,15671,,,,,,
2024-03-26,1209,마늘,-4.127,0.492,6783.35,6773.8,6750,6750,8138.9,7075,상승주의,111,5,상승주의,5,1,상승주의,5,2024-03-22,3,중순,3,하순,2024-03-25,9866,9654,9608,9773,12486,10888,,,,,,
2024-03-26,1201,양파,29.547,2.26,1460,1603,1427,1571,1496,1127,상승주의,3,5,상승심각,7,1,상승주의,5,2024-03-25,3,중순,3,하순,2024-03-26,2772,2711,2751,2510,2915,2397,,,,,,
2024-03-27,1001,배추,41.914,1.516,3826.333,3817,3768.333,3726,2238,2696,상승경계,11,6,상승경계,6,1,상승경계,6,2024-03-26,3,중순,3,하순,2024-03-27,3851,3774,3785,3428,3551,4187,,,,,,
2024-03-27,1101,무,52.255,8.018,1384.3,1373.7,1273.3,1292,1245.9,909,상승주의,17,5,상승주의,5,1,상승주의,5,2024-03-26,3,중순,3,하순,2024-03-27,1888,1879,1869,1843,1914,1571,,,,,,
2024-03-27,1207,건고추,15.171,0,13452,13464,13452,13458,12466.22,11680,상승심각,139,7,상승심각,7,1,상승심각,7,2024-03-25,3,중순,3,하순,2024-03-26,18658,18651,18658,18556,16385,15671,,,,,,
2024-03-27,1209,마늘,-4.127,0,6783.35,6773.8,6783.35,6750,8138.9,7075,상승주의,112,5,상승주의,5,1,상승주의,5,2024-03-25,3,중순,3,하순,2024-03-26,9926,9654,9866,9773,12486,10888,,,,,,
2024-03-27,1201,양파,21.917,-6.259,1374,1603,1460,1571,1496,1127,안정,1,4,상승심각,7,1,상승주의,5,2024-03-26,3,중순,3,하순,2024-03-27,2765,2711,2772,2510,2915,2397,,,,,,
2024-03-27,1202,대파,81.939,2.095,2196,2168,2150,2497,1547,1207,상승경계,2,6,상승경계,6,1,상승경계,6,2024-03-26,3,중순,3,하순,2024-03-27,4744,4829,4796,5104,4108,3658,,,,,,
2024-03-28,1001,배추,40.319,-1.154,3782.667,3817,3826.333,3726,2238,2696,상승경계,12,6,상승경계,6,1,상승경계,6,2024-03-27,3,중순,3,하순,2024-03-28,3941,3774,3851,3428,3551,4187,,,,,,
2024-03-28,1101,무,91.309,20.383,1738.7,1373.7,1384.3,1292,1245.9,909,상승심각,1,7,상승주의,5,1,상승주의,5,2024-03-27,3,중순,3,하순,2024-03-28,1892,1879,1888,1843,1914,1571,,,,,,
2024-03-28,1207,건고추,15.171,0,13452,13464,13452,13458,12466.22,11680,상승심각,140,7,상승심각,7,1,상승심각,7,2024-03-26,3,중순,3,하순,2024-03-27,18658,18651,18658,18556,16385,15671,,,,,,
2024-03-28,1209,마늘,-4.127,0,6783.35,6773.8,6783.35,6750,8138.9,7075,상승주의,113,5,상승주의,5,1,상승주의,5,2024-03-26,3,중순,3,하순,2024-03-27,9965,9654,9926,9773,12486,10888,,,,,,
2024-03-28,1201,양파,39.042,12.317,1567,1603,1374,1571,1496,1127,상승심각,1,7,상승심각,7,1,상승주의,5,2024-03-27,3,중순,3,하순,2024-03-28,2746,2711,2765,2510,2915,2397,,,,,,
2024-03-28,1202,대파,82.187,0.136,2199,2168,2196,2497,1547,1207,상승경계,3,6,상승경계,6,1,상승경계,6,2024-03-27,3,중순,3,하순,2024-03-28,4839,4829,4744,5104,4108,3658,,,,,,
2024-03-29,1001,배추,48.961,5.81,4016,3817,3782.667,3726,2238,2696,상승경계,13,6,상승경계,6,1,상승경계,6,2024-03-28,3,중순,3,하순,2024-03-29,3973,3774,3941,3428,3551,4187,,,,,,
2024-03-29,1101,무,66.117,-15.184,1509.5,1373.7,1738.7,1292,1245.9,909,상승경계,1,6,상승주의,5,1,상승주의,5,2024-03-28,3,중순,3,하순,2024-03-29,1901,1879,1892,1843,1914,1571,,,,,,
2024-03-29,1207,건고추,15.171,0,13452,13464,13452,13458,12466.22,11680,상승심각,141,7,상승심각,7,1,상승심각,7,2024-03-27,3,중순,3,하순,2024-03-28,18740,18651,18658,18556,16385,15671,,,,,,
2024-03-29,1209,마늘,-4.127,0,6783.35,6773.8,6783.35,6750,8138.9,7075,상승주의,114,5,상승주의,5,1,상승주의,5,2024-03-27,3,중순,3,하순,2024-03-28,9743,9654,9965,9773,12486,10888,,,,,,
2024-03-29,1201,양파,61.934,14.137,1825,1603,1567,1571,1496,1127,상승심각,2,7,상승심각,7,1,상승주의,5,2024-03-28,3,중순,3,하순,2024-03-29,2758,2711,2746,2510,2915,2397,,,,,,
2024-03-29,1202,대파,77.63,-2.565,2144,2168,2199,2497,1547,1207,상승경계,4,6,상승경계,6,1,상승경계,6,2024-03-28,3,중순,3,하순,2024-03-29,4742,4829,4839,5104,4108,3658,,,,,,
2024-03-30,1001,배추,52.745,2.469,4117.667,3817,4016,3726,2238,2696,상승경계,14,6,상승경계,6,1,상승경계,6,2024-03-29,3,중순,3,하순,2024-03-30,3973,3774,3941,3428,3551,4187,,,,,,
2024-03-30,1101,무,47.415,-12.616,1340.4,1373.7,1509.5,1292,1245.9,909,상승주의,1,5,상승주의,5,1,상승주의,5,2024-03-29,3,중순,3,하순,2024-03-30,1901,1879,1892,1843,1914,1571,,,,,,
2024-03-30,1207,건고추,15.171,0,13452,13464,13452,13458,12466.22,11680,상승심각,142,7,상승심각,7,1,상승심각,7,2024-03-28,3,중순,3,하순,2024-03-29,18693,18651,18740,18556,16385,15671,,,,,,
2024-03-30,1209,마늘,-4.127,0,6783.35,6773.8,6783.35,6750,8138.9,7075,상승주의,115,5,상승주의,5,1,상승주의,5,2024-03-28,3,중순,3,하순,2024-03-29,9059,9654,9743,9773,12486,10888,,,,,,
2024-03-30,1201,양파,82.875,11.451,2061,1603,1825,1571,1496,1127,상승심각,3,7,상승심각,7,1,상승주의,5,2024-03-29,3,중순,3,하순,2024-03-30,2758,2711,2746,2510,2915,2397,,,,,,
2024-03-30,1202,대파,82.684,2.766,2205,2168,2144,2497,1547,1207,상승경계,5,6,상승경계,6,1,상승경계,6,2024-03-29,3,중순,3,하순,2024-03-30,4742,4829,4839,5104,4108,3658,,,,,,
2024-03-31,1001,배추,52.745,2.469,4117.667,3817,4016,3726,2238,2696,상승경계,14,6,상승경계,6,1,상승경계,6,2024-03-29,3,중순,3,하순,2024-03-30,3973,3774,3941,3428,3551,4187,,,,,,
2024-03-31,1101,무,47.415,-12.616,1340.4,1373.7,1509.5,1292,1245.9,909,상승주의,1,5,상승주의,5,1,상승주의,5,2024-03-29,3,중순,3,하순,2024-03-30,1901,1879,1892,1843,1914,1571,,,,,,
2024-03-31,1207,건고추,15.171,0,13452,13464,13452,13458,12466.22,11680,상승심각,142,7,상승심각,7,1,상승심각,7,2024-03-28,3,중순,3,하순,2024-03-29,18693,18651,18740,18556,16385,15671,,,,,,
2024-03-31,1209,마늘,-4.127,0,6783.35,6773.8,6783.35,6750,8138.9,7075,상승주의,115,5,상승주의,5,1,상승주의,5,2024-03-28,3,중순,3,하순,2024-03-29,9059,9654,9743,9773,12486,10888,,,,,,
2024-03-31,1201,양파,82.875,11.451,2061,1603,1825,1571,1496,1127,상승심각,3,7,상승심각,7,1,상승주의,5,2024-03-29,3,중순,3,하순,2024-03-30,2758,2711,2746,2510,2915,2397,,,,,,
2024-03-31,1202,대파,82.684,2.766,2205,2168,2144,2497,1547,1207,상승경계,5,6,상승경계,6,1,상승경계,6,2024-03-29,3,중순,3,하순,2024-03-30,4742,4829,4839,5104,4108,3658,,,,,,
2024-04-01,1001,배추,40.848,-0.024,4116.667,4615,4117.667,3817,3049,2923,상승경계,15,6,상승경계,6,1,상승경계,6,2024-03-30,3,하순,4,상순,2024-04-01,4073,4226,3973,3774,3618,4322,,,,,,
2024-04-01,1101,무,65.366,4.209,1399.3,1307.6,1340.4,1374,1407.9,846,상승주의,2,5,상승주의,5,1,상승주의,5,2024-03-30,3,하순,4,상순,2024-04-01,1914,1942,1901,1879,1934,1554,,,,,,
2024-04-01,1207,건고추,15.736,0,13452,13452,13452,13464,12436,11623,상승심각,142,7,상승심각,7,1,상승심각,7,2024-03-28,3,하순,4,상순,2024-03-29,18693,18640,18740,18651,16309,15599,,,,,,
2024-04-01,1209,마늘,-3.719,0,6783.35,6773.8,6783.35,6774,8061.1,7045,상승주의,115,5,상승주의,5,1,상승주의,5,2024-03-28,3,하순,4,상순,2024-03-29,9059,9069,9743,9654,12371,11034,,,,,,
2024-04-01,1201,양파,75.393,-2.537,2010,1657,2061,1603,1505,1146,상승심각,4,7,상승심각,7,1,상승심각,7,2024-03-30,3,하순,4,상순,2024-04-01,2763,2783,2758,2711,2874,2351,,,,,,
2024-04-01,1202,대파,90.949,-2.463,2152,1969,2205,2168,1413,1127,상승경계,6,6,안정,4,1,안정,4,2024-03-30,3,하순,4,상순,2024-04-01,4686,4381,4742,4829,3741,3406,,,,,,
2024-04-02,1001,배추,42.217,0.978,4157.333,4615,4116.667,3817,3049,2923,상승경계,16,6,상승경계,6,1,상승경계,6,2024-04-01,3,하순,4,상순,2024-04-02,4046,4226,4073,3774,3618,4322,,,,,,
2024-04-02,1101,무,65.366,0.007,1399.4,1307.6,1399.3,1374,1407.9,846,상승주의,3,5,상승주의,5,1,상승주의,5,2024-04-01,3,하순,4,상순,2024-04-02,1930,1942,1914,1879,1934,1554,,,,,,
2024-04-02,1207,건고추,15.736,0,13452,13452,13452,13464,12436,11623,상승심각,143,7,상승심각,7,1,상승심각,7,2024-03-29,3,하순,4,상순,2024-04-01,18640,18640,18693,18651,16309,15599,,,,,,
2024-04-02,1209,마늘,-3.719,0,6783.35,6773.8,6783.35,6774,8061.1,7045,상승주의,116,5,상승주의,5,1,상승주의,5,2024-03-29,3,하순,4,상순,2024-04-01,9382,9069,9059,9654,12371,11034,,,,,,
2024-04-02,1201,양파,43.106,-22.561,1640,1657,2010,1603,1505,1146,상승심각,5,7,상승심각,7,1,상승심각,7,2024-04-01,3,하순,4,상순,2024-04-02,2739,2783,2763,2711,2874,2351,,,,,,
2024-04-02,1202,대파,95.475,2.315,2203,1969,2152,2168,1413,1127,상승경계,7,6,안정,4,1,안정,4,2024-04-01,3,하순,4,상순,2024-04-02,4573,4381,4686,4829,3741,3406,,,,,,
2024-04-03,1001,배추,55.251,8.388,4538,4615,4157.333,3817,3049,2923,상승경계,17,6,상승경계,6,1,상승경계,6,2024-04-02,3,하순,4,상순,2024-04-03,4126,4226,4046,3774,3618,4322,,,,,,
2024-04-03,1101,무,63.239,-1.325,1381.1,1307.6,1399.4,1374,1407.9,846,상승주의,4,5,상승주의,5,1,상승주의,5,2024-04-02,3,하순,4,상순,2024-04-03,1929,1942,1930,1879,1934,1554,,,,,,
2024-04-03,1207,건고추,15.736,0,13452,13452,13452,13464,12436,11623,상승심각,144,7,상승심각,7,1,상승심각,7,2024-04-01,3,하순,4,상순,2024-04-02,18640,18640,18640,18651,16309,15599,,,,,,
2024-04-03,1209,마늘,-3.719,0,6783.35,6773.8,6783.35,6774,8061.1,7045,상승주의,117,5,상승주의,5,1,상승주의,5,2024-04-01,3,하순,4,상순,2024-04-02,9636,9069,9382,9654,12371,11034,,,,,,
2024-04-03,1201,양파,43.717,0.425,1647,1657,1640,1603,1505,1146,상승심각,6,7,상승심각,7,1,상승심각,7,2024-04-02,3,하순,4,상순,2024-04-03,2757,2783,2739,2711,2874,2351,,,,,,
2024-04-03,1202,대파,79.681,-8.79,2025,1969,2203,2168,1413,1127,안정,1,4,안정,4,1,안정,4,2024-04-02,3,하순,4,상순,2024-04-03,4438,4381,4573,4829,3741,3406,,,,,,
2024-04-04,1001,배추,54.054,-0.785,4502.667,4615,4538,3817,3049,2923,상승경계,18,6,상승경계,6,1,상승경계,6,2024-04-03,3,하순,4,상순,2024-04-04,4244,4226,4126,3774,3618,4322,,,,,,
2024-04-04,1101,무,48.227,-10.1,1254.4,1307.6,1381.1,1374,1407.9,846,상승주의,5,5,상승주의,5,1,상승주의,5,2024-04-03,3,하순,4,상순,2024-04-04,1948,1942,1929,1879,1934,1554,,,,,,
2024-04-04,1207,건고추,15.736,0,13452,13452,13452,13464,12436,11623,상승심각,145,7,상승심각,7,1,상승심각,7,2024-04-02,3,하순,4,상순,2024-04-03,18640,18640,18640,18651,16309,15599,,,,,,
2024-04-04,1209,마늘,-3.719,0,6783.35,6773.8,6783.35,6774,8061.1,7045,상승주의,118,5,상승주의,5,1,상승주의,5,2024-04-02,3,하순,4,상순,2024-04-03,9454,9069,9636,9654,12371,11034,,,,,,
2024-04-04,1201,양파,47.382,2.487,1689,1657,1647,1603,1505,1146,상승심각,7,7,상승심각,7,1,상승심각,7,2024-04-03,3,하순,4,상순,2024-04-04,2794,2783,2757,2711,2874,2351,,,,,,
2024-04-04,1202,대파,88.376,4.616,2123,1969,2025,2168,1413,1127,상승경계,1,6,안정,4,1,안정,4,2024-04-03,3,하순,4,상순,2024-04-04,4364,4381,4438,4829,3741,3406,,,,,,
2024-04-05,1207,건고추,15.736,0,13452,13452,13452,13464,12436,11623,상승심각,146,7,상승심각,7,1,상승심각,7,2024-04-03,3,하순,4,상순,2024-04-04,18640,18640,18640,18651,16309,15599,,,,,,
2024-04-05,1209,마늘,-3.719,0,6783.35,6773.8,6783.35,6774,8061.1,7045,상승주의,119,5,상승주의,5,1,상승주의,5,2024-04-03,3,하순,4,상순,2024-04-04,8806,9069,9454,9654,12371,11034,,,,,,
2024-04-05,1201,양파,54.188,4.414,1767,1657,1689,1603,1505,1146,상승심각,8,7,상승심각,7,1,상승심각,7,2024-04-04,3,하순,4,상순,2024-04-05,2790,2783,2794,2711,2874,2351,,,,,,
2024-04-05,1202,대파,78.793,-5.36,2015,1969,2123,2168,1413,1127,안정,1,4,안정,4,1,안정,4,2024-04-04,3,하순,4,상순,2024-04-05,4138,4381,4364,4829,3741,3406,,,,,,
2024-04-05,1001,배추,50.086,-2.629,4387.333,4615,4502.667,3817,3049,2923,상승경계,19,6,상승경계,6,1,상승경계,6,2024-04-04,3,하순,4,상순,2024-04-05,4318,4226,4244,3774,3618,4322,,,,,,
2024-04-05,1101,무,34.515,-10.199,1138.3,1307.6,1254.4,1374,1407.9,846,상승주의,6,5,상승주의,5,1,상승주의,5,2024-04-04,3,하순,4,상순,2024-04-05,1905,1942,1948,1879,1934,1554,,,,,,
2024-04-06,1001,배추,48.546,-1.052,4341.667,4615,4387.333,3817,3049,2923,상승경계,20,6,상승경계,6,1,상승경계,6,2024-04-05,3,하순,4,상순,2024-04-06,4318,4226,4244,3774,3618,4322,,,,,,
2024-04-06,1101,무,25.532,-7.225,1061.6,1307.6,1138.3,1374,1407.9,846,안정,1,4,상승주의,5,1,상승주의,5,2024-04-05,3,하순,4,상순,2024-04-06,1905,1942,1948,1879,1934,1554,,,,,,
2024-04-06,1207,건고추,15.736,0,13452,13452,13452,13464,12436,11623,상승심각,147,7,상승심각,7,1,상승심각,7,2024-04-04,3,하순,4,상순,2024-04-05,18640,18640,18640,18651,16309,15599,,,,,,
2024-04-06,1209,마늘,-3.719,0,6783.35,6773.8,6783.35,6774,8061.1,7045,상승주의,120,5,상승주의,5,1,상승주의,5,2024-04-04,3,하순,4,상순,2024-04-05,8630,9069,8806,9654,12371,11034,,,,,,
2024-04-06,1201,양파,39.354,-10.645,1597,1657,1767,1603,1505,1146,상승심각,9,7,상승심각,7,1,상승심각,7,2024-04-05,3,하순,4,상순,2024-04-06,2790,2783,2794,2711,2874,2351,,,,,,
2024-04-06,1202,대파,70.896,-4.621,1926,1969,2015,2168,1413,1127,안정,2,4,안정,4,1,안정,4,2024-04-05,3,하순,4,상순,2024-04-06,4138,4381,4364,4829,3741,3406,,,,,,
2024-04-07,1001,배추,48.546,-1.052,4341.667,4615,4387.333,3817,3049,2923,상승경계,20,6,상승경계,6,1,상승경계,6,2024-04-05,3,하순,4,상순,2024-04-06,4318,4226,4244,3774,3618,4322,,,,,,
2024-04-07,1101,무,25.532,-7.225,1061.6,1307.6,1138.3,1374,1407.9,846,안정,1,4,상승주의,5,1,상승주의,5,2024-04-05,3,하순,4,상순,2024-04-06,1905,1942,1948,1879,1934,1554,,,,,,
2024-04-07,1207,건고추,15.736,0,13452,13452,13452,13464,12436,11623,상승심각,147,7,상승심각,7,1,상승심각,7,2024-04-04,3,하순,4,상순,2024-04-05,18640,18640,18640,18651,16309,15599,,,,,,
2024-04-07,1209,마늘,-3.719,0,6783.35,6773.8,6783.35,6774,8061.1,7045,상승주의,120,5,상승주의,5,1,상승주의,5,2024-04-04,3,하순,4,상순,2024-04-05,8630,9069,8806,9654,12371,11034,,,,,,
2024-04-07,1201,양파,39.354,-10.645,1597,1657,1767,1603,1505,1146,상승심각,9,7,상승심각,7,1,상승심각,7,2024-04-05,3,하순,4,상순,2024-04-06,2790,2783,2794,2711,2874,2351,,,,,,
2024-04-07,1202,대파,70.896,-4.621,1926,1969,2015,2168,1413,1127,안정,2,4,안정,4,1,안정,4,2024-04-05,3,하순,4,상순,2024-04-06,4138,4381,4364,4829,3741,3406,,,,,,
2024-04-08,1001,배추,65.618,10.308,4840.667,4615,4341.667,3817,3049,2923,상승심각,1,7,상승경계,6,1,상승경계,6,2024-04-06,3,하순,4,상순,2024-04-08,4347,4226,4318,3774,3618,4322,,,,,,
2024-04-08,1101,무,60.402,21.751,1356.7,1307.6,1061.6,1374,1407.9,846,상승주의,1,5,상승주의,5,1,상승주의,5,2024-04-06,3,하순,4,상순,2024-04-08,1978,1942,1905,1879,1934,1554,,,,,,
2024-04-08,1207,건고추,15.736,0,13452,13452,13452,13464,12436,11623,상승심각,147,7,상승심각,7,1,상승심각,7,2024-04-04,3,하순,4,상순,2024-04-05,18640,18640,18640,18651,16309,15599,,,,,,
2024-04-08,1209,마늘,-3.719,0,6783.35,6773.8,6783.35,6774,8061.1,7045,상승주의,120,5,상승주의,5,1,상승주의,5,2024-04-04,3,하순,4,상순,2024-04-05,8630,9069,8806,9654,12371,11034,,,,,,
2024-04-08,1201,양파,32.199,-5.413,1515,1657,1597,1603,1505,1146,상승심각,10,7,상승심각,7,1,상승심각,7,2024-04-06,3,하순,4,상순,2024-04-08,2806,2783,2790,2711,2874,2351,,,,,,
2024-04-08,1202,대파,68.146,-1.636,1895,1969,1926,2168,1413,1127,안정,3,4,안정,4,1,안정,4,2024-04-06,3,하순,4,상순,2024-04-08,4262,4381,4138,4829,3741,3406,,,,,,
2024-04-09,1001,배추,83.852,9.924,5374,4615,4840.667,3817,3049,2923,상승심각,2,7,상승경계,6,1,상승경계,6,2024-04-08,3,하순,4,상순,2024-04-09,4427,4226,4347,3774,3618,4322,,,,,,
2024-04-09,1101,무,66.903,3.882,1411.5,1307.6,1356.7,1374,1407.9,846,상승주의,2,5,상승주의,5,1,상승주의,5,2024-04-08,3,하순,4,상순,2024-04-09,1990,1942,1978,1879,1934,1554,,,,,,
2024-04-09,1207,건고추,15.736,0,13452,13452,13452,13464,12436,11623,상승심각,148,7,상승심각,7,1,상승심각,7,2024-04-05,3,하순,4,상순,2024-04-08,18640,18640,18640,18651,16309,15599,,,,,,
2024-04-09,1209,마늘,-4.187,-0.494,6750,6773.8,6783.35,6774,8061.1,7045,상승주의,121,5,상승주의,5,1,상승주의,5,2024-04-05,3,하순,4,상순,2024-04-08,8739,9069,8630,9654,12371,11034,,,,,,
2024-04-09,1201,양파,35.428,2.384,1552,1657,1515,1603,1505,1146,상승심각,11,7,상승심각,7,1,상승심각,7,2024-04-08,3,하순,4,상순,2024-04-09,2831,2783,2806,2711,2874,2351,,,,,,
2024-04-09,1202,대파,63.354,-2.933,1841,1969,1895,2168,1413,1127,안정,4,4,안정,4,1,안정,4,2024-04-08,3,하순,4,상순,2024-04-09,4203,4381,4262,4829,3741,3406,,,,,,
2024-04-10,1001,배추,80.568,-1.825,5277.667,4615,5374,3817,3049,2923,상승심각,3,7,상승경계,6,1,상승경계,6,2024-04-09,3,하순,4,상순,2024-04-10,4427,4226,4347,3774,3618,4322,,,,,,
2024-04-10,1101,무,61.466,-3.323,1366.1,1307.6,1411.5,1374,1407.9,846,상승주의,3,5,상승주의,5,1,상승주의,5,2024-04-09,3,하순,4,상순,2024-04-10,1990,1942,1978,1879,1934,1554,,,,,,
2024-04-10,1207,건고추,15.736,0,13452,13452,13452,13464,12436,11623,상승심각,149,7,상승심각,7,1,상승심각,7,2024-04-08,3,하순,4,상순,2024-04-09,18640,18640,18640,18651,16309,15599,,,,,,
2024-04-10,1209,마늘,-4.187,0,6750,6773.8,6750,6774,8061.1,7045,상승주의,122,5,상승주의,5,1,상승주의,5,2024-04-08,3,하순,4,상순,2024-04-09,8838,9069,8739,9654,12371,11034,,,,,,
2024-04-10,1201,양파,30.541,-3.743,1496,1657,1552,1603,1505,1146,상승심각,12,7,상승심각,7,1,상승심각,7,2024-04-09,3,하순,4,상순,2024-04-10,2831,2783,2806,2711,2874,2351,,,,,,
2024-04-10,1202,대파,36.557,-19.623,1539,1969,1841,2168,1413,1127,안정,5,4,안정,4,1,안정,4,2024-04-09,3,하순,4,상순,2024-04-10,4203,4381,4262,4829,3741,3406,,,,,,
2024-04-11,1001,배추,75.009,-3.809,5084,5295,5277.667,4615,2808,2905,상승심각,4,7,상승심각,7,1,상승심각,7,2024-04-10,4,상순,4,중순,2024-04-11,4248,4380,4427,4226,3947,4431,,,,,,
2024-04-11,1101,무,42.232,-5.085,1300,1395.9,1366.1,1308,1381,914,상승주의,4,5,상승주의,5,1,상승주의,5,2024-04-10,4,상순,4,중순,2024-04-11,2007,1944,1990,1942,1972,1549,,,,,,
2024-04-11,1207,건고추,15.776,0,13452,13358.86,13452,13452,12454,11619,상승심각,149,7,상승심각,7,1,상승심각,7,2024-04-08,4,상순,4,중순,2024-04-09,18640,18659,18640,18640,16386,15502,,,,,,
2024-04-11,1209,마늘,-3.695,0,6750,6751.2,6750,6774,7967.7,7009,상승주의,122,5,상승주의,5,1,상승주의,5,2024-04-08,4,상순,4,중순,2024-04-09,8838,9022,8739,9069,12247,11121,,,,,,
2024-04-11,1201,양파,47.624,-4.689,1429,1348,1496,1657,1376,968,상승경계,1,6,상승주의,5,1,안정,4,2024-04-10,4,상순,4,중순,2024-04-11,2691,2587,2831,2783,2779,2361,,,,,,
2024-04-11,1202,대파,24.55,-17.123,1314,1869,1539,1969,1124,1055,안정,6,4,안정,4,1,안정,4,2024-04-10,4,상순,4,중순,2024-04-11,4278,4182,4203,4381,3648,3344,,,,,,
2024-04-12,1001,배추,77.281,1.282,5150,5295,5084,4615,2808,2905,상승심각,5,7,상승심각,7,1,상승심각,7,2024-04-11,4,상순,4,중순,2024-04-12,4246,4380,4248,4226,3947,4431,,,,,,
2024-04-12,1101,무,38.184,-2.97,1262.5,1395.9,1300,1308,1381,914,상승주의,5,5,상승주의,5,1,상승주의,5,2024-04-11,4,상순,4,중순,2024-04-12,2019,1944,2007,1942,1972,1549,,,,,,
2024-04-12,1207,건고추,15.776,0,13452,13358.86,13452,13452,12454,11619,상승심각,150,7,상승심각,7,1,상승심각,7,2024-04-09,4,상순,4,중순,2024-04-11,18640,18659,18640,18640,16386,15502,,,,,,
2024-04-12,1209,마늘,-3.695,0,6750,6751.2,6750,6774,7967.7,7009,상승주의,123,5,상승주의,5,1,상승주의,5,2024-04-09,4,상순,4,중순,2024-04-11,8736,9022,8838,9069,12247,11121,,,,,,
2024-04-12,1201,양파,39.05,-6.166,1346,1348,1429,1657,1376,968,상승주의,1,5,상승주의,5,1,안정,4,2024-04-11,4,상순,4,중순,2024-04-12,2612,2587,2691,2783,2779,2361,,,,,,
2024-04-12,1202,대파,54.218,19.238,1627,1869,1314,1969,1124,1055,안정,7,4,안정,4,1,안정,4,2024-04-11,4,상순,4,중순,2024-04-12,4171,4182,4278,4381,3648,3344,,,,,,
2024-04-13,1001,배추,96.523,9.786,5708.667,5295,5150,4615,2808,2905,상승심각,6,7,상승심각,7,1,상승심각,7,2024-04-12,4,상순,4,중순,2024-04-13,4246,4380,4248,4226,3947,4431,,,,,,
2024-04-13,1101,무,41.904,2.63,1296.6,1395.9,1262.5,1308,1381,914,상승주의,6,5,상승주의,5,1,상승주의,5,2024-04-12,4,상순,4,중순,2024-04-13,2019,1944,2007,1942,1972,1549,,,,,,
2024-04-13,1207,건고추,15.776,0,13452,13358.86,13452,13452,12454,11619,상승심각,151,7,상승심각,7,1,상승심각,7,2024-04-11,4,상순,4,중순,2024-04-12,18640,18659,18640,18640,16386,15502,,,,,,
2024-04-13,1209,마늘,-3.695,0,6750,6751.2,6750,6774,7967.7,7009,상승주의,124,5,상승주의,5,1,상승주의,5,2024-04-11,4,상순,4,중순,2024-04-12,8876,9022,8736,9069,12247,11121,,,,,,
2024-04-13,1201,양파,39.669,0.444,1352,1348,1346,1657,1376,968,상승주의,2,5,상승주의,5,1,안정,4,2024-04-12,4,상순,4,중순,2024-04-13,2612,2587,2691,2783,2779,2361,,,,,,
2024-04-13,1202,대파,191.09,47.021,3071,1869,1627,1969,1124,1055,상승심각,1,7,안정,4,1,안정,4,2024-04-12,4,상순,4,중순,2024-04-13,4171,4182,4278,4381,3648,3344,,,,,,
2024-04-14,1001,배추,96.523,9.786,5708.667,5295,5150,4615,2808,2905,상승심각,6,7,상승심각,7,1,상승심각,7,2024-04-12,4,상순,4,중순,2024-04-13,4246,4380,4248,4226,3947,4431,,,,,,
2024-04-14,1101,무,41.904,2.63,1296.6,1395.9,1262.5,1308,1381,914,상승주의,6,5,상승주의,5,1,상승주의,5,2024-04-12,4,상순,4,중순,2024-04-13,2019,1944,2007,1942,1972,1549,,,,,,
2024-04-14,1207,건고추,15.776,0,13452,13358.86,13452,13452,12454,11619,상승심각,151,7,상승심각,7,1,상승심각,7,2024-04-11,4,상순,4,중순,2024-04-12,18640,18659,18640,18640,16386,15502,,,,,,
2024-04-14,1209,마늘,-3.695,0,6750,6751.2,6750,6774,7967.7,7009,상승주의,124,5,상승주의,5,1,상승주의,5,2024-04-11,4,상순,4,중순,2024-04-12,8876,9022,8736,9069,12247,11121,,,,,,
2024-04-14,1201,양파,39.669,0.444,1352,1348,1346,1657,1376,968,상승주의,2,5,상승주의,5,1,안정,4,2024-04-12,4,상순,4,중순,2024-04-13,2612,2587,2691,2783,2779,2361,,,,,,
2024-04-14,1202,대파,191.09,47.021,3071,1869,1627,1969,1124,1055,상승심각,1,7,안정,4,1,안정,4,2024-04-12,4,상순,4,중순,2024-04-13,4171,4182,4278,4381,3648,3344,,,,,,
2024-04-15,1001,배추,99.415,1.45,5792.667,5295,5708.667,4615,2808,2905,상승심각,7,7,상승심각,7,1,상승심각,7,2024-04-13,4,상순,4,중순,2024-04-15,4267,4380,4246,4226,3947,4431,,,,,,
2024-04-15,1101,무,42.341,0.354,1301.2,1395.9,1296.6,1308,1381,914,상승주의,7,5,상승주의,5,1,상승주의,5,2024-04-13,4,상순,4,중순,2024-04-15,2022,1944,2019,1942,1972,1549,,,,,,
2024-04-15,1207,건고추,15.776,0,13452,13358.86,13452,13452,12454,11619,상승심각,151,7,상승심각,7,1,상승심각,7,2024-04-11,4,상순,4,중순,2024-04-12,18640,18659,18640,18640,16386,15502,,,,,,
2024-04-15,1209,마늘,-3.695,0,6750,6751.2,6750,6774,7967.7,7009,상승주의,124,5,상승주의,5,1,상승주의,5,2024-04-11,4,상순,4,중순,2024-04-12,8876,9022,8736,9069,12247,11121,,,,,,
2024-04-15,1201,양파,30.785,-6.793,1266,1348,1352,1657,1376,968,안정,1,4,상승주의,5,1,안정,4,2024-04-13,4,상순,4,중순,2024-04-15,2711,2587,2612,2783,2779,2361,,,,,,
2024-04-15,1202,대파,82.37,-59.615,1924,1869,3071,1969,1124,1055,안정,1,4,안정,4,1,안정,4,2024-04-13,4,상순,4,중순,2024-04-15,4194,4182,4171,4381,3648,3344,,,,,,
2024-04-16,1001,배추,83.821,-8.477,5340,5295,5792.667,4615,2808,2905,상승심각,8,7,상승심각,7,1,상승심각,7,2024-04-15,4,상순,4,중순,2024-04-16,4403,4380,4267,4226,3947,4431,,,,,,
2024-04-16,1101,무,40.153,-1.553,1281.3,1395.9,1301.2,1308,1381,914,상승주의,8,5,상승주의,5,1,상승주의,5,2024-04-15,4,상순,4,중순,2024-04-16,2034,1944,2022,1942,1972,1549,,,,,,
2024-04-16,1207,건고추,10.164,-5.094,12800,13358.86,13452,13452,12454,11619,상승심각,152,7,상승심각,7,1,상승심각,7,2024-04-12,4,상순,4,중순,2024-04-15,18640,18659,18640,18640,16386,15502,,,,,,
2024-04-16,1209,마늘,-3.695,0,6750,6751.2,6750,6774,7967.7,7009,상승주의,125,5,상승주의,5,1,상승주의,5,2024-04-12,4,상순,4,중순,2024-04-15,8836,9022,8876,9069,12247,11121,,,,,,
2024-04-16,1201,양파,28.306,-1.932,1242,1348,1266,1657,1376,968,안정,2,4,상승주의,5,1,안정,4,2024-04-15,4,상순,4,중순,2024-04-16,2729,2587,2711,2783,2779,2361,,,,,,
2024-04-16,1202,대파,84.645,1.232,1948,1869,1924,1969,1124,1055,안정,2,4,안정,4,1,안정,4,2024-04-15,4,상순,4,중순,2024-04-16,4125,4182,4194,4381,3648,3344,,,,,,
2024-04-17,1001,배추,87.47,1.952,5446.333,5295,5340,4615,2808,2905,상승심각,9,7,상승심각,7,1,상승심각,7,2024-04-16,4,상순,4,중순,2024-04-17,4462,4380,4403,4226,3947,4431,,,,,,
2024-04-17,1101,무,49.891,6.44,1369.5,1395.9,1281.3,1308,1381,914,상승주의,9,5,상승주의,5,1,상승주의,5,2024-04-16,4,상순,4,중순,2024-04-17,2032,1944,2034,1942,1972,1549,,,,,,
2024-04-17,1207,건고추,15.776,4.847,13452,13358.86,12800,13452,12454,11619,상승심각,153,7,상승심각,7,1,상승심각,7,2024-04-15,4,상순,4,중순,2024-04-16,18640,18659,18640,18640,16386,15502,,,,,,
2024-04-17,1209,마늘,-3.695,0,6750,6751.2,6750,6774,7967.7,7009,상승주의,126,5,상승주의,5,1,상승주의,5,2024-04-15,4,상순,4,중순,2024-04-16,9129,9022,8836,9069,12247,11121,,,,,,
2024-04-17,1201,양파,25,-2.645,1210,1348,1242,1657,1376,968,안정,3,4,상승주의,5,1,안정,4,2024-04-16,4,상순,4,중순,2024-04-17,2690,2587,2729,2783,2779,2361,,,,,,
2024-04-17,1202,대파,78.389,-3.507,1882,1869,1948,1969,1124,1055,안정,3,4,안정,4,1,안정,4,2024-04-16,4,상순,4,중순,2024-04-17,4154,4182,4125,4381,3648,3344,,,,,,
2024-04-18,1001,배추,87.676,0.098,5451.667,5295,5446.333,4615,2808,2905,상승심각,10,7,상승심각,7,1,상승심각,7,2024-04-17,4,상순,4,중순,2024-04-18,4477,4380,4462,4226,3947,4431,,,,,,
2024-04-18,1101,무,53.939,2.693,1407.4,1395.9,1369.5,1308,1381,914,상승주의,10,5,상승주의,5,1,상승주의,5,2024-04-17,4,상순,4,중순,2024-04-18,1755,1944,2032,1942,1972,1549,,,,,,
2024-04-18,1207,건고추,15.776,0,13452,13358.86,13452,13452,12454,11619,상승심각,154,7,상승심각,7,1,상승심각,7,2024-04-16,4,상순,4,중순,2024-04-17,18640,18659,18640,18640,16386,15502,,,,,,
2024-04-18,1209,마늘,-3.695,0,6750,6751.2,6750,6774,7967.7,7009,상승주의,127,5,상승주의,5,1,상승주의,5,2024-04-16,4,상순,4,중순,2024-04-17,9313,9022,9129,9069,12247,11121,,,,,,
2024-04-18,1201,양파,37.707,9.227,1333,1348,1210,1657,1376,968,상승주의,1,5,상승주의,5,1,안정,4,2024-04-17,4,상순,4,중순,2024-04-18,2336,2587,2690,2783,2779,2361,,,,,,
2024-04-18,1202,대파,68.057,-6.148,1773,1869,1882,1969,1124,1055,안정,4,4,안정,4,1,안정,4,2024-04-17,4,상순,4,중순,2024-04-18,4186,4182,4154,4381,3648,3344,,,,,,
2024-04-19,1001,배추,69.673,-10.604,4929,5295,5451.667,4615,2808,2905,상승심각,11,7,상승심각,7,1,상승심각,7,2024-04-18,4,상순,4,중순,2024-04-19,4555,4380,4477,4226,3947,4431,,,,,,
2024-04-19,1101,무,71.116,9.996,1563.7,1395.9,1407.4,1308,1381,914,상승경계,1,6,상승주의,5,1,상승주의,5,2024-04-18,4,상순,4,중순,2024-04-19,1738,1944,1755,1942,1972,1549,,,,,,
2024-04-19,1207,건고추,15.776,0,13452,13358.86,13452,13452,12454,11619,상승심각,155,7,상승심각,7,1,상승심각,7,2024-04-17,4,상순,4,중순,2024-04-18,18705,18659,18640,18640,16386,15502,,,,,,
2024-04-19,1209,마늘,-3.695,0,6750,6751.2,6750,6774,7967.7,7009,상승주의,128,5,상승주의,5,1,상승주의,5,2024-04-17,4,상순,4,중순,2024-04-18,9359,9022,9313,9069,12247,11121,,,,,,
2024-04-19,1201,양파,50.826,8.699,1460,1348,1333,1657,1376,968,상승심각,1,7,상승주의,5,1,안정,4,2024-04-18,4,상순,4,중순,2024-04-19,2338,2587,2336,2783,2779,2361,,,,,,
2024-04-19,1202,대파,49.573,-12.357,1578,1869,1773,1969,1124,1055,안정,5,4,안정,4,1,안정,4,2024-04-18,4,상순,4,중순,2024-04-19,4166,4182,4186,4381,3648,3344,,,,,,
2024-04-20,1001,배추,63.614,-3.703,4753,5295,4929,4615,2808,2905,상승경계,1,6,상승심각,7,1,상승심각,7,2024-04-19,4,상순,4,중순,2024-04-20,4555,4380,4477,4226,3947,4431,,,,,,
2024-04-20,1101,무,94.858,12.176,1780.5,1395.9,1563.7,1308,1381,914,상승심각,1,7,상승주의,5,1,상승주의,5,2024-04-19,4,상순,4,중순,2024-04-20,1738,1944,1755,1942,1972,1549,,,,,,
2024-04-20,1207,건고추,15.776,0,13452,13358.86,13452,13452,12454,11619,상승심각,156,7,상승심각,7,1,상승심각,7,2024-04-18,4,상순,4,중순,2024-04-19,18705,18659,18705,18640,16386,15502,,,,,,
2024-04-20,1209,마늘,-3.581,0.124,6758.35,6751.2,6750,6774,7967.7,7009,상승주의,129,5,상승주의,5,1,상승주의,5,2024-04-18,4,상순,4,중순,2024-04-19,8903,9022,9359,9069,12247,11121,,,,,,
2024-04-20,1201,양파,54.132,2.145,1492,1348,1460,1657,1376,968,상승심각,2,7,상승주의,5,1,안정,4,2024-04-19,4,상순,4,중순,2024-04-20,2338,2587,2336,2783,2779,2361,,,,,,
2024-04-20,1202,대파,61.896,7.611,1708,1869,1578,1969,1124,1055,안정,6,4,안정,4,1,안정,4,2024-04-19,4,상순,4,중순,2024-04-20,4166,4182,4186,4381,3648,3344,,,,,,
2024-04-21,1001,배추,51.659,-3.703,4753,4731.667,4929,5295,2908.667,3134,상승경계,1,6,상승심각,7,1,상승심각,7,2024-04-19,4,중순,4,하순,2024-04-20,4555,4600,4477,4380,4196,4647,,,,,,
2024-04-21,1101,무,73.587,12.176,1780.5,1639.5,1563.7,1396,1608,1026,상승심각,1,7,상승주의,5,1,상승주의,5,2024-04-19,4,중순,4,하순,2024-04-20,1738,1918,1755,1944,2056,1574,,,,,,
2024-04-21,1207,건고추,15.906,0,13452,13452,13452,13359,12486.66,11606,상승심각,156,7,상승심각,7,1,상승심각,7,2024-04-18,4,중순,4,하순,2024-04-19,18705,18715,18705,18659,16319,15434,,,,,,
2024-04-21,1209,마늘,-3.069,0.124,6758.35,6773.8,6750,6751,7629.2,6972,상승주의,129,5,상승주의,5,1,상승주의,5,2024-04-18,4,중순,4,하순,2024-04-19,8903,9497,9359,9022,12144,11144,,,,,,
2024-04-21,1201,양파,97.094,2.145,1492,1412,1460,1348,828,757,상승심각,2,7,상승주의,5,1,안정,4,2024-04-19,4,중순,4,하순,2024-04-20,2338,2617,2336,2587,2337,2235,,,,,,
2024-04-21,1202,대파,38.3,7.611,1708,2243,1578,1869,1398,1235,안정,6,4,안정,4,1,안정,4,2024-04-19,4,중순,4,하순,2024-04-20,4166,4396,4186,4182,3866,3611,,,,,,
2024-04-22,1001,배추,62.763,6.816,5100.667,4731.667,4753,5295,2908.667,3134,상승심각,1,7,상승경계,6,1,상승심각,7,2024-04-20,4,중순,4,하순,2024-04-22,4502,4600,4555,4380,4196,4647,,,,,,
2024-04-22,1101,무,84.503,5.933,1892.8,1639.5,1780.5,1396,1608,1026,상승심각,2,7,상승경계,6,1,상승경계,6,2024-04-20,4,중순,4,하순,2024-04-22,1738,1918,1738,1944,2056,1574,,,,,,
2024-04-22,1207,건고추,15.906,0,13452,13452,13452,13359,12486.66,11606,상승심각,156,7,상승심각,7,1,상승심각,7,2024-04-18,4,중순,4,하순,2024-04-19,18705,18715,18705,18659,16319,15434,,,,,,
2024-04-22,1209,마늘,-3.069,0.124,6758.35,6773.8,6750,6751,7629.2,6972,상승주의,129,5,상승주의,5,1,상승주의,5,2024-04-18,4,중순,4,하순,2024-04-19,8903,9497,9359,9022,12144,11144,,,,,,
2024-04-22,1201,양파,107.662,5.089,1572,1412,1492,1348,828,757,상승심각,3,7,상승경계,6,1,상승주의,5,2024-04-20,4,중순,4,하순,2024-04-22,2346,2617,2338,2587,2337,2235,,,,,,
2024-04-22,1202,대파,177.166,50.102,3423,2243,1708,1869,1398,1235,상승심각,1,7,상승경계,6,1,상승경계,6,2024-04-20,4,중순,4,하순,2024-04-22,4158,4396,4166,4182,3866,3611,,,,,,
2024-04-23,1001,배추,54.563,-5.306,4843.667,4731.667,5100.667,5295,2908.667,3134,상승심각,2,7,상승경계,6,1,상승심각,7,2024-04-22,4,중순,4,하순,2024-04-23,4530,4600,4502,4380,4196,4647,,,,,,
2024-04-23,1101,무,76.413,-4.563,1810.2,1639.5,1892.8,1396,1608,1026,상승심각,3,7,상승경계,6,1,상승경계,6,2024-04-22,4,중순,4,하순,2024-04-23,1748,1918,1738,1944,2056,1574,,,,,,
2024-04-23,1207,건고추,15.906,0,13452,13452,13452,13359,12486.66,11606,상승심각,157,7,상승심각,7,1,상승심각,7,2024-04-19,4,중순,4,하순,2024-04-22,18705,18715,18705,18659,16319,15434,,,,,,
2024-04-23,1209,마늘,-3.069,0,6758.35,6773.8,6758.35,6751,7629.2,6972,상승주의,130,5,상승주의,5,1,상승주의,5,2024-04-19,4,중순,4,하순,2024-04-22,8942,9497,8903,9022,12144,11144,,,,,,
2024-04-23,1201,양파,89.432,-9.623,1434,1412,1572,1348,828,757,상승경계,1,6,상승경계,6,1,상승주의,5,2024-04-22,4,중순,4,하순,2024-04-23,2317,2617,2346,2587,2337,2235,,,,,,
2024-04-23,1202,대파,65.749,-67.22,2047,2243,3423,1869,1398,1235,안정,1,4,상승경계,6,1,상승경계,6,2024-04-22,4,중순,4,하순,2024-04-23,4172,4396,4158,4182,3866,3611,,,,,,
2024-04-24,1001,배추,54.659,0.076,4847.333,4731.667,4843.667,5295,2908.667,3134,상승심각,3,7,상승경계,6,1,상승심각,7,2024-04-23,4,중순,4,하순,2024-04-24,4578,4600,4530,4380,4196,4647,,,,,,
2024-04-24,1101,무,44.444,-22.146,1482,1639.5,1810.2,1396,1608,1026,상승주의,1,5,상승경계,6,1,상승경계,6,2024-04-23,4,중순,4,하순,2024-04-24,1751,1918,1748,1944,2056,1574,,,,,,
2024-04-24,1207,건고추,15.906,0,13452,13452,13452,13359,12486.66,11606,상승심각,158,7,상승심각,7,1,상승심각,7,2024-04-22,4,중순,4,하순,2024-04-23,18705,18715,18705,18659,16319,15434,,,,,,
2024-04-24,1209,마늘,-3.069,0,6758.35,6773.8,6758.35,6751,7629.2,6972,상승주의,131,5,상승주의,5,1,상승주의,5,2024-04-22,4,중순,4,하순,2024-04-23,8989,9497,8942,9022,12144,11144,,,,,,
2024-04-24,1201,양파,102.246,6.336,1531,1412,1434,1348,828,757,상승심각,1,7,상승경계,6,1,상승주의,5,2024-04-23,4,중순,4,하순,2024-04-24,2339,2617,2317,2587,2337,2235,,,,,,
2024-04-24,1202,대파,66.478,0.438,2056,2243,2047,1869,1398,1235,안정,2,4,상승경계,6,1,상승경계,6,2024-04-23,4,중순,4,하순,2024-04-24,4227,4396,4172,4182,3866,3611,,,,,,
2024-04-25,1001,배추,46.65,-5.476,4595.667,4731.667,4847.333,5295,2908.667,3134,상승경계,1,6,상승경계,6,1,상승심각,7,2024-04-24,4,중순,4,하순,2024-04-25,4590,4600,4578,4380,4196,4647,,,,,,
2024-04-25,1101,무,35.283,-6.795,1387.7,1639.5,1482,1396,1608,1026,상승주의,2,5,상승경계,6,1,상승경계,6,2024-04-24,4,중순,4,하순,2024-04-25,2007,1918,1751,1944,2056,1574,,,,,,
2024-04-25,1207,건고추,15.906,0,13452,13452,13452,13359,12486.66,11606,상승심각,159,7,상승심각,7,1,상승심각,7,2024-04-23,4,중순,4,하순,2024-04-24,18705,18715,18705,18659,16319,15434,,,,,,
2024-04-25,1209,마늘,-3.069,0,6758.35,6773.8,6758.35,6751,7629.2,6972,상승주의,132,5,상승주의,5,1,상승주의,5,2024-04-23,4,중순,4,하순,2024-04-24,9139,9497,8989,9022,12144,11144,,,,,,
2024-04-25,1201,양파,100.925,-0.657,1521,1412,1531,1348,828,757,상승심각,2,7,상승경계,6,1,상승주의,5,2024-04-24,4,중순,4,하순,2024-04-25,2834,2617,2339,2587,2337,2235,,,,,,
2024-04-25,1202,대파,69.555,1.815,2094,2243,2056,1869,1398,1235,상승경계,1,6,상승경계,6,1,상승경계,6,2024-04-24,4,중순,4,하순,2024-04-25,4497,4396,4227,4182,3866,3611,,,,,,
2024-04-26,1207,건고추,15.906,0,13452,13452,13452,13359,12486.66,11606,상승심각,160,7,상승심각,7,1,상승심각,7,2024-04-24,4,중순,4,하순,2024-04-25,18705,18715,18705,18659,16319,15434,,,,,,
2024-04-26,1209,마늘,-3.069,0,6758.35,6773.8,6758.35,6751,7629.2,6972,상승주의,133,5,상승주의,5,1,상승주의,5,2024-04-24,4,중순,4,하순,2024-04-25,9831,9497,9139,9022,12144,11144,,,,,,
2024-04-26,1201,양파,92.734,-4.249,1459,1412,1521,1348,828,757,상승심각,3,7,상승경계,6,1,상승주의,5,2024-04-25,4,중순,4,하순,2024-04-26,2826,2617,2834,2587,2337,2235,,,,,,
2024-04-26,1202,대파,91.741,11.571,2368,2243,2094,1869,1398,1235,상승심각,1,7,상승경계,6,1,상승경계,6,2024-04-25,4,중순,4,하순,2024-04-26,4580,4396,4497,4182,3866,3611,,,,,,
2024-04-26,1001,배추,57.147,6.693,4925.333,4731.667,4595.667,5295,2908.667,3134,상승심각,1,7,상승경계,6,1,상승심각,7,2024-04-25,4,중순,4,하순,2024-04-26,4624,4600,4590,4380,4196,4647,,,,,,
2024-04-26,1101,무,51.17,10.552,1551.4,1639.5,1387.7,1396,1608,1026,상승경계,1,6,상승경계,6,1,상승경계,6,2024-04-25,4,중순,4,하순,2024-04-26,2015,1918,2007,1944,2056,1574,,,,,,
2024-04-27,1001,배추,51.691,-3.611,4753.667,4731.667,4925.333,5295,2908.667,3134,상승경계,1,6,상승경계,6,1,상승심각,7,2024-04-26,4,중순,4,하순,2024-04-27,4624,4600,4590,4380,4196,4647,,,,,,
2024-04-27,1101,무,53.509,1.467,1574.5,1639.5,1551.4,1396,1608,1026,상승경계,2,6,상승경계,6,1,상승경계,6,2024-04-26,4,중순,4,하순,2024-04-27,2015,1918,2007,1944,2056,1574,,,,,,
2024-04-27,1207,건고추,15.906,0,13452,13452,13452,13359,12486.66,11606,상승심각,161,7,상승심각,7,1,상승심각,7,2024-04-25,4,중순,4,하순,2024-04-26,18705,18715,18705,18659,16319,15434,,,,,,
2024-04-27,1209,마늘,-3.069,0,6758.35,6773.8,6758.35,6751,7629.2,6972,상승주의,134,5,상승주의,5,1,상승주의,5,2024-04-25,4,중순,4,하순,2024-04-26,9854,9497,9831,9022,12144,11144,,,,,,
2024-04-27,1201,양파,74.505,-10.447,1321,1412,1459,1348,828,757,상승주의,1,5,상승경계,6,1,상승주의,5,2024-04-26,4,중순,4,하순,2024-04-27,2826,2617,2834,2587,2337,2235,,,,,,
2024-04-27,1202,대파,64.211,-16.765,2028,2243,2368,1869,1398,1235,안정,1,4,상승경계,6,1,상승경계,6,2024-04-26,4,중순,4,하순,2024-04-27,4580,4396,4497,4182,3866,3611,,,,,,
2024-04-28,1001,배추,51.691,-3.611,4753.667,4731.667,4925.333,5295,2908.667,3134,상승경계,1,6,상승경계,6,1,상승심각,7,2024-04-26,4,중순,4,하순,2024-04-27,4624,4600,4590,4380,4196,4647,,,,,,
2024-04-28,1101,무,53.509,1.467,1574.5,1639.5,1551.4,1396,1608,1026,상승경계,2,6,상승경계,6,1,상승경계,6,2024-04-26,4,중순,4,하순,2024-04-27,2015,1918,2007,1944,2056,1574,,,,,,
2024-04-28,1207,건고추,15.906,0,13452,13452,13452,13359,12486.66,11606,상승심각,161,7,상승심각,7,1,상승심각,7,2024-04-25,4,중순,4,하순,2024-04-26,18705,18715,18705,18659,16319,15434,,,,,,
2024-04-28,1209,마늘,-3.069,0,6758.35,6773.8,6758.35,6751,7629.2,6972,상승주의,134,5,상승주의,5,1,상승주의,5,2024-04-25,4,중순,4,하순,2024-04-26,9854,9497,9831,9022,12144,11144,,,,,,
2024-04-28,1201,양파,74.505,-10.447,1321,1412,1459,1348,828,757,상승주의,1,5,상승경계,6,1,상승주의,5,2024-04-26,4,중순,4,하순,2024-04-27,2826,2617,2834,2587,2337,2235,,,,,,
2024-04-28,1202,대파,64.211,-16.765,2028,2243,2368,1869,1398,1235,안정,1,4,상승경계,6,1,상승경계,6,2024-04-26,4,중순,4,하순,2024-04-27,4580,4396,4497,4182,3866,3611,,,,,,
2024-04-29,1001,배추,47.639,-2.745,4626.667,4731.667,4753.667,5295,2908.667,3134,상승경계,2,6,상승경계,6,1,상승심각,7,2024-04-27,4,중순,4,하순,2024-04-29,4665,4600,4624,4380,4196,4647,,,,,,
2024-04-29,1101,무,63.548,6.185,1678.3,1639.5,1574.5,1396,1608,1026,상승경계,3,6,상승경계,6,1,상승경계,6,2024-04-27,4,중순,4,하순,2024-04-29,2066,1918,2015,1944,2056,1574,,,,,,
2024-04-29,1207,건고추,15.906,0,13452,13452,13452,13359,12486.66,11606,상승심각,161,7,상승심각,7,1,상승심각,7,2024-04-25,4,중순,4,하순,2024-04-26,18705,18715,18705,18659,16319,15434,,,,,,
2024-04-29,1209,마늘,-3.069,0,6758.35,6773.8,6758.35,6751,7629.2,6972,상승주의,134,5,상승주의,5,1,상승주의,5,2024-04-25,4,중순,4,하순,2024-04-26,9854,9497,9831,9022,12144,11144,,,,,,
2024-04-29,1201,양파,59.181,-9.627,1205,1412,1321,1348,828,757,안정,1,4,상승경계,6,1,상승주의,5,2024-04-27,4,중순,4,하순,2024-04-29,2830,2617,2826,2587,2337,2235,,,,,,
2024-04-29,1202,대파,59.271,-3.101,1967,2243,2028,1869,1398,1235,안정,2,4,상승경계,6,1,상승경계,6,2024-04-27,4,중순,4,하순,2024-04-29,4565,4396,4580,4182,3866,3611,,,,,,
2024-04-30,1001,배추,32.77,-11.191,4161,4731.667,4626.667,5295,2908.667,3134,상승경계,3,6,상승경계,6,1,상승심각,7,2024-04-29,4,중순,4,하순,2024-04-30,4712,4600,4665,4380,4196,4647,,,,,,
2024-04-30,1101,무,69.493,3.474,1738.7,1639.5,1678.3,1396,1608,1026,상승심각,1,7,상승경계,6,1,상승경계,6,2024-04-29,4,중순,4,하순,2024-04-30,2103,1918,2066,1944,2056,1574,,,,,,
2024-04-30,1207,건고추,15.906,0,13452,13452,13452,13359,12486.66,11606,상승심각,162,7,상승심각,7,1,상승심각,7,2024-04-26,4,중순,4,하순,2024-04-29,18740,18715,18705,18659,16319,15434,,,,,,
2024-04-30,1209,마늘,-2.108,0.977,6825,6773.8,6758.35,6751,7629.2,6972,상승주의,135,5,상승주의,5,1,상승주의,5,2024-04-26,4,중순,4,하순,2024-04-29,9854,9497,9854,9022,12144,11144,,,,,,
2024-04-30,1201,양파,65.39,3.754,1252,1412,1205,1348,828,757,안정,2,4,상승경계,6,1,상승주의,5,2024-04-29,4,중순,4,하순,2024-04-30,2830,2617,2830,2587,2337,2235,,,,,,
2024-04-30,1202,대파,58.947,-0.204,1963,2243,1967,1869,1398,1235,안정,3,4,상승경계,6,1,상승경계,6,2024-04-29,4,중순,4,하순,2024-04-30,4576,4396,4565,4182,3866,3611,,,,,,
2024-05-01,1001,배추,56.107,8.803,4562.667,4430.333,4161,4732,3326,2923,상승심각,1,7,상승심각,7,1,상승경계,6,2024-04-30,4,하순,5,상순,2024-05-01,4712,4354,4665,4600,4124,4789,,,,,,
2024-05-01,1101,무,57.13,0.109,1740.6,1618.6,1738.7,1640,1683.4,1108,상승심각,2,7,상승경계,6,1,상승주의,5,2024-04-30,4,하순,5,상순,2024-05-01,2103,2176,2066,1918,2160,1622,,,,,,
2024-05-01,1207,건고추,15.926,0,13452,13508.5,13452,13452,12480,11604,상승심각,163,7,상승심각,7,1,상승심각,7,2024-04-29,4,하순,5,상순,2024-04-30,18740,18740,18740,18715,16196,15373,,,,,,
2024-05-01,1209,마늘,0.251,-0.368,6800,6829.2,6825,6774,7091.7,6783,상승주의,136,5,상승주의,5,1,상승주의,5,2024-04-29,4,하순,5,상순,2024-04-30,9873,9386,9854,9497,11612,10737,,,,,,
2024-05-01,1201,양파,68.048,0.398,1257,1372,1252,1412,1212,748,안정,3,4,상승주의,5,1,상승심각,7,2024-04-30,4,하순,5,상순,2024-05-01,2830,2231,2830,2617,2205,2117,,,,,,
2024-05-01,1202,대파,28.435,9.078,2159,2239,1963,2243,2308,1681,하락심각,1,1,하락심각,1,1,하락심각,1,2024-04-30,4,하순,5,상순,2024-05-01,4576,4634,4565,4396,4412,3934,,,,,,
2024-05-02,1001,배추,77.523,12.065,5188.667,4430.333,4562.667,4732,3326,2923,상승심각,2,7,상승심각,7,1,상승경계,6,2024-05-01,4,하순,5,상순,2024-05-02,4348,4183,4712,4600,4124,4789,,,,,,
2024-05-02,1101,무,60.108,1.899,1774.3,1618.6,1740.6,1640,1683.4,1108,상승심각,3,7,상승경계,6,1,상승주의,5,2024-05-01,4,하순,5,상순,2024-05-02,2183,2129,2103,1918,2160,1622,,,,,,
2024-05-02,1207,건고추,15.926,0,13452,13470.84,13452,13452,12480,11604,상승심각,163,7,상승심각,7,1,상승심각,7,2024-04-29,4,하순,5,상순,2024-04-30,18740,18740,18740,18715,16196,15373,,,,,,
2024-05-02,1209,마늘,0.251,-0.368,6800,6837.5,6825,6774,7091.7,6783,상승주의,136,5,상승주의,5,1,상승주의,5,2024-04-29,4,하순,5,상순,2024-04-30,9873,9301,9854,9497,11612,10737,,,,,,
2024-05-02,1201,양파,68.717,0.396,1262,1372,1257,1412,1212,748,안정,4,4,상승주의,5,1,상승심각,7,2024-05-01,4,하순,5,상순,2024-05-02,2269,2228,2830,2617,2205,2117,,,,,,
2024-05-02,1202,대파,20.583,-6.512,2027,2239,2159,2243,2308,1681,하락심각,2,1,하락심각,1,1,하락심각,1,2024-05-01,4,하순,5,상순,2024-05-02,4756,4794,4576,4396,4412,3934,,,,,,
2024-05-03,1001,배추,62.675,-9.128,4754.667,4430.333,5188.667,4732,3326,2923,상승심각,3,7,상승심각,7,1,상승경계,6,2024-05-02,4,하순,5,상순,2024-05-03,4359,4183,4348,4600,4124,4789,,,,,,
2024-05-03,1101,무,55.596,-2.894,1724.4,1618.6,1774.3,1640,1683.4,1108,상승심각,4,7,상승경계,6,1,상승주의,5,2024-05-02,4,하순,5,상순,2024-05-03,2169,2129,2183,1918,2160,1622,,,,,,
2024-05-03,1207,건고추,15.926,0,13452,13470.84,13452,13452,12480,11604,상승심각,164,7,상승심각,7,1,상승심각,7,2024-04-30,4,하순,5,상순,2024-05-02,18740,18740,18740,18715,16196,15373,,,,,,
2024-05-03,1209,마늘,0.619,0.366,6825,6837.5,6800,6774,7091.7,6783,상승주의,137,5,상승주의,5,1,상승주의,5,2024-04-30,4,하순,5,상순,2024-05-02,9491,9301,9873,9497,11612,10737,,,,,,
2024-05-03,1201,양파,77.273,4.827,1326,1372,1262,1412,1212,748,상승주의,1,5,상승주의,5,1,상승심각,7,2024-05-02,4,하순,5,상순,2024-05-03,2193,2228,2269,2617,2205,2117,,,,,,
2024-05-03,1202,대파,38.43,12.892,2327,2239,2027,2243,2308,1681,하락심각,3,1,하락심각,1,1,하락심각,1,2024-05-02,4,하순,5,상순,2024-05-03,4511,4794,4756,4396,4412,3934,,,,,,
2024-05-04,1001,배추,54.909,-4.998,4528.333,4430.333,4754.667,4732,3326,2923,상승심각,4,7,상승심각,7,1,상승경계,6,2024-05-03,4,하순,5,상순,2024-05-04,4359,4183,4348,4600,4124,4789,,,,,,
2024-05-04,1101,무,49.007,-4.465,1650.7,1618.6,1724.4,1640,1683.4,1108,상승경계,1,6,상승경계,6,1,상승주의,5,2024-05-03,4,하순,5,상순,2024-05-04,2169,2129,2183,1918,2160,1622,,,,,,
2024-05-04,1207,건고추,16.899,0.833,13565,13470.84,13452,13452,12480,11604,상승심각,165,7,상승심각,7,1,상승심각,7,2024-05-02,4,하순,5,상순,2024-05-03,18740,18740,18740,18715,16196,15373,,,,,,
2024-05-04,1209,마늘,0.737,0.122,6833.35,6837.5,6825,6774,7091.7,6783,상승주의,138,5,상승주의,5,1,상승주의,5,2024-05-02,4,하순,5,상순,2024-05-03,9280,9301,9491,9497,11612,10737,,,,,,
2024-05-04,1201,양파,80.348,1.705,1349,1372,1326,1412,1212,748,상승주의,2,5,상승주의,5,1,상승심각,7,2024-05-03,4,하순,5,상순,2024-05-04,2193,2228,2269,2617,2205,2117,,,,,,
2024-05-04,1202,대파,58.001,12.387,2656,2239,2327,2243,2308,1681,하락심각,4,1,하락심각,1,1,하락심각,1,2024-05-03,4,하순,5,상순,2024-05-04,4511,4794,4756,4396,4412,3934,,,,,,
2024-05-05,1001,배추,54.909,-4.998,4528.333,4430.333,4754.667,4732,3326,2923,상승심각,4,7,상승심각,7,1,상승경계,6,2024-05-03,4,하순,5,상순,2024-05-04,4359,4233,4348,4600,4124,4789,,,,,,
2024-05-05,1101,무,49.007,-4.465,1650.7,1618.6,1724.4,1640,1683.4,1108,상승경계,1,6,상승경계,6,1,상승주의,5,2024-05-03,4,하순,5,상순,2024-05-04,2169,2145,2183,1918,2160,1622,,,,,,
2024-05-05,1207,건고추,16.899,0.833,13565,13474.6,13452,13452,12480,11604,상승심각,165,7,상승심각,7,1,상승심각,7,2024-05-02,4,하순,5,상순,2024-05-03,18740,18740,18740,18715,16196,15373,,,,,,
2024-05-05,1209,마늘,0.737,0.122,6833.35,6836.65,6825,6774,7091.7,6783,상승주의,138,5,상승주의,5,1,상승주의,5,2024-05-02,4,하순,5,상순,2024-05-03,9280,9311,9491,9497,11612,10737,,,,,,
2024-05-05,1201,양파,80.348,1.705,1349,1372,1326,1412,1212,748,상승주의,2,5,상승주의,5,1,상승심각,7,2024-05-03,4,하순,5,상순,2024-05-04,2193,2221,2269,2617,2205,2117,,,,,,
2024-05-05,1202,대파,58.001,12.387,2656,2239,2327,2243,2308,1681,하락심각,4,1,하락심각,1,1,하락심각,1,2024-05-03,4,하순,5,상순,2024-05-04,4511,4771,4756,4396,4412,3934,,,,,,
2024-05-06,1001,배추,47.862,-4.774,4322,4430.333,4528.333,4732,3326,2923,상승심각,5,7,상승심각,7,1,상승경계,6,2024-05-04,4,하순,5,상순,2024-05-06,4359,4233,4348,4600,4124,4789,,,,,,
2024-05-06,1101,무,55.144,3.951,1718.6,1618.6,1650.7,1640,1683.4,1108,상승심각,1,7,상승경계,6,1,상승주의,5,2024-05-04,4,하순,5,상순,2024-05-06,2169,2145,2183,1918,2160,1622,,,,,,
2024-05-06,1207,건고추,16.899,0.833,13565,13474.6,13452,13452,12480,11604,상승심각,165,7,상승심각,7,1,상승심각,7,2024-05-02,4,하순,5,상순,2024-05-03,18740,18740,18740,18715,16196,15373,,,,,,
2024-05-06,1209,마늘,0.737,0.122,6833.35,6836.65,6825,6774,7091.7,6783,상승주의,138,5,상승주의,5,1,상승주의,5,2024-05-02,4,하순,5,상순,2024-05-03,9280,9311,9491,9497,11612,10737,,,,,,
2024-05-06,1201,양파,109.492,13.912,1567,1372,1349,1412,1212,748,상승심각,1,7,상승주의,5,1,상승심각,7,2024-05-04,4,하순,5,상순,2024-05-06,2193,2221,2269,2617,2205,2117,,,,,,
2024-05-06,1202,대파,62.998,3.066,2740,2239,2656,2243,2308,1681,하락심각,5,1,하락심각,1,1,하락심각,1,2024-05-04,4,하순,5,상순,2024-05-06,4511,4771,4756,4396,4412,3934,,,,,,
2024-05-07,1001,배추,35.751,-8.921,3968,4430.333,4322,4732,3326,2923,상승경계,1,6,상승심각,7,1,상승경계,6,2024-05-06,4,하순,5,상순,2024-05-07,4357,4233,4359,4600,4124,4789,,,,,,
2024-05-07,1101,무,41.606,-9.521,1569.2,1618.6,1718.6,1640,1683.4,1108,상승경계,1,6,상승경계,6,1,상승주의,5,2024-05-06,4,하순,5,상순,2024-05-07,2162,2145,2169,1918,2160,1622,,,,,,
2024-05-07,1207,건고추,16.899,0.833,13565,13474.6,13452,13452,12480,11604,상승심각,165,7,상승심각,7,1,상승심각,7,2024-05-02,4,하순,5,상순,2024-05-03,18740,18740,18740,18715,16196,15373,,,,,,
2024-05-07,1209,마늘,0.737,0.122,6833.35,6836.65,6825,6774,7091.7,6783,상승주의,138,5,상승주의,5,1,상승주의,5,2024-05-02,4,하순,5,상순,2024-05-03,9280,9311,9491,9497,11612,10737,,,,,,
2024-05-07,1201,양파,85.16,-13.141,1385,1372,1567,1412,1212,748,상승경계,1,6,상승주의,5,1,상승심각,7,2024-05-06,4,하순,5,상순,2024-05-07,2246,2221,2193,2617,2205,2117,,,,,,
2024-05-07,1202,대파,37.775,-18.307,2316,2239,2740,2243,2308,1681,하락심각,6,1,하락심각,1,1,하락심각,1,2024-05-06,4,하순,5,상순,2024-05-07,4815,4771,4511,4396,4412,3934,,,,,,
2024-05-08,1001,배추,38.351,1.887,4044.333,4430.333,3968,4732,3326,2923,상승경계,2,6,상승심각,7,1,상승경계,6,2024-05-07,4,하순,5,상순,2024-05-08,4294,4233,4357,4600,4124,4789,,,,,,
2024-05-08,1101,무,41.697,0.032,1569.7,1618.6,1569.2,1640,1683.4,1108,상승경계,2,6,상승경계,6,1,상승주의,5,2024-05-07,4,하순,5,상순,2024-05-08,2166,2145,2162,1918,2160,1622,,,,,,
2024-05-08,1207,건고추,15.926,-0.84,13452,13474.6,13565,13452,12480,11604,상승심각,166,7,상승심각,7,1,상승심각,7,2024-05-03,4,하순,5,상순,2024-05-07,18740,18740,18740,18715,16196,15373,,,,,,
2024-05-08,1209,마늘,0.87,0.121,6841.65,6836.65,6833.35,6774,7091.7,6783,상승주의,139,5,상승주의,5,1,상승주의,5,2024-05-03,4,하순,5,상순,2024-05-07,9280,9311,9280,9497,11612,10737,,,,,,
2024-05-08,1201,양파,89.439,2.258,1417,1372,1385,1412,1212,748,상승경계,2,6,상승주의,5,1,상승심각,7,2024-05-07,4,하순,5,상순,2024-05-08,2214,2221,2246,2617,2205,2117,,,,,,
2024-05-08,1202,대파,21.237,-13.641,2038,2239,2316,2243,2308,1681,하락심각,7,1,하락심각,1,1,하락심각,1,2024-05-07,4,하순,5,상순,2024-05-08,4862,4771,4815,4396,4412,3934,,,,,,
2024-05-09,1001,배추,36.572,-1.319,3991.667,4430.333,4044.333,4732,3326,2923,상승경계,3,6,상승심각,7,1,상승경계,6,2024-05-08,4,하순,5,상순,2024-05-09,4294,4233,4357,4600,4124,4789,,,,,,
2024-05-09,1101,무,33.755,-5.946,1481.6,1618.6,1569.7,1640,1683.4,1108,상승주의,1,5,상승경계,6,1,상승주의,5,2024-05-08,4,하순,5,상순,2024-05-09,2166,2145,2162,1918,2160,1622,,,,,,
2024-05-09,1207,건고추,15.926,0,13452,13474.6,13452,13452,12480,11604,상승심각,167,7,상승심각,7,1,상승심각,7,2024-05-07,4,하순,5,상순,2024-05-08,18740,18740,18740,18715,16196,15373,,,,,,
2024-05-09,1209,마늘,0.87,0,6841.65,6836.65,6841.65,6774,7091.7,6783,상승주의,140,5,상승주의,5,1,상승주의,5,2024-05-07,4,하순,5,상순,2024-05-08,9262,9311,9280,9497,11612,10737,,,,,,
2024-05-09,1201,양파,87.968,-0.782,1406,1372,1417,1412,1212,748,상승경계,3,6,상승주의,5,1,상승심각,7,2024-05-08,4,하순,5,상순,2024-05-09,2214,2221,2246,2617,2205,2117,,,,,,
2024-05-09,1202,대파,14.813,-5.596,1930,2239,2038,2243,2308,1681,하락심각,8,1,하락심각,1,1,하락심각,1,2024-05-08,4,하순,5,상순,2024-05-09,4862,4771,4815,4396,4412,3934,,,,,,
2024-05-10,1001,배추,54.396,11.552,4513,4430.333,3991.667,4732,3326,2923,상승심각,1,7,상승심각,7,1,상승경계,6,2024-05-09,4,하순,5,상순,2024-05-10,3808,4233,4294,4600,4124,4789,,,,,,
2024-05-10,1101,무,20.758,-10.708,1338.3,1618.6,1481.6,1640,1683.4,1108,상승주의,2,5,상승경계,6,1,상승주의,5,2024-05-09,4,하순,5,상순,2024-05-10,2046,2145,2166,1918,2160,1622,,,,,,
2024-05-10,1207,건고추,15.926,0,13452,13474.6,13452,13452,12480,11604,상승심각,167,7,상승심각,7,1,상승심각,7,2024-05-07,4,하순,5,상순,2024-05-08,18740,18740,18740,18715,16196,15373,,,,,,
2024-05-10,1209,마늘,0.87,0,6841.65,6836.65,6841.65,6774,7091.7,6783,상승주의,140,5,상승주의,5,1,상승주의,5,2024-05-07,4,하순,5,상순,2024-05-08,9262,9311,9280,9497,11612,10737,,,,,,
2024-05-10,1201,양파,84.759,-1.737,1382,1372,1406,1412,1212,748,상승경계,4,6,상승주의,5,1,상승심각,7,2024-05-09,4,하순,5,상순,2024-05-10,2184,2221,2214,2617,2205,2117,,,,,,
2024-05-10,1202,대파,16.597,1.531,1960,2239,1930,2243,2308,1681,하락심각,9,1,하락심각,1,1,하락심각,1,2024-05-09,4,하순,5,상순,2024-05-10,4909,4771,4862,4396,4412,3934,,,,,,
2024-05-12,1001,배추,84.689,2.062,4608,3774.667,4513,4430,3031.333,2495,상승심각,2,7,상승경계,6,1,상승주의,5,2024-05-10,5,상순,5,중순,2024-05-11,3808,3795,4294,4233,4074,4003,,,,,,
2024-05-12,1101,무,85.59,30.242,1918.5,1622.7,1338.3,1619,1729.1,1034,상승심각,1,7,상승경계,6,1,상승주의,5,2024-05-10,5,상순,5,중순,2024-05-11,2046,2066,2166,2145,2293,1710,,,,,,
2024-05-12,1207,건고추,15.926,0,13452,13452,13452,13475,12480,11604,상승심각,168,7,상승심각,7,1,상승심각,7,2024-05-08,5,상순,5,중순,2024-05-10,18740,18740,18740,18740,15945,15316,,,,,,
2024-05-12,1209,마늘,3.089,0,6841.65,6833.35,6841.65,6837,6711.9,6637,상승주의,141,5,상승주의,5,1,상승주의,5,2024-05-08,5,상순,5,중순,2024-05-10,9242,9310,9262,9311,11308,10730,,,,,,
2024-05-12,1201,양파,112.893,-2.068,1354,1197,1382,1372,1058,636,상승주의,1,5,안정,4,1,상승경계,6,2024-05-10,5,상순,5,중순,2024-05-11,2184,2167,2214,2221,2238,2079,,,,,,
2024-05-12,1202,대파,7.877,-21.287,1616,1806,1960,2239,1629,1498,하락심각,10,1,하락심각,1,1,하락심각,1,2024-05-10,5,상순,5,중순,2024-05-11,4909,4862,4862,4771,4867,4177,,,,,,
2024-05-13,1001,배추,84.048,-0.348,4592,3774.667,4608,4430,3031.333,2495,상승심각,3,7,상승경계,6,1,상승주의,5,2024-05-11,5,상순,5,중순,2024-05-13,3861,3795,3808,4233,4074,4003,,,,,,
2024-05-13,1101,무,59.091,-16.619,1645.1,1622.7,1918.5,1619,1729.1,1034,상승경계,1,6,상승경계,6,1,상승주의,5,2024-05-11,5,상순,5,중순,2024-05-13,2001,2066,2046,2145,2293,1710,,,,,,
2024-05-13,1207,건고추,15.926,0,13452,13452,13452,13475,12480,11604,상승심각,168,7,상승심각,7,1,상승심각,7,2024-05-08,5,상순,5,중순,2024-05-10,18740,18740,18740,18740,15945,15316,,,,,,
2024-05-13,1209,마늘,3.089,0,6841.65,6833.35,6841.65,6837,6711.9,6637,상승주의,141,5,상승주의,5,1,상승주의,5,2024-05-08,5,상순,5,중순,2024-05-10,9242,9310,9262,9311,11308,10730,,,,,,
2024-05-13,1201,양파,84.591,-15.332,1174,1197,1354,1372,1058,636,안정,1,4,안정,4,1,상승경계,6,2024-05-11,5,상순,5,중순,2024-05-13,2203,2167,2184,2221,2238,2079,,,,,,
2024-05-13,1202,대파,22.163,11.694,1830,1806,1616,2239,1629,1498,하락심각,11,1,하락심각,1,1,하락심각,1,2024-05-11,5,상순,5,중순,2024-05-13,4959,4862,4909,4771,4867,4177,,,,,,
2024-05-11,1001,배추,84.689,2.062,4608,3774.667,4513,4430,3031.333,2495,상승심각,2,7,상승경계,6,1,상승주의,5,2024-05-10,5,상순,5,중순,2024-05-11,3808,3795,4294,4233,4074,4003,,,,,,
2024-05-11,1101,무,85.59,30.242,1918.5,1622.7,1338.3,1619,1729.1,1034,상승심각,1,7,상승경계,6,1,상승주의,5,2024-05-10,5,상순,5,중순,2024-05-11,2046,2066,2166,2145,2293,1710,,,,,,
2024-05-11,1207,건고추,15.926,0,13452,13452,13452,13475,12480,11604,상승심각,168,7,상승심각,7,1,상승심각,7,2024-05-08,5,상순,5,중순,2024-05-10,18740,18740,18740,18740,15945,15316,,,,,,
2024-05-11,1209,마늘,3.089,0,6841.65,6833.35,6841.65,6837,6711.9,6637,상승주의,141,5,상승주의,5,1,상승주의,5,2024-05-08,5,상순,5,중순,2024-05-10,9242,9310,9262,9311,11308,10730,,,,,,
2024-05-11,1201,양파,112.893,-2.068,1354,1197,1382,1372,1058,636,상승주의,1,5,안정,4,1,상승경계,6,2024-05-10,5,상순,5,중순,2024-05-11,2184,2167,2214,2221,2238,2079,,,,,,
2024-05-11,1202,대파,7.877,-21.287,1616,1806,1960,2239,1629,1498,하락심각,10,1,하락심각,1,1,하락심각,1,2024-05-10,5,상순,5,중순,2024-05-11,4909,4862,4862,4771,4867,4177,,,,,,
2024-05-14,1001,배추,73.828,-5.872,4337.333,3774.667,4592,4430,3031.333,2495,상승심각,4,7,상승경계,6,1,상승주의,5,2024-05-13,5,상순,5,중순,2024-05-14,3794,3795,3861,4233,4074,4003,,,,,,
2024-05-14,1101,무,52.805,-4.107,1580.2,1622.7,1645.1,1619,1729.1,1034,상승경계,2,6,상승경계,6,1,상승주의,5,2024-05-13,5,상순,5,중순,2024-05-14,2050,2066,2001,2145,2293,1710,,,,,,
2024-05-14,1207,건고추,15.926,0,13452,13452,13452,13475,12480,11604,상승심각,169,7,상승심각,7,1,상승심각,7,2024-05-10,5,상순,5,중순,2024-05-13,18740,18740,18740,18740,15945,15316,,,,,,
2024-05-14,1209,마늘,2.953,-0.121,6833.35,6833.35,6841.65,6837,6711.9,6637,상승주의,142,5,상승주의,5,1,상승주의,5,2024-05-10,5,상순,5,중순,2024-05-13,9280,9310,9242,9311,11308,10730,,,,,,
2024-05-14,1201,양파,88.365,2.003,1198,1197,1174,1372,1058,636,안정,2,4,안정,4,1,상승경계,6,2024-05-13,5,상순,5,중순,2024-05-14,2212,2167,2203,2221,2238,2079,,,,,,
2024-05-14,1202,대파,16.222,-5.112,1741,1806,1830,2239,1629,1498,하락심각,12,1,하락심각,1,1,하락심각,1,2024-05-13,5,상순,5,중순,2024-05-14,4954,4862,4959,4771,4867,4177,,,,,,
2024-05-15,1001,배추,63.367,-6.403,4076.333,3774.667,4337.333,4430,3031.333,2495,상승경계,1,6,상승경계,6,1,상승주의,5,2024-05-14,5,상순,5,중순,2024-05-15,3794,3795,3861,4233,4074,4003,,,,,,
2024-05-15,1101,무,44.874,-5.501,1497.8,1622.7,1580.2,1619,1729.1,1034,상승경계,3,6,상승경계,6,1,상승주의,5,2024-05-14,5,상순,5,중순,2024-05-15,2050,2066,2001,2145,2293,1710,,,,,,
2024-05-15,1207,건고추,15.926,0,13452,13452,13452,13475,12480,11604,상승심각,170,7,상승심각,7,1,상승심각,7,2024-05-13,5,상순,5,중순,2024-05-14,18740,18740,18740,18740,15945,15316,,,,,,
2024-05-15,1209,마늘,2.953,0,6833.35,6833.35,6833.35,6837,6711.9,6637,상승주의,143,5,상승주의,5,1,상승주의,5,2024-05-13,5,상순,5,중순,2024-05-14,9280,9310,9280,9311,11308,10730,,,,,,
2024-05-15,1201,양파,84.906,-1.871,1176,1197,1198,1372,1058,636,안정,3,4,안정,4,1,상승경계,6,2024-05-14,5,상순,5,중순,2024-05-15,2212,2167,2203,2221,2238,2079,,,,,,
2024-05-15,1202,대파,19.96,3.116,1797,1806,1741,2239,1629,1498,하락심각,13,1,하락심각,1,1,하락심각,1,2024-05-14,5,상순,5,중순,2024-05-15,4954,4862,4959,4771,4867,4177,,,,,,
2024-05-16,1001,배추,42.164,-14.923,3547,3774.667,4076.333,4430,3031.333,2495,상승경계,2,6,상승경계,6,1,상승주의,5,2024-05-15,5,상순,5,중순,2024-05-16,3775,3795,3794,4233,4074,4003,,,,,,
2024-05-16,1101,무,39.168,-4.093,1438.9,1622.7,1497.8,1619,1729.1,1034,상승주의,1,5,상승경계,6,1,상승주의,5,2024-05-15,5,상순,5,중순,2024-05-16,2143,2066,2050,2145,2293,1710,,,,,,
2024-05-16,1207,건고추,15.926,0,13452,13452,13452,13475,12480,11604,상승심각,170,7,상승심각,7,1,상승심각,7,2024-05-13,5,상순,5,중순,2024-05-14,18740,18740,18740,18740,15945,15316,,,,,,
2024-05-16,1209,마늘,2.953,0,6833.35,6833.35,6833.35,6837,6711.9,6637,상승주의,143,5,상승주의,5,1,상승주의,5,2024-05-13,5,상순,5,중순,2024-05-14,9280,9310,9280,9311,11308,10730,,,,,,
2024-05-16,1201,양파,85.377,0.254,1179,1197,1176,1372,1058,636,안정,4,4,안정,4,1,상승경계,6,2024-05-15,5,상순,5,중순,2024-05-16,2078,2167,2212,2221,2238,2079,,,,,,
2024-05-16,1202,대파,17.69,-1.929,1763,1806,1797,2239,1629,1498,하락심각,14,1,하락심각,1,1,하락심각,1,2024-05-15,5,상순,5,중순,2024-05-16,4927,4862,4954,4771,4867,4177,,,,,,
2024-05-17,1001,배추,40.561,-1.15,3506.667,3774.667,3547,4430,3031.333,2495,상승경계,3,6,상승경계,6,1,상승주의,5,2024-05-16,5,상순,5,중순,2024-05-17,3797,3795,3775,4233,4074,4003,,,,,,
2024-05-17,1101,무,58.511,12.214,1639.1,1622.7,1438.9,1619,1729.1,1034,상승경계,1,6,상승경계,6,1,상승주의,5,2024-05-16,5,상순,5,중순,2024-05-17,2076,2066,2143,2145,2293,1710,,,,,,
2024-05-17,1207,건고추,15.926,0,13452,13452,13452,13475,12480,11604,상승심각,171,7,상승심각,7,1,상승심각,7,2024-05-14,5,상순,5,중순,2024-05-16,18740,18740,18740,18740,15945,15316,,,,,,
2024-05-17,1209,마늘,2.953,0,6833.35,6833.35,6833.35,6837,6711.9,6637,상승주의,144,5,상승주의,5,1,상승주의,5,2024-05-14,5,상순,5,중순,2024-05-16,9354,9310,9280,9311,11308,10730,,,,,,
2024-05-17,1201,양파,84.119,-0.683,1171,1197,1179,1372,1058,636,안정,5,4,안정,4,1,상승경계,6,2024-05-16,5,상순,5,중순,2024-05-17,2174,2167,2078,2221,2238,2079,,,,,,
2024-05-17,1202,대파,23.632,4.806,1852,1806,1763,2239,1629,1498,하락심각,15,1,하락심각,1,1,하락심각,1,2024-05-16,5,상순,5,중순,2024-05-17,4656,4862,4927,4771,4867,4177,,,,,,
2024-05-18,1001,배추,39.599,-0.689,3482.667,3774.667,3506.667,4430,3031.333,2495,상승경계,4,6,상승경계,6,1,상승주의,5,2024-05-17,5,상순,5,중순,2024-05-18,3797,3795,3775,4233,4074,4003,,,,,,
2024-05-18,1101,무,59.284,0.498,1647.3,1622.7,1639.1,1619,1729.1,1034,상승경계,2,6,상승경계,6,1,상승주의,5,2024-05-17,5,상순,5,중순,2024-05-18,2076,2066,2143,2145,2293,1710,,,,,,
2024-05-18,1207,건고추,15.926,0,13452,13452,13452,13475,12480,11604,상승심각,172,7,상승심각,7,1,상승심각,7,2024-05-16,5,상순,5,중순,2024-05-17,18740,18740,18740,18740,15945,15316,,,,,,
2024-05-18,1209,마늘,2.953,0,6833.35,6833.35,6833.35,6837,6711.9,6637,상승주의,145,5,상승주의,5,1,상승주의,5,2024-05-16,5,상순,5,중순,2024-05-17,9322,9310,9354,9311,11308,10730,,,,,,
2024-05-18,1201,양파,83.491,-0.343,1167,1197,1171,1372,1058,636,안정,6,4,안정,4,1,상승경계,6,2024-05-17,5,상순,5,중순,2024-05-18,2174,2167,2078,2221,2238,2079,,,,,,
2024-05-18,1202,대파,30.24,5.074,1951,1806,1852,2239,1629,1498,하락심각,16,1,하락심각,1,1,하락심각,1,2024-05-17,5,상순,5,중순,2024-05-18,4656,4862,4927,4771,4867,4177,,,,,,
2024-05-19,1001,배추,39.599,-0.689,3482.667,3774.667,3506.667,4430,3031.333,2495,상승경계,4,6,상승경계,6,1,상승주의,5,2024-05-17,5,상순,5,중순,2024-05-18,3797,3795,3775,4233,4074,4003,,,,,,
2024-05-19,1101,무,59.284,0.498,1647.3,1622.7,1639.1,1619,1729.1,1034,상승경계,2,6,상승경계,6,1,상승주의,5,2024-05-17,5,상순,5,중순,2024-05-18,2076,2066,2143,2145,2293,1710,,,,,,
2024-05-19,1207,건고추,15.926,0,13452,13452,13452,13475,12480,11604,상승심각,172,7,상승심각,7,1,상승심각,7,2024-05-16,5,상순,5,중순,2024-05-17,18740,18740,18740,18740,15945,15316,,,,,,
2024-05-19,1209,마늘,2.953,0,6833.35,6833.35,6833.35,6837,6711.9,6637,상승주의,145,5,상승주의,5,1,상승주의,5,2024-05-16,5,상순,5,중순,2024-05-17,9322,9310,9354,9311,11308,10730,,,,,,
2024-05-19,1201,양파,83.491,-0.343,1167,1197,1171,1372,1058,636,안정,6,4,안정,4,1,상승경계,6,2024-05-17,5,상순,5,중순,2024-05-18,2174,2167,2078,2221,2238,2079,,,,,,
2024-05-19,1202,대파,30.24,5.074,1951,1806,1852,2239,1629,1498,하락심각,16,1,하락심각,1,1,하락심각,1,2024-05-17,5,상순,5,중순,2024-05-18,4656,4862,4927,4771,4867,4177,,,,,,
2024-05-20,1001,배추,-17.916,-70.08,2047.667,3774.667,3482.667,4430,3031.333,2495,안정,1,4,상승경계,6,1,상승주의,5,2024-05-18,5,상순,5,중순,2024-05-20,3747,3795,3797,4233,4074,4003,,,,,,
2024-05-20,1101,무,56.093,-2.038,1614.4,1622.7,1647.3,1619,1729.1,1034,상승경계,3,6,상승경계,6,1,상승주의,5,2024-05-18,5,상순,5,중순,2024-05-20,2061,2066,2076,2145,2293,1710,,,,,,
2024-05-20,1207,건고추,15.926,0,13452,13452,13452,13475,12480,11604,상승심각,172,7,상승심각,7,1,상승심각,7,2024-05-16,5,상순,5,중순,2024-05-17,18740,18740,18740,18740,15945,15316,,,,,,
2024-05-20,1209,마늘,2.953,0,6833.35,6833.35,6833.35,6837,6711.9,6637,상승주의,145,5,상승주의,5,1,상승주의,5,2024-05-16,5,상순,5,중순,2024-05-17,9322,9310,9354,9311,11308,10730,,,,,,
2024-05-20,1201,양파,81.761,-0.952,1156,1197,1167,1372,1058,636,안정,7,4,안정,4,1,상승경계,6,2024-05-18,5,상순,5,중순,2024-05-20,2167,2167,2174,2221,2238,2079,,,,,,
2024-05-20,1202,대파,26.435,-3.01,1894,1806,1951,2239,1629,1498,하락심각,17,1,하락심각,1,1,하락심각,1,2024-05-18,5,상순,5,중순,2024-05-20,4813,4862,4656,4771,4867,4177,,,,,,
2024-05-21,1001,배추,-13.535,-3.714,1974.333,2187.667,2047.667,3775,2380.333,2283,안정,2,4,안정,4,1,안정,4,2024-05-20,5,중순,5,하순,2024-05-21,3695,3578,3747,3795,4016,3742,,,,,,
2024-05-21,1101,무,61.636,2.753,1660.1,1717.2,1614.4,1623,1332.7,1027,상승경계,4,6,상승심각,7,1,상승주의,5,2024-05-20,5,중순,5,하순,2024-05-21,2050,2065,2061,2066,2356,1775,,,,,,
2024-05-21,1207,건고추,12.119,0,13452,13543.56,13452,13452,13673.34,11998,상승심각,173,7,상승심각,7,1,상승심각,7,2024-05-17,5,중순,5,하순,2024-05-20,18740,18732,18740,18740,17111,15733,,,,,,
2024-05-21,1209,마늘,5.431,0,6833.35,6787.05,6833.35,6833,6454.75,6481,상승주의,146,5,상승주의,5,1,상승주의,5,2024-05-17,5,중순,5,하순,2024-05-20,9312,9174,9322,9310,10942,10659,,,,,,
2024-05-21,1201,양파,68.182,-4.144,1110,1146,1156,1197,1166,660,안정,8,4,안정,4,1,상승주의,5,2024-05-20,5,중순,5,하순,2024-05-21,2124,2103,2167,2167,2253,2009,,,,,,
2024-05-21,1202,대파,10.672,-7.431,1763,1651,1894,1806,1769,1593,하락심각,18,1,하락심각,1,1,하락심각,1,2024-05-20,5,중순,5,하순,2024-05-21,4796,4813,4813,4862,4914,4175,,,,,,
2024-05-22,1202,대파,10.232,-0.399,1756,1651,1763,1806,1769,1593,하락심각,19,1,하락심각,1,1,하락심각,1,2024-05-21,5,중순,5,하순,2024-05-22,4787,4813,4796,4862,4914,4175,,,,,,
2024-05-22,1001,배추,-12.659,0.97,1993.667,2187.667,1974.333,3775,2380.333,2283,안정,3,4,안정,4,1,안정,4,2024-05-21,5,중순,5,하순,2024-05-22,3636,3578,3695,3795,4016,3742,,,,,,
2024-05-22,1101,무,53.749,-5.143,1578.9,1717.2,1660.1,1623,1332.7,1027,상승경계,5,6,상승심각,7,1,상승주의,5,2024-05-21,5,중순,5,하순,2024-05-22,2064,2065,2050,2066,2356,1775,,,,,,
2024-05-22,1207,건고추,12.119,0,13452,13543.56,13452,13452,13673.34,11998,상승심각,174,7,상승심각,7,1,상승심각,7,2024-05-20,5,중순,5,하순,2024-05-21,18740,18732,18740,18740,17111,15733,,,,,,
2024-05-22,1209,마늘,5.431,0,6833.35,6787.05,6833.35,6833,6454.75,6481,상승주의,147,5,상승주의,5,1,상승주의,5,2024-05-20,5,중순,5,하순,2024-05-21,9292,9174,9312,9310,10942,10659,,,,,,
2024-05-22,1201,양파,63.939,-2.588,1082,1146,1110,1197,1166,660,안정,9,4,안정,4,1,상승주의,5,2024-05-21,5,중순,5,하순,2024-05-22,2093,2103,2124,2167,2253,2009,,,,,,
2024-05-23,1001,배추,-13.097,-0.47,1984.333,2187.667,1993.667,3775,2380.333,2283,안정,4,4,안정,4,1,안정,4,2024-05-22,5,중순,5,하순,2024-05-23,3568,3578,3636,3795,4016,3742,,,,,,
2024-05-23,1101,무,68.939,9.002,1735.1,1717.2,1578.9,1623,1332.7,1027,상승심각,1,7,상승심각,7,1,상승주의,5,2024-05-22,5,중순,5,하순,2024-05-23,2096,2065,2064,2066,2356,1775,,,,,,
2024-05-23,1207,건고추,12.119,0,13452,13543.56,13452,13452,13673.34,11998,상승심각,175,7,상승심각,7,1,상승심각,7,2024-05-21,5,중순,5,하순,2024-05-22,18740,18732,18740,18740,17111,15733,,,,,,
2024-05-23,1209,마늘,5.184,-0.245,6816.65,6787.05,6833.35,6833,6454.75,6481,상승주의,148,5,상승주의,5,1,상승주의,5,2024-05-21,5,중순,5,하순,2024-05-22,9279,9174,9292,9310,10942,10659,,,,,,
2024-05-23,1201,양파,64.394,0.276,1085,1146,1082,1197,1166,660,안정,10,4,안정,4,1,상승주의,5,2024-05-22,5,중순,5,하순,2024-05-23,2072,2103,2093,2167,2253,2009,,,,,,
2024-05-23,1202,대파,14.752,3.939,1828,1651,1756,1806,1769,1593,하락심각,20,1,하락심각,1,1,하락심각,1,2024-05-22,5,중순,5,하순,2024-05-23,4818,4813,4787,4862,4914,4175,,,,,,
2024-05-24,1001,배추,0.832,13.787,2301.667,2187.667,1984.333,3775,2380.333,2283,안정,5,4,안정,4,1,안정,4,2024-05-23,5,중순,5,하순,2024-05-24,3579,3578,3568,3795,4016,3742,,,,,,
2024-05-24,1101,무,71.957,1.755,1766.1,1717.2,1735.1,1623,1332.7,1027,상승심각,2,7,상승심각,7,1,상승주의,5,2024-05-23,5,중순,5,하순,2024-05-24,2172,2065,2096,2066,2356,1775,,,,,,
2024-05-24,1207,건고추,12.119,0,13452,13543.56,13452,13452,13673.34,11998,상승심각,176,7,상승심각,7,1,상승심각,7,2024-05-22,5,중순,5,하순,2024-05-23,18740,18732,18740,18740,17111,15733,,,,,,
2024-05-24,1209,마늘,4.66,-0.491,6783.35,6787.05,6816.65,6833,6454.75,6481,상승주의,149,5,상승주의,5,1,상승주의,5,2024-05-22,5,중순,5,하순,2024-05-23,9034,9174,9279,9310,10942,10659,,,,,,
2024-05-24,1201,양파,69.545,3.038,1119,1146,1085,1197,1166,660,안정,11,4,안정,4,1,상승주의,5,2024-05-23,5,중순,5,하순,2024-05-24,2019,2103,2072,2167,2253,2009,,,,,,
2024-05-24,1202,대파,10.295,-4.041,1757,1651,1828,1806,1769,1593,하락심각,21,1,하락심각,1,1,하락심각,1,2024-05-23,5,중순,5,하순,2024-05-24,4830,4813,4818,4862,4914,4175,,,,,,
2024-05-25,1001,배추,-10.162,-12.222,2051,2187.667,2301.667,3775,2380.333,2283,안정,6,4,안정,4,1,안정,4,2024-05-24,5,중순,5,하순,2024-05-25,3579,3578,3568,3795,4016,3742,,,,,,
2024-05-25,1101,무,79.163,4.001,1839.7,1717.2,1766.1,1623,1332.7,1027,상승심각,3,7,상승심각,7,1,상승주의,5,2024-05-24,5,중순,5,하순,2024-05-25,2172,2065,2096,2066,2356,1775,,,,,,
2024-05-25,1207,건고추,12.119,0,13452,13543.56,13452,13452,13673.34,11998,상승심각,177,7,상승심각,7,1,상승심각,7,2024-05-23,5,중순,5,하순,2024-05-24,18740,18732,18740,18740,17111,15733,,,,,,
2024-05-25,1209,마늘,4.413,-0.247,6766.65,6787.05,6783.35,6833,6454.75,6481,상승주의,150,5,상승주의,5,1,상승주의,5,2024-05-23,5,중순,5,하순,2024-05-24,9056,9174,9034,9310,10942,10659,,,,,,
2024-05-25,1201,양파,72.424,1.67,1138,1146,1119,1197,1166,660,안정,12,4,안정,4,1,상승주의,5,2024-05-24,5,중순,5,하순,2024-05-25,2019,2103,2072,2167,2253,2009,,,,,,
2024-05-25,1202,대파,8.914,-1.268,1735,1651,1757,1806,1769,1593,하락심각,22,1,하락심각,1,1,하락심각,1,2024-05-24,5,중순,5,하순,2024-05-25,4830,4813,4818,4862,4914,4175,,,,,,
2024-05-26,1001,배추,-10.162,-12.222,2051,2187.667,2301.667,3775,2380.333,2283,안정,6,4,안정,4,1,안정,4,2024-05-24,5,중순,5,하순,2024-05-25,3579,3578,3568,3795,4016,3742,,,,,,
2024-05-26,1101,무,79.163,4.001,1839.7,1717.2,1766.1,1623,1332.7,1027,상승심각,3,7,상승심각,7,1,상승주의,5,2024-05-24,5,중순,5,하순,2024-05-25,2172,2065,2096,2066,2356,1775,,,,,,
2024-05-26,1207,건고추,12.119,0,13452,13543.56,13452,13452,13673.34,11998,상승심각,177,7,상승심각,7,1,상승심각,7,2024-05-23,5,중순,5,하순,2024-05-24,18740,18732,18740,18740,17111,15733,,,,,,
2024-05-26,1209,마늘,4.413,-0.247,6766.65,6787.05,6783.35,6833,6454.75,6481,상승주의,150,5,상승주의,5,1,상승주의,5,2024-05-23,5,중순,5,하순,2024-05-24,9056,9174,9034,9310,10942,10659,,,,,,
2024-05-26,1201,양파,72.424,1.67,1138,1146,1119,1197,1166,660,안정,12,4,안정,4,1,상승주의,5,2024-05-24,5,중순,5,하순,2024-05-25,2019,2103,2072,2167,2253,2009,,,,,,
2024-05-26,1202,대파,8.914,-1.268,1735,1651,1757,1806,1769,1593,하락심각,22,1,하락심각,1,1,하락심각,1,2024-05-24,5,중순,5,하순,2024-05-25,4830,4813,4818,4862,4914,4175,,,,,,
2024-05-27,1001,배추,-7.841,2.519,2104,2187.667,2051,3775,2380.333,2283,안정,7,4,안정,4,1,안정,4,2024-05-25,5,중순,5,하순,2024-05-27,3594,3578,3579,3795,4016,3742,,,,,,
2024-05-27,1101,무,71.762,-4.303,1763.8,1717.2,1839.7,1623,1332.7,1027,상승심각,4,7,상승심각,7,1,상승주의,5,2024-05-25,5,중순,5,하순,2024-05-27,1969,2065,2172,2066,2356,1775,,,,,,
2024-05-27,1207,건고추,12.119,0,13452,13543.56,13452,13452,13673.34,11998,상승심각,177,7,상승심각,7,1,상승심각,7,2024-05-23,5,중순,5,하순,2024-05-24,18740,18732,18740,18740,17111,15733,,,,,,
2024-05-27,1209,마늘,4.413,-0.247,6766.65,6787.05,6783.35,6833,6454.75,6481,상승주의,150,5,상승주의,5,1,상승주의,5,2024-05-23,5,중순,5,하순,2024-05-24,9056,9174,9034,9310,10942,10659,,,,,,
2024-05-27,1201,양파,66.212,-3.737,1097,1146,1138,1197,1166,660,안정,13,4,안정,4,1,상승주의,5,2024-05-25,5,중순,5,하순,2024-05-27,2112,2103,2019,2167,2253,2009,,,,,,
2024-05-27,1202,대파,6.34,-2.42,1694,1651,1735,1806,1769,1593,하락심각,23,1,하락심각,1,1,하락심각,1,2024-05-25,5,중순,5,하순,2024-05-27,4850,4813,4830,4862,4914,4175,,,,,,
2024-05-28,1202,대파,-3.139,-9.786,1543,1651,1694,1806,1769,1593,하락심각,24,1,하락심각,1,1,하락심각,1,2024-05-27,5,중순,5,하순,2024-05-28,4863,4813,4850,4862,4914,4175,,,,,,
2024-05-28,1001,배추,-1.752,6.211,2243.333,2187.667,2104,3775,2380.333,2283,안정,8,4,안정,4,1,안정,4,2024-05-27,5,중순,5,하순,2024-05-28,3464,3578,3594,3795,4016,3742,,,,,,
2024-05-28,1101,무,72.541,0.457,1771.9,1717.2,1763.8,1623,1332.7,1027,상승심각,5,7,상승심각,7,1,상승주의,5,2024-05-27,5,중순,5,하순,2024-05-28,1981,2065,1969,2066,2356,1775,,,,,,
2024-05-28,1207,건고추,12.119,0,13452,13543.56,13452,13452,13673.34,11998,상승심각,178,7,상승심각,7,1,상승심각,7,2024-05-24,5,중순,5,하순,2024-05-27,18740,18732,18740,18740,17111,15733,,,,,,
2024-05-28,1209,마늘,4.413,0,6766.65,6787.05,6766.65,6833,6454.75,6481,상승주의,151,5,상승주의,5,1,상승주의,5,2024-05-24,5,중순,5,하순,2024-05-27,8916,9174,9056,9310,10942,10659,,,,,,
2024-05-28,1201,양파,76.667,5.918,1166,1146,1097,1197,1166,660,안정,14,4,안정,4,1,상승주의,5,2024-05-27,5,중순,5,하순,2024-05-28,2089,2103,2112,2167,2253,2009,,,,,,
2024-05-29,1001,배추,12.878,12.959,2577.333,2187.667,2243.333,3775,2380.333,2283,상승주의,1,5,안정,4,1,안정,4,2024-05-28,5,중순,5,하순,2024-05-29,3520,3578,3464,3795,4016,3742,,,,,,
2024-05-29,1101,무,78.676,3.433,1834.9,1717.2,1771.9,1623,1332.7,1027,상승심각,6,7,상승심각,7,1,상승주의,5,2024-05-28,5,중순,5,하순,2024-05-29,2022,2065,1981,2066,2356,1775,,,,,,
2024-05-29,1207,건고추,13.786,1.465,13652,13543.56,13452,13452,13673.34,11998,상승심각,179,7,상승심각,7,1,상승심각,7,2024-05-27,5,중순,5,하순,2024-05-28,18727,18732,18740,18740,17111,15733,,,,,,
2024-05-29,1209,마늘,4.413,0,6766.65,6787.05,6766.65,6833,6454.75,6481,상승주의,152,5,상승주의,5,1,상승주의,5,2024-05-27,5,중순,5,하순,2024-05-28,8961,9174,8916,9310,10942,10659,,,,,,
2024-05-29,1201,양파,90.152,7.092,1255,1146,1166,1197,1166,660,안정,15,4,안정,4,1,상승주의,5,2024-05-28,5,중순,5,하순,2024-05-29,2092,2103,2089,2167,2253,2009,,,,,,
2024-05-29,1202,대파,-11.99,-10.057,1402,1651,1543,1806,1769,1593,하락심각,25,1,하락심각,1,1,하락심각,1,2024-05-28,5,중순,5,하순,2024-05-29,4861,4813,4863,4862,4914,4175,,,,,,
2024-05-30,1001,배추,9.636,-2.956,2503.333,2187.667,2577.333,3775,2380.333,2283,상승주의,2,5,안정,4,1,안정,4,2024-05-29,5,중순,5,하순,2024-05-30,3568,3578,3520,3795,4016,3742,,,,,,
2024-05-30,1101,무,61.052,-10.951,1653.8,1717.2,1834.9,1623,1332.7,1027,상승경계,1,6,상승심각,7,1,상승주의,5,2024-05-29,5,중순,5,하순,2024-05-30,2094,2065,2022,2066,2356,1775,,,,,,
2024-05-30,1207,건고추,13.786,0,13652,13543.56,13652,13452,13673.34,11998,상승심각,180,7,상승심각,7,1,상승심각,7,2024-05-28,5,중순,5,하순,2024-05-29,18727,18732,18727,18740,17111,15733,,,,,,
2024-05-30,1209,마늘,4.66,0.246,6783.35,6787.05,6766.65,6833,6454.75,6481,상승주의,153,5,상승주의,5,1,상승주의,5,2024-05-28,5,중순,5,하순,2024-05-29,8993,9174,8961,9310,10942,10659,,,,,,
2024-05-30,1201,양파,84.697,-2.953,1219,1146,1255,1197,1166,660,안정,16,4,안정,4,1,상승주의,5,2024-05-29,5,중순,5,하순,2024-05-30,2147,2103,2092,2167,2253,2009,,,,,,
2024-05-30,1202,대파,-8.412,3.907,1459,1651,1402,1806,1769,1593,하락심각,26,1,하락심각,1,1,하락심각,1,2024-05-29,5,중순,5,하순,2024-05-30,4859,4813,4861,4862,4914,4175,,,,,,
2024-05-31,1001,배추,-6.045,-16.706,2145,2187.667,2503.333,3775,2380.333,2283,안정,1,4,안정,4,1,안정,4,2024-05-30,5,중순,5,하순,2024-05-31,3579,3578,3568,3795,4016,3742,,,,,,
2024-05-31,1101,무,52.678,-5.492,1567.7,1717.2,1653.8,1623,1332.7,1027,상승경계,2,6,상승심각,7,1,상승주의,5,2024-05-30,5,중순,5,하순,2024-05-31,2136,2065,2094,2066,2356,1775,,,,,,
2024-05-31,1207,건고추,13.886,0.088,13664,13543.56,13652,13452,13673.34,11998,상승심각,181,7,상승심각,7,1,상승심각,7,2024-05-29,5,중순,5,하순,2024-05-30,18727,18732,18727,18740,17111,15733,,,,,,
2024-05-31,1209,마늘,4.66,0,6783.35,6787.05,6783.35,6833,6454.75,6481,상승주의,154,5,상승주의,5,1,상승주의,5,2024-05-29,5,중순,5,하순,2024-05-30,9417,9174,8993,9310,10942,10659,,,,,,
2024-05-31,1201,양파,79.697,-2.782,1186,1146,1219,1197,1166,660,안정,17,4,안정,4,1,상승주의,5,2024-05-30,5,중순,5,하순,2024-05-31,2175,2103,2147,2167,2253,2009,,,,,,
2024-05-31,1202,대파,-1.444,7.07,1570,1651,1459,1806,1769,1593,하락심각,27,1,하락심각,1,1,하락심각,1,2024-05-30,5,중순,5,하순,2024-05-31,4655,4813,4859,4862,4914,4175,,,,,,
2024-06-01,1001,배추,-16.218,-4.329,2056,2205.667,2145,2188,2895,2454,안정,2,4,안정,4,1,상승주의,5,2024-05-31,5,하순,6,상순,2024-06-01,3579,3663,3568,3578,3779,3700,,,,,,
2024-06-01,1101,무,45.728,-4.444,1501,1500.3,1567.7,1717,1058.7,1030,상승주의,1,5,상승주의,5,1,상승주의,5,2024-05-31,5,하순,6,상순,2024-06-01,2136,2127,2094,2065,1997,1741,,,,,,
2024-06-01,1207,건고추,18.088,0,13664,13664,13664,13544,12480,11571,상승심각,182,7,상승심각,7,1,상승심각,7,2024-05-30,5,하순,6,상순,2024-05-31,18707,18723,18727,18732,16055,15402,,,,,,
2024-06-01,1209,마늘,6.4,0,6783.35,6796.7,6783.35,6787,6330.55,6375,상승주의,155,5,상승주의,5,1,상승주의,5,2024-05-30,5,하순,6,상순,2024-05-31,9615,10190,9417,9174,10380,10399,,,,,,
2024-06-01,1201,양파,40.587,-3.13,1150,1130,1186,1146,1264,818,안정,18,4,안정,4,1,안정,4,2024-05-31,5,하순,6,상순,2024-06-01,2175,2373,2147,2103,2091,2012,,,,,,
2024-06-01,1202,대파,24.659,14.208,1830,1486,1570,1651,1477,1468,하락심각,28,1,하락심각,1,1,하락심각,1,2024-05-31,5,하순,6,상순,2024-06-01,4655,5026,4859,4813,4850,4374,,,,,,
2024-06-02,1001,배추,-16.218,-4.329,2056,2205.667,2145,2188,2895,2454,안정,2,4,안정,4,1,상승주의,5,2024-05-31,5,하순,6,상순,2024-06-01,3579,3663,3568,3578,3779,3700,,,,,,
2024-06-02,1101,무,45.728,-4.444,1501,1500.3,1567.7,1717,1058.7,1030,상승주의,1,5,상승주의,5,1,상승주의,5,2024-05-31,5,하순,6,상순,2024-06-01,2136,2127,2094,2065,1997,1741,,,,,,
2024-06-02,1207,건고추,18.088,0,13664,13664,13664,13544,12480,11571,상승심각,182,7,상승심각,7,1,상승심각,7,2024-05-30,5,하순,6,상순,2024-05-31,18707,18723,18727,18732,16055,15402,,,,,,
2024-06-02,1209,마늘,6.4,0,6783.35,6796.7,6783.35,6787,6330.55,6375,상승주의,155,5,상승주의,5,1,상승주의,5,2024-05-30,5,하순,6,상순,2024-05-31,9615,10190,9417,9174,10380,10399,,,,,,
2024-06-02,1201,양파,40.587,-3.13,1150,1130,1186,1146,1264,818,안정,18,4,안정,4,1,안정,4,2024-05-31,5,하순,6,상순,2024-06-01,2175,2373,2147,2103,2091,2012,,,,,,
2024-06-02,1202,대파,24.659,14.208,1830,1486,1570,1651,1477,1468,하락심각,28,1,하락심각,1,1,하락심각,1,2024-05-31,5,하순,6,상순,2024-06-01,4655,5026,4859,4813,4850,4374,,,,,,
2024-06-03,1001,배추,-9.576,7.332,2218.667,2205.667,2056,2188,2895,2454,안정,3,4,안정,4,1,상승주의,5,2024-06-01,5,하순,6,상순,2024-06-03,3681,3663,3579,3578,3779,3700,,,,,,
2024-06-03,1101,무,39.223,-4.701,1433.6,1500.3,1501,1717,1058.7,1030,상승주의,2,5,상승주의,5,1,상승주의,5,2024-06-01,5,하순,6,상순,2024-06-03,2164,2127,2136,2065,1997,1741,,,,,,
2024-06-03,1207,건고추,18.088,0,13664,13664,13664,13544,12480,11571,상승심각,182,7,상승심각,7,1,상승심각,7,2024-05-30,5,하순,6,상순,2024-05-31,18707,18723,18727,18732,16055,15402,,,,,,
2024-06-03,1209,마늘,6.4,0,6783.35,6796.7,6783.35,6787,6330.55,6375,상승주의,155,5,상승주의,5,1,상승주의,5,2024-05-30,5,하순,6,상순,2024-05-31,9615,10190,9417,9174,10380,10399,,,,,,
2024-06-03,1201,양파,31.907,-6.58,1079,1130,1150,1146,1264,818,안정,19,4,안정,4,1,안정,4,2024-06-01,5,하순,6,상순,2024-06-03,2478,2373,2175,2103,2091,2012,,,,,,
2024-06-03,1202,대파,9.946,-13.383,1614,1486,1830,1651,1477,1468,하락심각,29,1,하락심각,1,1,하락심각,1,2024-06-01,5,하순,6,상순,2024-06-03,4902,5026,4655,4813,4850,4374,,,,,,
2024-06-04,1001,배추,-18.134,-10.418,2009.333,2205.667,2218.667,2188,2895,2454,안정,4,4,안정,4,1,상승주의,5,2024-06-03,5,하순,6,상순,2024-06-04,3683,3663,3681,3578,3779,3700,,,,,,
2024-06-04,1101,무,53.495,9.295,1580.5,1500.3,1433.6,1717,1058.7,1030,상승주의,3,5,상승주의,5,1,상승주의,5,2024-06-03,5,하순,6,상순,2024-06-04,2162,2127,2164,2065,1997,1741,,,,,,
2024-06-04,1207,건고추,18.088,0,13664,13664,13664,13544,12480,11571,상승심각,183,7,상승심각,7,1,상승심각,7,2024-05-31,5,하순,6,상순,2024-06-03,18707,18723,18707,18732,16055,15402,,,,,,
2024-06-04,1209,마늘,6.4,0,6783.35,6796.7,6783.35,6787,6330.55,6375,상승경계,1,6,상승경계,6,1,상승경계,6,2024-05-31,5,하순,6,상순,2024-06-03,10094,10190,9615,9174,10380,10399,,,,,,
2024-06-04,1201,양파,31.907,0,1079,1130,1079,1146,1264,818,안정,20,4,안정,4,1,안정,4,2024-06-03,5,하순,6,상순,2024-06-04,2433,2373,2478,2103,2091,2012,,,,,,
2024-06-04,1202,대파,-9.401,-21.353,1330,1486,1614,1651,1477,1468,하락심각,30,1,하락심각,1,1,하락심각,1,2024-06-03,5,하순,6,상순,2024-06-04,4940,5026,4902,4813,4850,4374,,,,,,
2024-06-05,1001,배추,-17.726,0.462,2018.667,2205.667,2009.333,2188,2895,2454,안정,5,4,안정,4,1,상승주의,5,2024-06-04,5,하순,6,상순,2024-06-05,3672,3663,3683,3578,3779,3700,,,,,,
2024-06-05,1101,무,54.757,0.841,1593.9,1500.3,1580.5,1717,1058.7,1030,상승주의,4,5,상승주의,5,1,상승주의,5,2024-06-04,5,하순,6,상순,2024-06-05,2133,2127,2162,2065,1997,1741,,,,,,
2024-06-05,1207,건고추,18.088,0,13664,13664,13664,13544,12480,11571,상승심각,184,7,상승심각,7,1,상승심각,7,2024-06-03,5,하순,6,상순,2024-06-04,18727,18723,18707,18732,16055,15402,,,,,,
2024-06-05,1209,마늘,6.4,0,6783.35,6796.7,6783.35,6787,6330.55,6375,상승경계,2,6,상승경계,6,1,상승경계,6,2024-06-03,5,하순,6,상순,2024-06-04,10298,10190,10094,9174,10380,10399,,,,,,
2024-06-05,1201,양파,43.521,8.092,1174,1130,1079,1146,1264,818,안정,21,4,안정,4,1,안정,4,2024-06-04,5,하순,6,상순,2024-06-05,2474,2373,2433,2103,2091,2012,,,,,,
2024-06-05,1202,대파,-14.782,-6.315,1251,1486,1330,1651,1477,1468,하락심각,31,1,하락심각,1,1,하락심각,1,2024-06-04,5,하순,6,상순,2024-06-05,4922,5026,4940,4813,4850,4374,,,,,,
2024-06-06,1001,배추,-9.495,9.11,2221,2205.667,2018.667,2188,2895,2454,안정,6,4,안정,4,1,상승주의,5,2024-06-05,5,하순,6,상순,2024-06-06,3672,3663,3683,3578,3779,3700,,,,,,
2024-06-06,1101,무,52.233,-1.665,1567.8,1500.3,1593.9,1717,1058.7,1030,상승주의,5,5,상승주의,5,1,상승주의,5,2024-06-05,5,하순,6,상순,2024-06-06,2133,2127,2162,2065,1997,1741,,,,,,
2024-06-06,1207,건고추,18.088,0,13664,13664,13664,13544,12480,11571,상승심각,185,7,상승심각,7,1,상승심각,7,2024-06-04,5,하순,6,상순,2024-06-05,18727,18723,18727,18732,16055,15402,,,,,,
2024-06-06,1209,마늘,6.667,0.245,6800,6796.7,6783.35,6787,6330.55,6375,상승경계,3,6,상승경계,6,1,상승경계,6,2024-06-04,5,하순,6,상순,2024-06-05,10266,10190,10298,9174,10380,10399,,,,,,
2024-06-06,1201,양파,42.787,-0.514,1168,1130,1174,1146,1264,818,안정,22,4,안정,4,1,안정,4,2024-06-05,5,하순,6,상순,2024-06-06,2474,2373,2433,2103,2091,2012,,,,,,
2024-06-06,1202,대파,-11.444,3.769,1300,1486,1251,1651,1477,1468,하락심각,32,1,하락심각,1,1,하락심각,1,2024-06-05,5,하순,6,상순,2024-06-06,4922,5026,4940,4813,4850,4374,,,,,,
2024-06-07,1001,배추,-1.263,8.349,2423.333,2205.667,2221,2188,2895,2454,상승주의,1,5,안정,4,1,상승주의,5,2024-06-06,5,하순,6,상순,2024-06-07,3668,3663,3672,3578,3779,3700,,,,,,
2024-06-07,1101,무,34.951,-12.816,1389.7,1500.3,1567.8,1717,1058.7,1030,상승주의,6,5,상승주의,5,1,상승주의,5,2024-06-06,5,하순,6,상순,2024-06-07,2058,2127,2133,2065,1997,1741,,,,,,
2024-06-07,1207,건고추,18.088,0,13664,13664,13664,13544,12480,11571,상승심각,185,7,상승심각,7,1,상승심각,7,2024-06-04,5,하순,6,상순,2024-06-05,18727,18723,18727,18732,16055,15402,,,,,,
2024-06-07,1209,마늘,6.667,0.245,6800,6796.7,6783.35,6787,6330.55,6375,상승경계,3,6,상승경계,6,1,상승경계,6,2024-06-04,5,하순,6,상순,2024-06-05,10266,10190,10298,9174,10380,10399,,,,,,
2024-06-07,1201,양파,41.809,-0.69,1160,1130,1168,1146,1264,818,안정,23,4,안정,4,1,안정,4,2024-06-06,5,하순,6,상순,2024-06-07,2215,2373,2474,2103,2091,2012,,,,,,
2024-06-07,1202,대파,-2.248,9.408,1435,1486,1300,1651,1477,1468,하락심각,33,1,하락심각,1,1,하락심각,1,2024-06-06,5,하순,6,상순,2024-06-07,5149,5026,4922,4813,4850,4374,,,,,,
2024-06-08,1001,배추,-5.786,-4.815,2312,2205.667,2423.333,2188,2895,2454,안정,1,4,안정,4,1,상승주의,5,2024-06-07,5,하순,6,상순,2024-06-08,3668,3663,3672,3578,3779,3700,,,,,,
2024-06-08,1101,무,40.68,4.066,1448.6,1500.3,1389.7,1717,1058.7,1030,상승주의,7,5,상승주의,5,1,상승주의,5,2024-06-07,5,하순,6,상순,2024-06-08,2058,2127,2133,2065,1997,1741,,,,,,
2024-06-08,1207,건고추,18.088,0,13664,13664,13664,13544,12480,11571,상승심각,186,7,상승심각,7,1,상승심각,7,2024-06-05,5,하순,6,상순,2024-06-07,18727,18723,18727,18732,16055,15402,,,,,,
2024-06-08,1209,마늘,6.792,0.123,6808.35,6796.7,6800,6787,6330.55,6375,상승경계,4,6,상승경계,6,1,상승경계,6,2024-06-05,5,하순,6,상순,2024-06-07,10139,10190,10266,9174,10380,10399,,,,,,
2024-06-08,1201,양파,38.142,-2.655,1130,1130,1160,1146,1264,818,안정,24,4,안정,4,1,안정,4,2024-06-07,5,하순,6,상순,2024-06-08,2215,2373,2474,2103,2091,2012,,,,,,
2024-06-08,1202,대파,-16.281,-16.762,1229,1486,1435,1651,1477,1468,하락심각,34,1,하락심각,1,1,하락심각,1,2024-06-07,5,하순,6,상순,2024-06-08,5149,5026,4922,4813,4850,4374,,,,,,
2024-06-09,1001,배추,-5.786,-4.815,2312,2205.667,2423.333,2188,2895,2454,안정,1,4,안정,4,1,상승주의,5,2024-06-07,5,하순,6,상순,2024-06-08,3668,3663,3672,3578,3779,3700,,,,,,
2024-06-09,1101,무,40.68,4.066,1448.6,1500.3,1389.7,1717,1058.7,1030,상승주의,7,5,상승주의,5,1,상승주의,5,2024-06-07,5,하순,6,상순,2024-06-08,2058,2127,2133,2065,1997,1741,,,,,,
2024-06-09,1207,건고추,18.088,0,13664,13664,13664,13544,12480,11571,상승심각,186,7,상승심각,7,1,상승심각,7,2024-06-05,5,하순,6,상순,2024-06-07,18727,18723,18727,18732,16055,15402,,,,,,
2024-06-09,1209,마늘,6.792,0.123,6808.35,6796.7,6800,6787,6330.55,6375,상승경계,4,6,상승경계,6,1,상승경계,6,2024-06-05,5,하순,6,상순,2024-06-07,10139,10190,10266,9174,10380,10399,,,,,,
2024-06-09,1201,양파,38.142,-2.655,1130,1130,1160,1146,1264,818,안정,24,4,안정,4,1,안정,4,2024-06-07,5,하순,6,상순,2024-06-08,2215,2373,2474,2103,2091,2012,,,,,,
2024-06-09,1202,대파,-16.281,-16.762,1229,1486,1435,1651,1477,1468,하락심각,34,1,하락심각,1,1,하락심각,1,2024-06-07,5,하순,6,상순,2024-06-08,5149,5026,4922,4813,4850,4374,,,,,,
2024-06-10,1001,배추,-2.771,3.115,2386.333,2205.667,2312,2188,2895,2454,상승주의,1,5,안정,4,1,상승주의,5,2024-06-08,5,하순,6,상순,2024-06-10,3609,3663,3668,3578,3779,3700,,,,,,
2024-06-10,1101,무,44.369,2.589,1487.1,1500.3,1448.6,1717,1058.7,1030,상승주의,8,5,상승주의,5,1,상승주의,5,2024-06-08,5,하순,6,상순,2024-06-10,2118,2127,2058,2065,1997,1741,,,,,,
2024-06-10,1207,건고추,18.088,0,13664,13664,13664,13544,12480,11571,상승심각,186,7,상승심각,7,1,상승심각,7,2024-06-05,5,하순,6,상순,2024-06-07,18727,18723,18727,18732,16055,15402,,,,,,
2024-06-10,1209,마늘,6.792,0.123,6808.35,6796.7,6800,6787,6330.55,6375,상승경계,4,6,상승경계,6,1,상승경계,6,2024-06-05,5,하순,6,상순,2024-06-07,10139,10190,10266,9174,10380,10399,,,,,,
2024-06-10,1201,양파,34.108,-3.008,1097,1130,1130,1146,1264,818,안정,25,4,안정,4,1,안정,4,2024-06-08,5,하순,6,상순,2024-06-10,2264,2373,2215,2103,2091,2012,,,,,,
2024-06-10,1202,대파,29.292,35.248,1898,1486,1229,1651,1477,1468,하락심각,35,1,하락심각,1,1,하락심각,1,2024-06-08,5,하순,6,상순,2024-06-10,5215,5026,5149,4813,4850,4374,,,,,,
2024-06-11,1001,배추,-17.231,-23.559,1931.333,2178.667,2386.333,2206,2583.333,2333,안정,1,4,안정,4,1,상승주의,5,2024-06-10,6,상순,6,중순,2024-06-11,3606,3468,3609,3663,3641,3683,,,,,,
2024-06-11,1101,무,38.825,-3.213,1440.8,1460.6,1487.1,1500,1104.7,1038,상승주의,9,5,상승주의,5,1,상승주의,5,2024-06-10,6,상순,6,중순,2024-06-11,2103,2086,2118,2127,1798,1698,,,,,,
2024-06-11,1207,건고추,17.905,0,13664,13664,13664,13664,12536.58,11589,상승심각,187,7,상승심각,7,1,상승심각,7,2024-06-07,6,상순,6,중순,2024-06-10,18727,18727,18727,18723,16220,15460,,,,,,
2024-06-11,1209,마늘,8.719,0,6808.35,6805.2,6808.35,6797,6438.1,6262,상승경계,5,6,상승경계,6,1,상승경계,6,2024-06-07,6,상순,6,중순,2024-06-10,10153,10284,10139,10190,10321,10357,,,,,,
2024-06-11,1201,양파,21.905,-7.129,1024,963,1097,1130,1127,840,안정,26,4,안정,4,1,안정,4,2024-06-10,6,상순,6,중순,2024-06-11,2256,2146,2264,2373,2149,2058,,,,,,
2024-06-11,1202,대파,-2.978,-35.475,1401,1369,1898,1486,1463,1444,하락심각,36,1,하락심각,1,1,하락심각,1,2024-06-10,6,상순,6,중순,2024-06-11,5257,5208,5215,5026,5168,4623,,,,,,
2024-06-12,1001,배추,0.471,17.594,2343.667,2178.667,1931.333,2206,2583.333,2333,상승주의,1,5,안정,4,1,상승주의,5,2024-06-11,6,상순,6,중순,2024-06-12,3606,3468,3606,3663,3641,3683,,,,,,
2024-06-12,1101,무,39.306,0.332,1445.6,1460.6,1440.8,1500,1104.7,1038,상승주의,10,5,상승주의,5,1,상승주의,5,2024-06-11,6,상순,6,중순,2024-06-12,2103,2086,2103,2127,1798,1698,,,,,,
2024-06-12,1207,건고추,17.905,0,13664,13664,13664,13664,12536.58,11589,상승심각,188,7,상승심각,7,1,상승심각,7,2024-06-10,6,상순,6,중순,2024-06-11,18727,18727,18727,18723,16220,15460,,,,,,
2024-06-12,1209,마늘,8.719,0,6808.35,6805.2,6808.35,6797,6438.1,6262,상승경계,6,6,상승경계,6,1,상승경계,6,2024-06-10,6,상순,6,중순,2024-06-11,10093,10284,10153,10190,10321,10357,,,,,,
2024-06-12,1201,양파,15.119,-5.895,967,963,1024,1130,1127,840,안정,27,4,안정,4,1,안정,4,2024-06-11,6,상순,6,중순,2024-06-12,2256,2146,2256,2373,2149,2058,,,,,,
2024-06-12,1202,대파,-12.119,-10.402,1269,1369,1401,1486,1463,1444,하락심각,37,1,하락심각,1,1,하락심각,1,2024-06-11,6,상순,6,중순,2024-06-12,5257,5208,5257,5026,5168,4623,,,,,,
2024-06-13,1001,배추,7.93,6.911,2517.667,2178.667,2343.667,2206,2583.333,2333,상승주의,2,5,안정,4,1,상승주의,5,2024-06-12,6,상순,6,중순,2024-06-13,3422,3468,3606,3663,3641,3683,,,,,,
2024-06-13,1101,무,41.715,1.693,1470.5,1460.6,1445.6,1500,1104.7,1038,상승주의,11,5,상승주의,5,1,상승주의,5,2024-06-12,6,상순,6,중순,2024-06-13,2139,2086,2103,2127,1798,1698,,,,,,
2024-06-13,1207,건고추,17.905,0,13664,13664,13664,13664,12536.58,11589,상승심각,189,7,상승심각,7,1,상승심각,7,2024-06-11,6,상순,6,중순,2024-06-12,18727,18727,18727,18723,16220,15460,,,,,,
2024-06-13,1209,마늘,8.719,0,6808.35,6805.2,6808.35,6797,6438.1,6262,상승경계,7,6,상승경계,6,1,상승경계,6,2024-06-11,6,상순,6,중순,2024-06-12,10093,10284,10093,10190,10321,10357,,,,,,
2024-06-13,1201,양파,11.429,-3.312,936,963,967,1130,1127,840,안정,28,4,안정,4,1,안정,4,2024-06-12,6,상순,6,중순,2024-06-13,2161,2146,2256,2373,2149,2058,,,,,,
2024-06-13,1202,대파,-5.886,6.623,1359,1369,1269,1486,1463,1444,하락심각,38,1,하락심각,1,1,하락심각,1,2024-06-12,6,상순,6,중순,2024-06-13,5149,5208,5257,5026,5168,4623,,,,,,
2024-06-14,1001,배추,14.574,5.823,2673.333,2178.667,2517.667,2206,2583.333,2333,상승주의,3,5,안정,4,1,상승주의,5,2024-06-13,6,상순,6,중순,2024-06-14,3410,3468,3422,3663,3641,3683,,,,,,
2024-06-14,1101,무,41.426,-0.204,1467.5,1460.6,1470.5,1500,1104.7,1038,상승주의,12,5,상승주의,5,1,상승주의,5,2024-06-13,6,상순,6,중순,2024-06-14,2133,2086,2139,2127,1798,1698,,,,,,
2024-06-14,1207,건고추,17.905,0,13664,13664,13664,13664,12536.58,11589,상승심각,190,7,상승심각,7,1,상승심각,7,2024-06-12,6,상순,6,중순,2024-06-13,18727,18727,18727,18723,16220,15460,,,,,,
2024-06-14,1209,마늘,8.719,0,6808.35,6805.2,6808.35,6797,6438.1,6262,상승경계,8,6,상승경계,6,1,상승경계,6,2024-06-12,6,상순,6,중순,2024-06-13,10216,10284,10093,10190,10321,10357,,,,,,
2024-06-14,1201,양파,5,-6.122,882,963,936,1130,1127,840,안정,29,4,안정,4,1,안정,4,2024-06-13,6,상순,6,중순,2024-06-14,2049,2146,2161,2373,2149,2058,,,,,,
2024-06-14,1202,대파,-12.673,-7.772,1261,1369,1359,1486,1463,1444,하락심각,39,1,하락심각,1,1,하락심각,1,2024-06-13,6,상순,6,중순,2024-06-14,5093,5208,5149,5026,5168,4623,,,,,,
2024-06-15,1001,배추,-19.76,-42.781,1872.333,2178.667,2673.333,2206,2583.333,2333,안정,1,4,안정,4,1,상승주의,5,2024-06-14,6,상순,6,중순,2024-06-15,3410,3468,3422,3663,3641,3683,,,,,,
2024-06-15,1101,무,36.031,-3.96,1411.6,1460.6,1467.5,1500,1104.7,1038,상승주의,13,5,상승주의,5,1,상승주의,5,2024-06-14,6,상순,6,중순,2024-06-15,2133,2086,2139,2127,1798,1698,,,,,,
2024-06-15,1207,건고추,17.905,0,13664,13664,13664,13664,12536.58,11589,상승심각,191,7,상승심각,7,1,상승심각,7,2024-06-13,6,상순,6,중순,2024-06-14,18727,18727,18727,18723,16220,15460,,,,,,
2024-06-15,1209,마늘,8.719,0,6808.35,6805.2,6808.35,6797,6438.1,6262,상승경계,9,6,상승경계,6,1,상승경계,6,2024-06-13,6,상순,6,중순,2024-06-14,10353,10284,10216,10190,10321,10357,,,,,,
2024-06-15,1201,양파,13.69,7.644,955,963,882,1130,1127,840,안정,30,4,안정,4,1,안정,4,2024-06-14,6,상순,6,중순,2024-06-15,2049,2146,2161,2373,2149,2058,,,,,,
2024-06-15,1202,대파,-2.701,10.249,1405,1369,1261,1486,1463,1444,하락심각,40,1,하락심각,1,1,하락심각,1,2024-06-14,6,상순,6,중순,2024-06-15,5093,5208,5149,5026,5168,4623,,,,,,
2024-06-16,1001,배추,-19.76,-42.781,1872.333,2178.667,2673.333,2206,2583.333,2333,안정,1,4,안정,4,1,상승주의,5,2024-06-14,6,상순,6,중순,2024-06-15,3410,3468,3422,3663,3641,3683,,,,,,
2024-06-16,1101,무,36.031,-3.96,1411.6,1460.6,1467.5,1500,1104.7,1038,상승주의,13,5,상승주의,5,1,상승주의,5,2024-06-14,6,상순,6,중순,2024-06-15,2133,2086,2139,2127,1798,1698,,,,,,
2024-06-16,1207,건고추,17.905,0,13664,13664,13664,13664,12536.58,11589,상승심각,191,7,상승심각,7,1,상승심각,7,2024-06-13,6,상순,6,중순,2024-06-14,18727,18727,18727,18723,16220,15460,,,,,,
2024-06-16,1209,마늘,8.719,0,6808.35,6805.2,6808.35,6797,6438.1,6262,상승경계,9,6,상승경계,6,1,상승경계,6,2024-06-13,6,상순,6,중순,2024-06-14,10353,10284,10216,10190,10321,10357,,,,,,
2024-06-16,1201,양파,13.69,7.644,955,963,882,1130,1127,840,안정,30,4,안정,4,1,안정,4,2024-06-14,6,상순,6,중순,2024-06-15,2049,2146,2161,2373,2149,2058,,,,,,
2024-06-16,1202,대파,-2.701,10.249,1405,1369,1261,1486,1463,1444,하락심각,40,1,하락심각,1,1,하락심각,1,2024-06-14,6,상순,6,중순,2024-06-15,5093,5208,5149,5026,5168,4623,,,,,,
2024-06-17,1001,배추,1.543,20.976,2369.333,2178.667,1872.333,2206,2583.333,2333,상승주의,1,5,안정,4,1,상승주의,5,2024-06-15,6,상순,6,중순,2024-06-17,3406,3468,3410,3663,3641,3683,,,,,,
2024-06-17,1101,무,36.416,0.325,1416.2,1460.6,1411.6,1500,1104.7,1038,상승주의,14,5,상승주의,5,1,상승주의,5,2024-06-15,6,상순,6,중순,2024-06-17,2105,2086,2133,2127,1798,1698,,,,,,
2024-06-17,1207,건고추,17.905,0,13664,13664,13664,13664,12536.58,11589,상승심각,191,7,상승심각,7,1,상승심각,7,2024-06-13,6,상순,6,중순,2024-06-14,18727,18727,18727,18723,16220,15460,,,,,,
2024-06-17,1209,마늘,8.719,0,6808.35,6805.2,6808.35,6797,6438.1,6262,상승경계,9,6,상승경계,6,1,상승경계,6,2024-06-13,6,상순,6,중순,2024-06-14,10353,10284,10216,10190,10321,10357,,,,,,
2024-06-17,1201,양파,16.548,2.451,979,963,955,1130,1127,840,안정,31,4,안정,4,1,안정,4,2024-06-15,6,상순,6,중순,2024-06-17,2124,2146,2049,2373,2149,2058,,,,,,
2024-06-17,1202,대파,2.77,5.323,1484,1369,1405,1486,1463,1444,하락심각,41,1,하락심각,1,1,하락심각,1,2024-06-15,6,상순,6,중순,2024-06-17,5231,5208,5093,5026,5168,4623,,,,,,
2024-06-18,1001,배추,-15.174,-19.744,1978.667,2178.667,2369.333,2206,2583.333,2333,안정,1,4,안정,4,1,상승주의,5,2024-06-17,6,상순,6,중순,2024-06-18,3421,3468,3406,3663,3641,3683,,,,,,
2024-06-18,1101,무,44.605,5.65,1501,1460.6,1416.2,1500,1104.7,1038,상승주의,15,5,상승주의,5,1,상승주의,5,2024-06-17,6,상순,6,중순,2024-06-18,2023,2086,2105,2127,1798,1698,,,,,,
2024-06-18,1207,건고추,17.905,0,13664,13664,13664,13664,12536.58,11589,상승심각,192,7,상승심각,7,1,상승심각,7,2024-06-14,6,상순,6,중순,2024-06-17,18727,18727,18727,18723,16220,15460,,,,,,
2024-06-18,1209,마늘,8.719,0,6808.35,6805.2,6808.35,6797,6438.1,6262,상승경계,10,6,상승경계,6,1,상승경계,6,2024-06-14,6,상순,6,중순,2024-06-17,10353,10284,10353,10190,10321,10357,,,,,,
2024-06-18,1201,양파,17.5,0.811,987,963,979,1130,1127,840,안정,32,4,안정,4,1,안정,4,2024-06-17,6,상순,6,중순,2024-06-18,2130,2146,2124,2373,2149,2058,,,,,,
2024-06-18,1202,대파,-12.465,-17.405,1264,1369,1484,1486,1463,1444,하락심각,42,1,하락심각,1,1,하락심각,1,2024-06-17,6,상순,6,중순,2024-06-18,5282,5208,5231,5026,5168,4623,,,,,,
2024-06-19,1001,배추,-12.302,3.275,2045.667,2178.667,1978.667,2206,2583.333,2333,안정,2,4,안정,4,1,상승주의,5,2024-06-18,6,상순,6,중순,2024-06-19,3412,3468,3421,3663,3641,3683,,,,,,
2024-06-19,1101,무,40.848,-2.661,1462.1,1460.6,1501,1500,1104.7,1038,상승주의,16,5,상승주의,5,1,상승주의,5,2024-06-18,6,상순,6,중순,2024-06-19,2040,2086,2023,2127,1798,1698,,,,,,
2024-06-19,1207,건고추,17.905,0,13664,13664,13664,13664,12536.58,11589,상승심각,193,7,상승심각,7,1,상승심각,7,2024-06-17,6,상순,6,중순,2024-06-18,18727,18727,18727,18723,16220,15460,,,,,,
2024-06-19,1209,마늘,8.592,-0.123,6800,6805.2,6808.35,6797,6438.1,6262,상승경계,11,6,상승경계,6,1,상승경계,6,2024-06-17,6,상순,6,중순,2024-06-18,10384,10284,10353,10190,10321,10357,,,,,,
2024-06-19,1201,양파,16.786,-0.612,981,963,987,1130,1127,840,안정,33,4,안정,4,1,안정,4,2024-06-18,6,상순,6,중순,2024-06-19,2124,2146,2130,2373,2149,2058,,,,,,
2024-06-19,1202,대파,-0.277,12.222,1440,1369,1264,1486,1463,1444,하락심각,43,1,하락심각,1,1,하락심각,1,2024-06-18,6,상순,6,중순,2024-06-19,5313,5208,5282,5026,5168,4623,,,,,,
2024-06-20,1001,배추,-19.546,-8.986,1877,2178.667,2045.667,2206,2583.333,2333,안정,3,4,안정,4,1,상승주의,5,2024-06-19,6,상순,6,중순,2024-06-20,3461,3468,3412,3663,3641,3683,,,,,,
2024-06-20,1101,무,47.399,4.463,1530.4,1460.6,1462.1,1500,1104.7,1038,상승주의,17,5,상승주의,5,1,상승주의,5,2024-06-19,6,상순,6,중순,2024-06-20,2039,2086,2040,2127,1798,1698,,,,,,
2024-06-20,1207,건고추,17.905,0,13664,13664,13664,13664,12536.58,11589,상승심각,194,7,상승심각,7,1,상승심각,7,2024-06-18,6,상순,6,중순,2024-06-19,18727,18727,18727,18723,16220,15460,,,,,,
2024-06-20,1209,마늘,8.592,0,6800,6805.2,6800,6797,6438.1,6262,상승경계,12,6,상승경계,6,1,상승경계,6,2024-06-18,6,상순,6,중순,2024-06-19,10345,10284,10384,10190,10321,10357,,,,,,
2024-06-20,1201,양파,13.452,-2.938,953,963,981,1130,1127,840,안정,34,4,안정,4,1,안정,4,2024-06-19,6,상순,6,중순,2024-06-20,2071,2146,2124,2373,2149,2058,,,,,,
2024-06-20,1202,대파,-0.623,-0.348,1435,1369,1440,1486,1463,1444,하락심각,44,1,하락심각,1,1,하락심각,1,2024-06-19,6,상순,6,중순,2024-06-20,5085,5208,5313,5026,5168,4623,,,,,,
2024-06-21,1001,배추,-4.258,18.943,2315.667,2500.667,1877,2179,2679.333,2419,안정,4,4,상승주의,5,1,상승주의,5,2024-06-20,6,중순,6,하순,2024-06-21,3478,3599,3461,3468,3919,3743,,,,,,
2024-06-21,1101,무,32.007,-0.315,1525.6,1492.3,1530.4,1461,1279.7,1156,상승주의,18,5,상승주의,5,1,상승주의,5,2024-06-20,6,중순,6,하순,2024-06-21,2056,2086,2039,2086,1927,1765,,,,,,
2024-06-21,1207,건고추,17.813,0,13664,13664,13664,13664,12646,11598,상승심각,195,7,상승심각,7,1,상승심각,7,2024-06-19,6,중순,6,하순,2024-06-20,18727,18753,18727,18727,16339,15496,,,,,,
2024-06-21,1209,마늘,10.336,0,6800,6695.8,6800,6805,6603.7,6163,상승경계,13,6,상승경계,6,1,상승경계,6,2024-06-19,6,중순,6,하순,2024-06-20,10436,10386,10345,10284,10076,10204,,,,,,
2024-06-21,1201,양파,5.593,-0.953,944,964,953,963,1221,894,안정,35,4,안정,4,1,안정,4,2024-06-20,6,중순,6,하순,2024-06-21,2023,2059,2071,2146,2144,2053,,,,,,
2024-06-21,1202,대파,9.439,13.45,1658,1710,1435,1369,1886,1515,하락심각,45,1,하락심각,1,1,하락심각,1,2024-06-20,6,중순,6,하순,2024-06-21,5149,5407,5085,5208,5739,4677,,,,,,
2024-06-23,1001,배추,0.992,5.199,2442.667,2500.667,2315.667,2179,2679.333,2419,상승주의,1,5,상승주의,5,0,상승주의,5,2024-06-21,6,중순,6,하순,2024-06-22,3478,3599,3461,3468,3919,3743,,,,,,
2024-06-23,1101,무,20.675,-9.346,1395.2,1492.3,1525.6,1461,1279.7,1156,상승주의,19,5,상승주의,5,0,상승주의,5,2024-06-21,6,중순,6,하순,2024-06-22,2056,2086,2039,2086,1927,1765,,,,,,
2024-06-23,1207,건고추,17.813,0,13664,13664,13664,13664,12646,11598,상승심각,196,7,상승심각,7,0,상승심각,7,2024-06-20,6,중순,6,하순,2024-06-21,18753,18753,18727,18727,16339,15496,,,,,,
2024-06-23,1209,마늘,8.989,-1.241,6716.65,6695.8,6800,6805,6603.7,6163,상승경계,14,6,상승경계,6,0,상승경계,6,2024-06-20,6,중순,6,하순,2024-06-21,10425,10386,10436,10284,10076,10204,,,,,,
2024-06-23,1201,양파,9.62,3.673,980,964,944,963,1221,894,안정,36,4,안정,4,0,안정,4,2024-06-21,6,중순,6,하순,2024-06-22,2023,2059,2071,2146,2144,2053,,,,,,
2024-06-23,1202,대파,23.102,11.099,1865,1710,1658,1369,1886,1515,하락심각,46,1,하락심각,1,0,하락심각,1,2024-06-21,6,중순,6,하순,2024-06-22,5149,5407,5085,5208,5739,4677,,,,,,
2024-06-22,1001,배추,0.992,5.199,2442.667,2500.667,2315.667,2179,2679.333,2419,상승주의,1,5,상승주의,5,1,상승주의,5,2024-06-21,6,중순,6,하순,2024-06-22,3478,3552,3461,3468,3919,3743,,,,,,
2024-06-22,1101,무,20.675,-9.346,1395.2,1492.3,1525.6,1461,1279.7,1156,상승주의,19,5,상승주의,5,1,상승주의,5,2024-06-21,6,중순,6,하순,2024-06-22,2056,2080,2039,2086,1927,1765,,,,,,
2024-06-22,1207,건고추,17.813,0,13664,13664,13664,13664,12646,11598,상승심각,196,7,상승심각,7,1,상승심각,7,2024-06-20,6,중순,6,하순,2024-06-21,18753,18753,18727,18727,16339,15496,,,,,,
2024-06-22,1209,마늘,8.989,-1.241,6716.65,6696.65,6800,6805,6603.7,6163,상승경계,14,6,상승경계,6,1,상승경계,6,2024-06-20,6,중순,6,하순,2024-06-21,10425,10421,10436,10284,10076,10204,,,,,,
2024-06-22,1201,양파,9.62,3.673,980,964,944,963,1221,894,안정,36,4,안정,4,1,안정,4,2024-06-21,6,중순,6,하순,2024-06-22,2023,2048,2071,2146,2144,2053,,,,,,
2024-06-22,1202,대파,23.102,11.099,1865,1710,1658,1369,1886,1515,하락심각,46,1,하락심각,1,1,하락심각,1,2024-06-21,6,중순,6,하순,2024-06-22,5149,5374,5085,5208,5739,4677,,,,,,
2024-06-24,1001,배추,-3.803,-4.956,2327.333,2500.667,2442.667,2179,2679.333,2419,안정,1,4,상승주의,5,1,상승주의,5,2024-06-22,6,중순,6,하순,2024-06-24,3479,3599,3478,3468,3919,3743,,,,,,
2024-06-24,1101,무,27.336,5.217,1472,1492.3,1395.2,1461,1279.7,1156,상승주의,20,5,상승주의,5,1,상승주의,5,2024-06-22,6,중순,6,하순,2024-06-24,2079,2086,2056,2086,1927,1765,,,,,,
2024-06-24,1207,건고추,17.813,0,13664,13664,13664,13664,12646,11598,상승심각,196,7,상승심각,7,1,상승심각,7,2024-06-20,6,중순,6,하순,2024-06-21,18753,18753,18727,18727,16339,15496,,,,,,
2024-06-24,1209,마늘,8.989,-1.241,6716.65,6695.8,6800,6805,6603.7,6163,상승경계,14,6,상승경계,6,1,상승경계,6,2024-06-20,6,중순,6,하순,2024-06-21,10425,10386,10436,10284,10076,10204,,,,,,
2024-06-24,1201,양파,8.501,-1.031,970,964,980,963,1221,894,안정,37,4,안정,4,1,안정,4,2024-06-22,6,중순,6,하순,2024-06-24,2047,2059,2023,2146,2144,2053,,,,,,
2024-06-24,1202,대파,63.432,24.677,2476,1710,1865,1369,1886,1515,하락심각,47,1,하락심각,1,1,하락심각,1,2024-06-22,6,중순,6,하순,2024-06-24,5308,5407,5149,5208,5739,4677,,,,,,
2024-06-25,1001,배추,-0.041,3.736,2417.667,2500.667,2327.333,2179,2679.333,2419,상승주의,1,5,상승주의,5,1,상승주의,5,2024-06-24,6,중순,6,하순,2024-06-25,3496,3599,3479,3468,3919,3743,,,,,,
2024-06-25,1101,무,15.917,-9.892,1339.5,1492.3,1472,1461,1279.7,1156,상승주의,21,5,상승주의,5,1,상승주의,5,2024-06-24,6,중순,6,하순,2024-06-25,2090,2086,2079,2086,1927,1765,,,,,,
2024-06-25,1207,건고추,17.813,0,13664,13664,13664,13664,12646,11598,상승심각,197,7,상승심각,7,1,상승심각,7,2024-06-21,6,중순,6,하순,2024-06-24,18753,18753,18753,18727,16339,15496,,,,,,
2024-06-25,1209,마늘,8.583,-0.374,6691.65,6695.8,6716.65,6805,6603.7,6163,상승경계,15,6,상승경계,6,1,상승경계,6,2024-06-21,6,중순,6,하순,2024-06-24,10425,10386,10425,10284,10076,10204,,,,,,
2024-06-25,1201,양파,7.494,-0.937,961,964,970,963,1221,894,안정,38,4,안정,4,1,안정,4,2024-06-24,6,중순,6,하순,2024-06-25,2037,2059,2047,2146,2144,2053,,,,,,
2024-06-25,1202,대파,15.512,-41.486,1750,1710,2476,1369,1886,1515,하락심각,48,1,하락심각,1,1,하락심각,1,2024-06-24,6,중순,6,하순,2024-06-25,5435,5407,5308,5208,5739,4677,,,,,,
2024-06-26,1001,배추,-8.847,-9.661,2204.667,2500.667,2417.667,2179,2679.333,2419,안정,1,4,상승주의,5,1,상승주의,5,2024-06-25,6,중순,6,하순,2024-06-26,3525,3599,3496,3468,3919,3743,,,,,,
2024-06-26,1101,무,13.062,-2.51,1306.7,1492.3,1339.5,1461,1279.7,1156,상승주의,22,5,상승주의,5,1,상승주의,5,2024-06-25,6,중순,6,하순,2024-06-26,2091,2086,2090,2086,1927,1765,,,,,,
2024-06-26,1207,건고추,17.813,0,13664,13664,13664,13664,12646,11598,상승심각,198,7,상승심각,7,1,상승심각,7,2024-06-24,6,중순,6,하순,2024-06-25,18753,18753,18753,18727,16339,15496,,,,,,
2024-06-26,1209,마늘,8.583,0,6691.65,6695.8,6691.65,6805,6603.7,6163,상승경계,16,6,상승경계,6,1,상승경계,6,2024-06-24,6,중순,6,하순,2024-06-25,10425,10386,10425,10284,10076,10204,,,,,,
2024-06-26,1201,양파,9.172,1.537,976,964,961,963,1221,894,안정,39,4,안정,4,1,안정,4,2024-06-25,6,중순,6,하순,2024-06-26,2033,2059,2037,2146,2144,2053,,,,,,
2024-06-26,1202,대파,-13.663,-33.792,1308,1710,1750,1369,1886,1515,하락심각,49,1,하락심각,1,1,하락심각,1,2024-06-25,6,중순,6,하순,2024-06-26,5398,5407,5435,5208,5739,4677,,,,,,
2024-06-27,1001,배추,-4.713,4.353,2305,2500.667,2204.667,2179,2679.333,2419,안정,2,4,상승주의,5,1,상승주의,5,2024-06-26,6,중순,6,하순,2024-06-27,3784,3599,3525,3468,3919,3743,,,,,,
2024-06-27,1101,무,24.481,9.213,1439.3,1492.3,1306.7,1461,1279.7,1156,상승주의,23,5,상승주의,5,1,상승주의,5,2024-06-26,6,중순,6,하순,2024-06-27,2086,2086,2091,2086,1927,1765,,,,,,
2024-06-27,1207,건고추,17.813,0,13664,13664,13664,13664,12646,11598,상승심각,199,7,상승심각,7,1,상승심각,7,2024-06-25,6,중순,6,하순,2024-06-26,18753,18753,18753,18727,16339,15496,,,,,,
2024-06-27,1209,마늘,8.583,0,6691.65,6695.8,6691.65,6805,6603.7,6163,상승경계,17,6,상승경계,6,1,상승경계,6,2024-06-25,6,중순,6,하순,2024-06-26,10402,10386,10425,10284,10076,10204,,,,,,
2024-06-27,1201,양파,2.796,-6.202,919,964,976,963,1221,894,안정,40,4,안정,4,1,안정,4,2024-06-26,6,중순,6,하순,2024-06-27,2100,2059,2033,2146,2144,2053,,,,,,
2024-06-27,1202,대파,-10.957,3.039,1349,1710,1308,1369,1886,1515,하락심각,50,1,하락심각,1,1,하락심각,1,2024-06-26,6,중순,6,하순,2024-06-27,5579,5407,5398,5208,5739,4677,,,,,,
2024-06-28,1001,배추,18.975,19.9,2877.667,2500.667,2305,2179,2679.333,2419,상승주의,1,5,상승주의,5,1,상승주의,5,2024-06-27,6,중순,6,하순,2024-06-28,3830,3599,3784,3468,3919,3743,,,,,,
2024-06-28,1101,무,34.862,7.66,1558.7,1492.3,1439.3,1461,1279.7,1156,상승주의,24,5,상승주의,5,1,상승주의,5,2024-06-27,6,중순,6,하순,2024-06-28,2114,2086,2086,2086,1927,1765,,,,,,
2024-06-28,1207,건고추,17.813,0,13664,13664,13664,13664,12646,11598,상승심각,200,7,상승심각,7,1,상승심각,7,2024-06-26,6,중순,6,하순,2024-06-27,18753,18753,18753,18727,16339,15496,,,,,,
2024-06-28,1209,마늘,8.583,0,6691.65,6695.8,6691.65,6805,6603.7,6163,상승경계,18,6,상승경계,6,1,상승경계,6,2024-06-26,6,중순,6,하순,2024-06-27,10430,10386,10402,10284,10076,10204,,,,,,
2024-06-28,1201,양파,5.481,2.545,943,964,919,963,1221,894,안정,41,4,안정,4,1,안정,4,2024-06-27,6,중순,6,하순,2024-06-28,2111,2059,2100,2146,2144,2053,,,,,,
2024-06-28,1202,대파,-6.139,5.134,1422,1710,1349,1369,1886,1515,하락심각,51,1,하락심각,1,1,하락심각,1,2024-06-27,6,중순,6,하순,2024-06-28,5572,5407,5579,5208,5739,4677,,,,,,
2024-06-29,1001,배추,28.772,7.609,3114.667,2500.667,2877.667,2179,2679.333,2419,상승주의,2,5,상승주의,5,1,상승주의,5,2024-06-28,6,중순,6,하순,2024-06-29,3830,3599,3784,3468,3919,3743,,,,,,
2024-06-29,1101,무,64.533,18.032,1901.6,1492.3,1558.7,1461,1279.7,1156,상승경계,1,6,상승주의,5,1,상승주의,5,2024-06-28,6,중순,6,하순,2024-06-29,2114,2086,2086,2086,1927,1765,,,,,,
2024-06-29,1207,건고추,17.813,0,13664,13664,13664,13664,12646,11598,상승심각,201,7,상승심각,7,1,상승심각,7,2024-06-27,6,중순,6,하순,2024-06-28,18753,18753,18753,18727,16339,15496,,,,,,
2024-06-29,1209,마늘,8.583,0,6691.65,6695.8,6691.65,6805,6603.7,6163,상승경계,19,6,상승경계,6,1,상승경계,6,2024-06-27,6,중순,6,하순,2024-06-28,10209,10386,10430,10284,10076,10204,,,,,,
2024-06-29,1201,양파,13.87,7.367,1018,964,943,963,1221,894,안정,42,4,안정,4,1,안정,4,2024-06-28,6,중순,6,하순,2024-06-29,2111,2059,2100,2146,2144,2053,,,,,,
2024-06-29,1202,대파,22.442,23.342,1855,1710,1422,1369,1886,1515,하락심각,52,1,하락심각,1,1,하락심각,1,2024-06-28,6,중순,6,하순,2024-06-29,5572,5407,5579,5208,5739,4677,,,,,,
2024-06-30,1001,배추,28.772,7.609,3114.667,2500.667,2877.667,2179,2679.333,2419,상승주의,2,5,상승주의,5,1,상승주의,5,2024-06-28,6,중순,6,하순,2024-06-29,3830,3599,3784,3468,3919,3743,,,,,,
2024-06-30,1101,무,64.533,18.032,1901.6,1492.3,1558.7,1461,1279.7,1156,상승경계,1,6,상승주의,5,1,상승주의,5,2024-06-28,6,중순,6,하순,2024-06-29,2114,2086,2086,2086,1927,1765,,,,,,
2024-06-30,1207,건고추,17.813,0,13664,13664,13664,13664,12646,11598,상승심각,201,7,상승심각,7,1,상승심각,7,2024-06-27,6,중순,6,하순,2024-06-28,18753,18753,18753,18727,16339,15496,,,,,,
2024-06-30,1209,마늘,8.583,0,6691.65,6695.8,6691.65,6805,6603.7,6163,상승경계,19,6,상승경계,6,1,상승경계,6,2024-06-27,6,중순,6,하순,2024-06-28,10209,10386,10430,10284,10076,10204,,,,,,
2024-06-30,1201,양파,13.87,7.367,1018,964,943,963,1221,894,안정,42,4,안정,4,1,안정,4,2024-06-28,6,중순,6,하순,2024-06-29,2111,2059,2100,2146,2144,2053,,,,,,
2024-06-30,1202,대파,22.442,23.342,1855,1710,1422,1369,1886,1515,하락심각,52,1,하락심각,1,1,하락심각,1,2024-06-28,6,중순,6,하순,2024-06-29,5572,5407,5579,5208,5739,4677,,,,,,
2024-07-01,1001,배추,53.315,7.099,3352.667,3001,3114.667,2501,2086,2187,상승주의,3,5,안정,4,1,상승주의,5,2024-06-29,6,하순,7,상순,2024-07-01,3813,4236,3830,3599,4070,3840,,,,,,
2024-07-01,1101,무,52.58,-10.893,1714.8,1666.9,1901.6,1492,964.9,1124,상승경계,2,6,상승경계,6,1,상승주의,5,2024-06-29,6,하순,7,상순,2024-07-01,2146,2332,2114,2086,1957,1846,,,,,,
2024-07-01,1207,건고추,17.308,0,13664,13711,13664,13664,12708.34,11648,상승심각,201,7,상승심각,7,1,상승심각,7,2024-06-27,6,하순,7,상순,2024-06-28,18753,18748,18753,18753,15970,15376,,,,,,
2024-07-01,1209,마늘,8.672,0,6691.65,6752.8,6691.65,6696,6603.25,6158,상승경계,19,6,상승경계,6,1,상승경계,6,2024-06-27,6,하순,7,상순,2024-06-28,10209,10424,10430,10386,9257,9826,,,,,,
2024-07-01,1201,양파,22.748,4.233,1063,1028,1018,964,1257,866,안정,43,4,안정,4,1,안정,4,2024-06-29,6,하순,7,상순,2024-07-01,2040,2051,2111,2059,2092,2011,,,,,,
2024-07-01,1202,대파,23.627,4.184,1936,1529,1855,1710,1689,1566,하락심각,53,1,하락심각,1,1,하락심각,1,2024-06-29,6,하순,7,상순,2024-07-01,5724,5855,5572,5407,5699,4565,,,,,,
2024-07-02,1209,마늘,8.931,0.249,6708.35,6752.8,6691.65,6696,6603.25,6158,상승경계,20,6,상승경계,6,1,상승경계,6,2024-06-28,6,하순,7,상순,2024-07-01,10241,10424,10209,10386,9257,9826,,,,,,
2024-07-02,1201,양파,23.903,0.932,1073,1028,1063,964,1257,866,안정,44,4,안정,4,1,안정,4,2024-07-01,6,하순,7,상순,2024-07-02,2051,2051,2040,2059,2092,2011,,,,,,
2024-07-02,1202,대파,-3.065,-27.536,1518,1529,1936,1710,1689,1566,하락심각,54,1,하락심각,1,1,하락심각,1,2024-07-01,6,하순,7,상순,2024-07-02,5793,5855,5724,5407,5699,4565,,,,,,
2024-07-02,1001,배추,44.353,-6.209,3156.667,3001,3352.667,2501,2086,2187,안정,1,4,안정,4,1,상승주의,5,2024-07-01,6,하순,7,상순,2024-07-02,3869,4236,3813,3599,4070,3840,,,,,,
2024-07-02,1101,무,47.687,-3.314,1659.8,1666.9,1714.8,1492,964.9,1124,상승경계,3,6,상승경계,6,1,상승주의,5,2024-07-01,6,하순,7,상순,2024-07-02,2166,2332,2146,2086,1957,1846,,,,,,
2024-07-02,1207,건고추,17.617,0.263,13700,13711,13664,13664,12708.34,11648,상승심각,202,7,상승심각,7,1,상승심각,7,2024-06-28,6,하순,7,상순,2024-07-01,18753,18748,18753,18753,15970,15376,,,,,,
2024-07-03,1001,배추,22.497,-17.83,2679,3001,3156.667,2501,2086,2187,안정,2,4,안정,4,1,상승주의,5,2024-07-02,6,하순,7,상순,2024-07-03,4034,4236,3869,3599,4070,3840,,,,,,
2024-07-03,1101,무,54.626,4.505,1738.1,1666.9,1659.8,1492,964.9,1124,상승경계,4,6,상승경계,6,1,상승주의,5,2024-07-02,6,하순,7,상순,2024-07-03,2171,2332,2166,2086,1957,1846,,,,,,
2024-07-03,1207,건고추,17.617,0,13700,13711,13700,13664,12708.34,11648,상승심각,203,7,상승심각,7,1,상승심각,7,2024-07-01,6,하순,7,상순,2024-07-02,18753,18748,18753,18753,15970,15376,,,,,,
2024-07-03,1209,마늘,8.931,0,6708.35,6752.8,6708.35,6696,6603.25,6158,상승경계,21,6,상승경계,6,1,상승경계,6,2024-07-01,6,하순,7,상순,2024-07-02,10344,10424,10241,10386,9257,9826,,,,,,
2024-07-03,1201,양파,26.79,2.277,1098,1028,1073,964,1257,866,안정,45,4,안정,4,1,안정,4,2024-07-02,6,하순,7,상순,2024-07-03,2051,2051,2051,2059,2092,2011,,,,,,
2024-07-03,1202,대파,-3.831,-0.797,1506,1529,1518,1710,1689,1566,하락심각,55,1,하락심각,1,1,하락심각,1,2024-07-02,6,하순,7,상순,2024-07-03,5863,5855,5793,5407,5699,4565,,,,,,
2024-07-04,1001,배추,51.623,19.218,3316.333,3001,2679,2501,2086,2187,상승주의,1,5,안정,4,1,상승주의,5,2024-07-03,6,하순,7,상순,2024-07-04,4271,4236,4034,3599,4070,3840,,,,,,
2024-07-04,1101,무,43.861,-7.483,1617.1,1666.9,1738.1,1492,964.9,1124,상승주의,1,5,상승경계,6,1,상승주의,5,2024-07-03,6,하순,7,상순,2024-07-04,2402,2332,2171,2086,1957,1846,,,,,,
2024-07-04,1207,건고추,17.617,0,13700,13711,13700,13664,12708.34,11648,상승심각,204,7,상승심각,7,1,상승심각,7,2024-07-02,6,하순,7,상순,2024-07-03,18753,18748,18753,18753,15970,15376,,,,,,
2024-07-04,1209,마늘,8.931,0,6708.35,6752.8,6708.35,6696,6603.25,6158,상승경계,22,6,상승경계,6,1,상승경계,6,2024-07-02,6,하순,7,상순,2024-07-03,10462,10424,10344,10386,9257,9826,,,,,,
2024-07-04,1201,양파,20.785,-4.971,1046,1028,1098,964,1257,866,안정,46,4,안정,4,1,안정,4,2024-07-03,6,하순,7,상순,2024-07-04,2028,2051,2051,2059,2092,2011,,,,,,
2024-07-04,1202,대파,-13.985,-11.804,1347,1529,1506,1710,1689,1566,하락심각,56,1,하락심각,1,1,하락심각,1,2024-07-03,6,하순,7,상순,2024-07-04,5972,5855,5863,5407,5699,4565,,,,,,
2024-07-05,1001,배추,14.175,-32.795,2497.333,3001,3316.333,2501,2086,2187,안정,1,4,안정,4,1,상승주의,5,2024-07-04,6,하순,7,상순,2024-07-05,4445,4236,4271,3599,4070,3840,,,,,,
2024-07-05,1101,무,38.078,-4.195,1552,1666.9,1617.1,1492,964.9,1124,상승주의,2,5,상승경계,6,1,상승주의,5,2024-07-04,6,하순,7,상순,2024-07-05,2436,2332,2402,2086,1957,1846,,,,,,
2024-07-05,1207,건고추,17.617,0,13700,13711,13700,13664,12708.34,11648,상승심각,205,7,상승심각,7,1,상승심각,7,2024-07-03,6,하순,7,상순,2024-07-04,18753,18748,18753,18753,15970,15376,,,,,,
2024-07-05,1209,마늘,8.931,0,6708.35,6752.8,6708.35,6696,6603.25,6158,상승경계,23,6,상승경계,6,1,상승경계,6,2024-07-03,6,하순,7,상순,2024-07-04,10451,10424,10462,10386,9257,9826,,,,,,
2024-07-05,1201,양파,16.975,-3.258,1013,1028,1046,964,1257,866,안정,47,4,안정,4,1,안정,4,2024-07-04,6,하순,7,상순,2024-07-05,2059,2051,2028,2059,2092,2011,,,,,,
2024-07-05,1202,대파,-6.705,7.803,1461,1529,1347,1710,1689,1566,하락심각,57,1,하락심각,1,1,하락심각,1,2024-07-04,6,하순,7,상순,2024-07-05,5854,5855,5972,5407,5699,4565,,,,,,
2024-07-06,1207,건고추,17.617,0,13700,13711,13700,13664,12708.34,11648,상승심각,206,7,상승심각,7,1,상승심각,7,2024-07-04,6,하순,7,상순,2024-07-05,18753,18748,18753,18753,15970,15376,,,,,,
2024-07-06,1209,마늘,9.89,0.862,6766.65,6752.8,6708.35,6696,6603.25,6158,상승경계,24,6,상승경계,6,1,상승경계,6,2024-07-04,6,하순,7,상순,2024-07-05,10451,10424,10451,10386,9257,9826,,,,,,
2024-07-06,1201,양파,19.053,1.746,1031,1028,1013,964,1257,866,안정,48,4,안정,4,1,안정,4,2024-07-05,6,하순,7,상순,2024-07-06,2059,2051,2028,2059,2092,2011,,,,,,
2024-07-06,1202,대파,10.281,15.402,1727,1529,1461,1710,1689,1566,하락심각,58,1,하락심각,1,1,하락심각,1,2024-07-05,6,하순,7,상순,2024-07-06,5854,5855,5972,5407,5699,4565,,,,,,
2024-07-06,1001,배추,32.144,13.577,2889.667,3001,2497.333,2501,2086,2187,안정,2,4,안정,4,1,상승주의,5,2024-07-05,6,하순,7,상순,2024-07-06,4445,4236,4271,3599,4070,3840,,,,,,
2024-07-06,1101,무,36.21,-1.372,1531,1666.9,1552,1492,964.9,1124,상승주의,3,5,상승경계,6,1,상승주의,5,2024-07-05,6,하순,7,상순,2024-07-06,2436,2332,2402,2086,1957,1846,,,,,,
2024-07-07,1001,배추,32.144,13.577,2889.667,3001,2497.333,2501,2086,2187,안정,2,4,안정,4,1,상승주의,5,2024-07-05,6,하순,7,상순,2024-07-06,4445,4236,4271,3599,4070,3840,,,,,,
2024-07-07,1101,무,36.21,-1.372,1531,1666.9,1552,1492,964.9,1124,상승주의,3,5,상승경계,6,1,상승주의,5,2024-07-05,6,하순,7,상순,2024-07-06,2436,2332,2402,2086,1957,1846,,,,,,
2024-07-07,1207,건고추,17.617,0,13700,13711,13700,13664,12708.34,11648,상승심각,206,7,상승심각,7,1,상승심각,7,2024-07-04,6,하순,7,상순,2024-07-05,18753,18748,18753,18753,15970,15376,,,,,,
2024-07-07,1209,마늘,9.89,0.862,6766.65,6752.8,6708.35,6696,6603.25,6158,상승경계,24,6,상승경계,6,1,상승경계,6,2024-07-04,6,하순,7,상순,2024-07-05,10451,10424,10451,10386,9257,9826,,,,,,
2024-07-07,1201,양파,19.053,1.746,1031,1028,1013,964,1257,866,안정,48,4,안정,4,1,안정,4,2024-07-05,6,하순,7,상순,2024-07-06,2059,2051,2028,2059,2092,2011,,,,,,
2024-07-07,1202,대파,10.281,15.402,1727,1529,1461,1710,1689,1566,하락심각,58,1,하락심각,1,1,하락심각,1,2024-07-05,6,하순,7,상순,2024-07-06,5854,5855,5972,5407,5699,4565,,,,,,
2024-07-08,1001,배추,30.407,-1.309,2852.333,3001,2889.667,2501,2086,2187,안정,3,4,안정,4,1,상승주의,5,2024-07-06,6,하순,7,상순,2024-07-08,4462,4236,4445,3599,4070,3840,,,,,,
2024-07-08,1101,무,47.153,7.431,1653.9,1666.9,1531,1492,964.9,1124,상승경계,1,6,상승경계,6,1,상승주의,5,2024-07-06,6,하순,7,상순,2024-07-08,2436,2332,2436,2086,1957,1846,,,,,,
2024-07-08,1207,건고추,17.617,0,13700,13711,13700,13664,12708.34,11648,상승심각,206,7,상승심각,7,1,상승심각,7,2024-07-04,6,하순,7,상순,2024-07-05,18753,18748,18753,18753,15970,15376,,,,,,
2024-07-08,1209,마늘,9.89,0.862,6766.65,6752.8,6708.35,6696,6603.25,6158,상승경계,24,6,상승경계,6,1,상승경계,6,2024-07-04,6,하순,7,상순,2024-07-05,10451,10424,10451,10386,9257,9826,,,,,,
2024-07-08,1201,양파,13.626,-4.776,984,1028,1031,964,1257,866,안정,49,4,안정,4,1,안정,4,2024-07-06,6,하순,7,상순,2024-07-08,2063,2051,2059,2059,2092,2011,,,,,,
2024-07-08,1202,대파,-7.088,-18.694,1455,1529,1727,1710,1689,1566,하락심각,59,1,하락심각,1,1,하락심각,1,2024-07-06,6,하순,7,상순,2024-07-08,5871,5855,5854,5407,5699,4565,,,,,,
2024-07-09,1001,배추,55.784,16.28,3407,3001,2852.333,2501,2086,2187,상승주의,1,5,안정,4,1,상승주의,5,2024-07-08,6,하순,7,상순,2024-07-09,4489,4236,4462,3599,4070,3840,,,,,,
2024-07-09,1101,무,56.495,5.986,1759.2,1666.9,1653.9,1492,964.9,1124,상승경계,2,6,상승경계,6,1,상승주의,5,2024-07-08,6,하순,7,상순,2024-07-09,2444,2332,2436,2086,1957,1846,,,,,,
2024-07-09,1207,건고추,17.617,0,13700,13711,13700,13664,12708.34,11648,상승심각,207,7,상승심각,7,1,상승심각,7,2024-07-05,6,하순,7,상순,2024-07-08,18753,18748,18753,18753,15970,15376,,,,,,
2024-07-09,1209,마늘,9.89,0,6766.65,6752.8,6766.65,6696,6603.25,6158,상승경계,25,6,상승경계,6,1,상승경계,6,2024-07-05,6,하순,7,상순,2024-07-08,10496,10424,10451,10386,9257,9826,,,,,,
2024-07-09,1201,양파,13.626,0,984,1028,984,964,1257,866,안정,50,4,안정,4,1,안정,4,2024-07-08,6,하순,7,상순,2024-07-09,2068,2051,2063,2059,2092,2011,,,,,,
2024-07-09,1202,대파,-10.089,-3.338,1408,1529,1455,1710,1689,1566,하락심각,60,1,하락심각,1,1,하락심각,1,2024-07-08,6,하순,7,상순,2024-07-09,5880,5855,5871,5407,5699,4565,,,,,,
2024-07-10,1001,배추,30.727,-19.154,2859.333,3001,3407,2501,2086,2187,안정,1,4,안정,4,1,상승주의,5,2024-07-09,6,하순,7,상순,2024-07-10,4501,4236,4489,3599,4070,3840,,,,,,
2024-07-10,1101,무,58.007,0.946,1776,1666.9,1759.2,1492,964.9,1124,상승경계,3,6,상승경계,6,1,상승주의,5,2024-07-09,6,하순,7,상순,2024-07-10,2456,2332,2444,2086,1957,1846,,,,,,
2024-07-10,1207,건고추,17.995,0.32,13744,13711,13700,13664,12708.34,11648,상승심각,208,7,상승심각,7,1,상승심각,7,2024-07-08,6,하순,7,상순,2024-07-09,18733,18748,18753,18753,15970,15376,,,,,,
2024-07-10,1209,마늘,9.89,0,6766.65,6752.8,6766.65,6696,6603.25,6158,상승경계,26,6,상승경계,6,1,상승경계,6,2024-07-08,6,하순,7,상순,2024-07-09,10499,10424,10496,10386,9257,9826,,,,,,
2024-07-10,1201,양파,11.201,-2.181,963,1028,984,964,1257,866,안정,51,4,안정,4,1,안정,4,2024-07-09,6,하순,7,상순,2024-07-10,2044,2051,2068,2059,2092,2011,,,,,,
2024-07-10,1202,대파,-10.536,-0.5,1401,1529,1408,1710,1689,1566,하락심각,61,1,하락심각,1,1,하락심각,1,2024-07-09,6,하순,7,상순,2024-07-10,5886,5855,5880,5407,5699,4565,,,,,,
2024-07-11,1001,배추,45.37,29.399,4050,3636.667,2859.333,3001,2580.667,2786,상승주의,1,5,상승주의,5,1,상승경계,6,2024-07-10,7,상순,7,중순,2024-07-11,4608,4828,4501,4236,4055,4082,,,,,,
2024-07-11,1101,무,73.775,7.234,1914.5,1840.5,1776,1667,1231.4,1102,상승경계,4,6,상승경계,6,1,상승경계,6,2024-07-10,7,상순,7,중순,2024-07-11,2465,2517,2456,2332,1927,1875,,,,,,
2024-07-11,1207,건고추,18.076,0,13744,13744,13744,13711,12668,11640,상승심각,209,7,상승심각,7,1,상승심각,7,2024-07-09,7,상순,7,중순,2024-07-10,18733,18733,18733,18748,16193,15522,,,,,,
2024-07-11,1209,마늘,2.913,1.775,6888.9,6843.65,6766.65,6753,6639.6,6694,상승경계,27,6,상승경계,6,1,상승경계,6,2024-07-09,7,상순,7,중순,2024-07-10,10447,9568,10499,10424,9838,9785,,,,,,
2024-07-11,1201,양파,7.849,3.988,1003,1145,963,1028,1413,930,안정,52,4,안정,4,1,안정,4,2024-07-10,7,상순,7,중순,2024-07-11,1996,1925,2044,2051,2138,2029,,,,,,
2024-07-11,1202,대파,-3.82,16.953,1687,1512,1401,1529,2014,1754,하락심각,62,1,하락심각,1,1,하락심각,1,2024-07-10,7,상순,7,중순,2024-07-11,5844,5851,5886,5855,5851,4587,,,,,,
2024-07-13,1001,배추,16.655,-9.138,3250.333,3636.667,3547.333,3001,2580.667,2786,안정,1,4,상승주의,5,1,상승경계,6,2024-07-12,7,상순,7,중순,2024-07-13,4707,4828,4608,4236,4055,4082,,,,,,
2024-07-13,1101,무,21.143,-23.242,1335.1,1840.5,1645.4,1667,1231.4,1102,상승주의,1,5,상승경계,6,1,상승경계,6,2024-07-12,7,상순,7,중순,2024-07-13,2478,2517,2465,2332,1927,1875,,,,,,
2024-07-13,1207,건고추,18.076,0,13744,13744,13744,13711,12668,11640,상승심각,211,7,상승심각,7,1,상승심각,7,2024-07-11,7,상순,7,중순,2024-07-12,18733,18733,18733,18748,16193,15522,,,,,,
2024-07-13,1209,마늘,2.196,0,6840.9,6843.65,6840.9,6753,6639.6,6694,상승경계,29,6,상승경계,6,1,상승경계,6,2024-07-11,7,상순,7,중순,2024-07-12,9537,9568,9767,10424,9838,9785,,,,,,
2024-07-13,1201,양파,28.817,10.935,1198,1145,1067,1028,1413,930,안정,54,4,안정,4,1,안정,4,2024-07-12,7,상순,7,중순,2024-07-13,1936,1925,1996,2051,2138,2029,,,,,,
2024-07-13,1202,대파,-17.845,-10.409,1441,1512,1591,1529,2014,1754,하락심각,64,1,하락심각,1,1,하락심각,1,2024-07-12,7,상순,7,중순,2024-07-13,5889,5851,5844,5855,5851,4587,,,,,,
2024-07-12,1001,배추,27.315,-14.17,3547.333,3636.667,4050,3001,2580.667,2786,상승주의,2,5,상승주의,5,1,상승경계,6,2024-07-11,7,상순,7,중순,2024-07-12,4707,4828,4608,4236,4055,4082,,,,,,
2024-07-12,1101,무,49.274,-16.355,1645.4,1840.5,1914.5,1667,1231.4,1102,상승경계,5,6,상승경계,6,1,상승경계,6,2024-07-11,7,상순,7,중순,2024-07-12,2478,2517,2465,2332,1927,1875,,,,,,
2024-07-12,1207,건고추,18.076,0,13744,13744,13744,13711,12668,11640,상승심각,210,7,상승심각,7,1,상승심각,7,2024-07-10,7,상순,7,중순,2024-07-11,18733,18733,18733,18748,16193,15522,,,,,,
2024-07-12,1209,마늘,2.196,-0.702,6840.9,6843.65,6888.9,6753,6639.6,6694,상승경계,28,6,상승경계,6,1,상승경계,6,2024-07-10,7,상순,7,중순,2024-07-11,9767,9568,10447,10424,9838,9785,,,,,,
2024-07-12,1201,양파,14.731,5.998,1067,1145,1003,1028,1413,930,안정,53,4,안정,4,1,안정,4,2024-07-11,7,상순,7,중순,2024-07-12,1936,1925,1996,2051,2138,2029,,,,,,
2024-07-12,1202,대파,-9.293,-6.034,1591,1512,1687,1529,2014,1754,하락심각,63,1,하락심각,1,1,하락심각,1,2024-07-11,7,상순,7,중순,2024-07-12,5889,5851,5844,5855,5851,4587,,,,,,
2024-07-14,1001,배추,16.655,-9.138,3250.333,3636.667,3547.333,3001,2580.667,2786,안정,1,4,상승주의,5,1,상승경계,6,2024-07-12,7,상순,7,중순,2024-07-13,4707,4828,4608,4236,4055,4082,,,,,,
2024-07-14,1101,무,21.143,-23.242,1335.1,1840.5,1645.4,1667,1231.4,1102,상승주의,1,5,상승경계,6,1,상승경계,6,2024-07-12,7,상순,7,중순,2024-07-13,2478,2517,2465,2332,1927,1875,,,,,,
2024-07-14,1207,건고추,18.076,0,13744,13744,13744,13711,12668,11640,상승심각,211,7,상승심각,7,1,상승심각,7,2024-07-11,7,상순,7,중순,2024-07-12,18733,18733,18733,18748,16193,15522,,,,,,
2024-07-14,1209,마늘,2.196,0,6840.9,6843.65,6840.9,6753,6639.6,6694,상승경계,29,6,상승경계,6,1,상승경계,6,2024-07-11,7,상순,7,중순,2024-07-12,9537,9568,9767,10424,9838,9785,,,,,,
2024-07-14,1201,양파,28.817,10.935,1198,1145,1067,1028,1413,930,안정,54,4,안정,4,1,안정,4,2024-07-12,7,상순,7,중순,2024-07-13,1936,1925,1996,2051,2138,2029,,,,,,
2024-07-14,1202,대파,-17.845,-10.409,1441,1512,1591,1529,2014,1754,하락심각,64,1,하락심각,1,1,하락심각,1,2024-07-12,7,상순,7,중순,2024-07-13,5889,5851,5844,5855,5851,4587,,,,,,
2024-07-15,1001,배추,12.383,-3.8,3131.333,3636.667,3250.333,3001,2580.667,2786,안정,2,4,상승주의,5,1,상승경계,6,2024-07-13,7,상순,7,중순,2024-07-15,4761,4828,4707,4236,4055,4082,,,,,,
2024-07-15,1101,무,90.835,36.511,2102.9,1840.5,1335.1,1667,1231.4,1102,상승심각,1,7,상승경계,6,1,상승경계,6,2024-07-13,7,상순,7,중순,2024-07-15,2476,2517,2478,2332,1927,1875,,,,,,
2024-07-15,1207,건고추,18.076,0,13744,13744,13744,13711,12668,11640,상승심각,211,7,상승심각,7,1,상승심각,7,2024-07-11,7,상순,7,중순,2024-07-12,18733,18733,18733,18748,16193,15522,,,,,,
2024-07-15,1209,마늘,2.196,0,6840.9,6843.65,6840.9,6753,6639.6,6694,상승경계,29,6,상승경계,6,1,상승경계,6,2024-07-11,7,상순,7,중순,2024-07-12,9537,9568,9767,10424,9838,9785,,,,,,
2024-07-15,1201,양파,30.968,1.642,1218,1145,1198,1028,1413,930,안정,55,4,안정,4,1,안정,4,2024-07-13,7,상순,7,중순,2024-07-15,1923,1925,1936,2051,2138,2029,,,,,,
2024-07-15,1202,대파,-20.924,-3.893,1387,1512,1441,1529,2014,1754,하락심각,65,1,하락심각,1,1,하락심각,1,2024-07-13,7,상순,7,중순,2024-07-15,5843,5851,5889,5855,5851,4587,,,,,,
2024-07-16,1001,배추,-0.323,-12.773,2776.667,3636.667,3131.333,3001,2580.667,2786,안정,3,4,상승주의,5,1,상승경계,6,2024-07-15,7,상순,7,중순,2024-07-16,4813,4828,4761,4236,4055,4082,,,,,,
2024-07-16,1101,무,73.503,-9.979,1912.1,1840.5,2102.9,1667,1231.4,1102,상승경계,1,6,상승경계,6,1,상승경계,6,2024-07-15,7,상순,7,중순,2024-07-16,2479,2517,2476,2332,1927,1875,,,,,,
2024-07-16,1207,건고추,18.076,0,13744,13744,13744,13711,12668,11640,상승심각,212,7,상승심각,7,1,상승심각,7,2024-07-12,7,상순,7,중순,2024-07-15,18733,18733,18733,18748,16193,15522,,,,,,
2024-07-16,1209,마늘,2.196,0,6840.9,6843.65,6840.9,6753,6639.6,6694,상승경계,30,6,상승경계,6,1,상승경계,6,2024-07-12,7,상순,7,중순,2024-07-15,9521,9568,9537,10424,9838,9785,,,,,,
2024-07-16,1201,양파,31.075,0.082,1219,1145,1218,1028,1413,930,안정,56,4,안정,4,1,안정,4,2024-07-15,7,상순,7,중순,2024-07-16,1933,1925,1923,2051,2138,2029,,,,,,
2024-07-16,1202,대파,-21.551,-0.799,1376,1512,1387,1529,2014,1754,하락심각,66,1,하락심각,1,1,하락심각,1,2024-07-15,7,상순,7,중순,2024-07-16,5904,5851,5843,5855,5851,4587,,,,,,
2024-07-17,1001,배추,33.776,25.499,3727,3636.667,2776.667,3001,2580.667,2786,상승주의,1,5,상승주의,5,1,상승경계,6,2024-07-16,7,상순,7,중순,2024-07-17,4846,4828,4813,4236,4055,4082,,,,,,
2024-07-17,1101,무,86.388,6.904,2053.9,1840.5,1912.1,1667,1231.4,1102,상승심각,1,7,상승경계,6,1,상승경계,6,2024-07-16,7,상순,7,중순,2024-07-17,2491,2517,2479,2332,1927,1875,,,,,,
2024-07-17,1207,건고추,18.076,0,13744,13744,13744,13711,12668,11640,상승심각,213,7,상승심각,7,1,상승심각,7,2024-07-15,7,상순,7,중순,2024-07-16,18733,18733,18733,18748,16193,15522,,,,,,
2024-07-17,1209,마늘,2.196,0,6840.9,6843.65,6840.9,6753,6639.6,6694,상승경계,31,6,상승경계,6,1,상승경계,6,2024-07-15,7,상순,7,중순,2024-07-16,9603,9568,9521,10424,9838,9785,,,,,,
2024-07-17,1201,양파,28.495,-2.008,1195,1145,1219,1028,1413,930,안정,57,4,안정,4,1,안정,4,2024-07-16,7,상순,7,중순,2024-07-17,1933,1925,1933,2051,2138,2029,,,,,,
2024-07-17,1202,대파,-18.13,4.178,1436,1512,1376,1529,2014,1754,하락심각,67,1,하락심각,1,1,하락심각,1,2024-07-16,7,상순,7,중순,2024-07-17,5903,5851,5904,5855,5851,4587,,,,,,
2024-07-18,1001,배추,28.212,-4.33,3572.333,3636.667,3727,3001,2580.667,2786,상승주의,2,5,상승주의,5,1,상승경계,6,2024-07-17,7,상순,7,중순,2024-07-18,4969,4828,4846,4236,4055,4082,,,,,,
2024-07-18,1101,무,82.486,-2.138,2010.9,1840.5,2053.9,1667,1231.4,1102,상승경계,1,6,상승경계,6,1,상승경계,6,2024-07-17,7,상순,7,중순,2024-07-18,2534,2517,2491,2332,1927,1875,,,,,,
2024-07-18,1207,건고추,18.076,0,13744,13744,13744,13711,12668,11640,상승심각,214,7,상승심각,7,1,상승심각,7,2024-07-16,7,상순,7,중순,2024-07-17,18733,18733,18733,18748,16193,15522,,,,,,
2024-07-18,1209,마늘,2.196,0,6840.9,6843.65,6840.9,6753,6639.6,6694,상승경계,32,6,상승경계,6,1,상승경계,6,2024-07-16,7,상순,7,중순,2024-07-17,9574,9568,9603,10424,9838,9785,,,,,,
2024-07-18,1201,양파,25.806,-2.137,1170,1145,1195,1028,1413,930,안정,58,4,안정,4,1,안정,4,2024-07-17,7,상순,7,중순,2024-07-18,1878,1925,1933,2051,2138,2029,,,,,,
2024-07-18,1202,대파,-17.959,0.208,1439,1512,1436,1529,2014,1754,하락심각,68,1,하락심각,1,1,하락심각,1,2024-07-17,7,상순,7,중순,2024-07-18,5790,5851,5903,5855,5851,4587,,,,,,
2024-07-21,1201,양파,15.102,2.128,1128,1142,1104,1145,1305,980,안정,60,4,안정,4,1,안정,4,2024-07-19,7,중순,7,하순,2024-07-20,1873,1892,1878,1925,2100,1994,,,,,,
2024-07-21,1202,대파,2.581,9.772,1709,1565,1542,1512,1896,1666,하락심각,70,1,하락심각,1,1,하락심각,1,2024-07-19,7,중순,7,하순,2024-07-20,5785,5879,5790,5851,6709,4520,,,,,,
2024-07-21,1001,배추,28.327,-10.186,4126.667,3847.333,4547,3637,3362.333,3216,상승주의,1,5,상승주의,5,1,상승경계,6,2024-07-19,7,중순,7,하순,2024-07-20,5092,5364,4969,4828,4280,4447,,,,,,
2024-07-21,1101,무,36.833,-15.199,1667.9,1817,1921.4,1841,1467.9,1219,상승경계,3,6,상승경계,6,1,상승경계,6,2024-07-19,7,중순,7,하순,2024-07-20,2697,2874,2534,2517,2162,1974,,,,,,
2024-07-21,1207,건고추,17.35,0,13744,13738.66,13744,13744,12802.28,11712,상승심각,216,7,상승심각,7,1,상승심각,7,2024-07-18,7,중순,7,하순,2024-07-19,18733,18720,18733,18733,16311,15618,,,,,,
2024-07-21,1209,마늘,-2.168,0.278,6860,6886.8,6840.9,6844,6544.05,7012,상승경계,34,6,상승경계,6,1,상승경계,6,2024-07-18,7,중순,7,하순,2024-07-19,9537,9908,9435,9568,10099,10237,,,,,,
2024-07-19,1001,배추,63.209,21.435,4547,3636.667,3572.333,3001,2580.667,2786,상승경계,1,6,상승주의,5,1,상승경계,6,2024-07-18,7,상순,7,중순,2024-07-19,5092,4828,4969,4236,4055,4082,,,,,,
2024-07-19,1101,무,74.319,-4.658,1921.4,1840.5,2010.9,1667,1231.4,1102,상승경계,2,6,상승경계,6,1,상승경계,6,2024-07-18,7,상순,7,중순,2024-07-19,2697,2517,2534,2332,1927,1875,,,,,,
2024-07-19,1207,건고추,18.076,0,13744,13744,13744,13711,12668,11640,상승심각,215,7,상승심각,7,1,상승심각,7,2024-07-17,7,상순,7,중순,2024-07-18,18733,18733,18733,18748,16193,15522,,,,,,
2024-07-19,1209,마늘,2.196,0,6840.9,6843.65,6840.9,6753,6639.6,6694,상승경계,33,6,상승경계,6,1,상승경계,6,2024-07-17,7,상순,7,중순,2024-07-18,9435,9568,9574,10424,9838,9785,,,,,,
2024-07-19,1201,양파,18.71,-5.978,1104,1145,1170,1028,1413,930,안정,59,4,안정,4,1,안정,4,2024-07-18,7,상순,7,중순,2024-07-19,1873,1925,1878,2051,2138,2029,,,,,,
2024-07-19,1202,대파,-12.087,6.68,1542,1512,1439,1529,2014,1754,하락심각,69,1,하락심각,1,1,하락심각,1,2024-07-18,7,상순,7,중순,2024-07-19,5785,5851,5790,5855,5851,4587,,,,,,
2024-07-20,1207,건고추,18.076,0,13744,13744,13744,13711,12668,11640,상승심각,216,7,상승심각,7,1,상승심각,7,2024-07-18,7,상순,7,중순,2024-07-19,18733,18733,18733,18748,16193,15522,,,,,,
2024-07-20,1209,마늘,2.48,0.278,6860,6843.65,6840.9,6753,6639.6,6694,상승경계,34,6,상승경계,6,1,상승경계,6,2024-07-18,7,상순,7,중순,2024-07-19,9537,9568,9435,10424,9838,9785,,,,,,
2024-07-20,1201,양파,21.29,2.128,1128,1145,1104,1028,1413,930,안정,60,4,안정,4,1,안정,4,2024-07-19,7,상순,7,중순,2024-07-20,1873,1925,1878,2051,2138,2029,,,,,,
2024-07-20,1202,대파,-2.566,9.772,1709,1512,1542,1529,2014,1754,하락심각,70,1,하락심각,1,1,하락심각,1,2024-07-19,7,상순,7,중순,2024-07-20,5785,5851,5790,5855,5851,4587,,,,,,
2024-07-20,1001,배추,48.134,-10.186,4126.667,3636.667,4547,3001,2580.667,2786,상승주의,1,5,상승주의,5,1,상승경계,6,2024-07-19,7,상순,7,중순,2024-07-20,5092,4828,4969,4236,4055,4082,,,,,,
2024-07-20,1101,무,51.361,-15.199,1667.9,1840.5,1921.4,1667,1231.4,1102,상승경계,3,6,상승경계,6,1,상승경계,6,2024-07-19,7,상순,7,중순,2024-07-20,2697,2517,2534,2332,1927,1875,,,,,,
2024-07-22,1001,배추,24.223,-3.304,3994.667,3847.333,4126.667,3637,3362.333,3216,상승주의,2,5,상승주의,5,1,상승경계,6,2024-07-20,7,중순,7,하순,2024-07-22,5182,5408,5092,4828,4280,4447,,,,,,
2024-07-22,1101,무,50.697,9.181,1836.5,1817,1667.9,1841,1467.9,1219,상승경계,4,6,상승경계,6,1,상승경계,6,2024-07-20,7,중순,7,하순,2024-07-22,2790,2874,2697,2517,2162,1974,,,,,,
2024-07-22,1207,건고추,17.35,0,13744,13738.5,13744,13744,12802.28,11712,상승심각,216,7,상승심각,7,1,상승심각,7,2024-07-18,7,중순,7,하순,2024-07-19,18733,18718,18733,18733,16311,15618,,,,,,
2024-07-22,1209,마늘,-2.168,0.278,6860,6891.15,6840.9,6844,6544.05,7012,상승경계,34,6,상승경계,6,1,상승경계,6,2024-07-18,7,중순,7,하순,2024-07-19,9537,9983,9435,9568,10099,10237,,,,,,
2024-07-22,1201,양파,21.735,5.448,1193,1142,1128,1145,1305,980,안정,61,4,안정,4,1,안정,4,2024-07-20,7,중순,7,하순,2024-07-22,1871,1889,1873,1925,2100,1994,,,,,,
2024-07-22,1202,대파,-13.505,-18.598,1441,1565,1709,1512,1896,1666,하락심각,71,1,하락심각,1,1,하락심각,1,2024-07-20,7,중순,7,하순,2024-07-22,5734,5937,5785,5851,6709,4520,,,,,,
2024-07-23,1001,배추,21.859,-1.931,3919,3847.333,3994.667,3637,3362.333,3216,상승주의,3,5,상승주의,5,1,상승경계,6,2024-07-22,7,중순,7,하순,2024-07-23,5230,5408,5182,4828,4280,4447,,,,,,
2024-07-23,1101,무,43.396,-5.045,1748.3,1817,1836.5,1841,1467.9,1219,상승경계,5,6,상승경계,6,1,상승경계,6,2024-07-22,7,중순,7,하순,2024-07-23,2811,2874,2790,2517,2162,1974,,,,,,
2024-07-23,1207,건고추,17.316,-0.029,13740,13738.5,13744,13744,12802.28,11712,상승심각,217,7,상승심각,7,1,상승심각,7,2024-07-19,7,중순,7,하순,2024-07-22,18733,18718,18733,18733,16311,15618,,,,,,
2024-07-23,1209,마늘,-2.481,-0.329,6837.5,6891.15,6860,6844,6544.05,7012,상승경계,35,6,상승경계,6,1,상승경계,6,2024-07-19,7,중순,7,하순,2024-07-22,9602,9983,9537,9568,10099,10237,,,,,,
2024-07-23,1201,양파,21.735,0,1193,1142,1193,1145,1305,980,안정,62,4,안정,4,1,안정,4,2024-07-22,7,중순,7,하순,2024-07-23,1870,1889,1871,1925,2100,1994,,,,,,
2024-07-23,1202,대파,-2.221,11.541,1629,1565,1441,1512,1896,1666,하락심각,72,1,하락심각,1,1,하락심각,1,2024-07-22,7,중순,7,하순,2024-07-23,5777,5937,5734,5851,6709,4520,,,,,,
2024-07-24,1201,양파,19.082,-2.228,1167,1142,1193,1145,1305,980,안정,63,4,안정,4,1,안정,4,2024-07-23,7,중순,7,하순,2024-07-24,1879,1889,1870,1925,2100,1994,,,,,,
2024-07-24,1202,대파,-1.08,1.153,1648,1565,1629,1512,1896,1666,하락심각,73,1,하락심각,1,1,하락심각,1,2024-07-23,7,중순,7,하순,2024-07-24,5785,5937,5777,5851,6709,4520,,,,,,
2024-07-24,1001,배추,31.623,7.425,4233.333,3847.333,3919,3637,3362.333,3216,상승경계,1,6,상승주의,5,1,상승경계,6,2024-07-23,7,중순,7,하순,2024-07-24,5144,5408,5230,4828,4280,4447,,,,,,
2024-07-24,1101,무,53.158,6.353,1866.9,1817,1748.3,1841,1467.9,1219,상승경계,6,6,상승경계,6,1,상승경계,6,2024-07-23,7,중순,7,하순,2024-07-24,2889,2874,2811,2517,2162,1974,,,,,,
2024-07-24,1207,건고추,17.316,0,13740,13738.5,13740,13744,12802.28,11712,상승심각,218,7,상승심각,7,1,상승심각,7,2024-07-22,7,중순,7,하순,2024-07-23,18733,18718,18733,18733,16311,15618,,,,,,
2024-07-24,1209,마늘,-2.068,0.425,6866.65,6891.15,6837.5,6844,6544.05,7012,상승경계,36,6,상승경계,6,1,상승경계,6,2024-07-22,7,중순,7,하순,2024-07-23,9610,9983,9602,9568,10099,10237,,,,,,
2024-07-25,1207,건고추,17.316,0,13740,13738.5,13740,13744,12802.28,11712,상승심각,219,7,상승심각,7,1,상승심각,7,2024-07-23,7,중순,7,하순,2024-07-24,18713,18718,18733,18733,16311,15618,,,,,,
2024-07-25,1209,마늘,-1.483,0.604,6908.35,6891.15,6866.65,6844,6544.05,7012,상승경계,37,6,상승경계,6,1,상승경계,6,2024-07-23,7,중순,7,하순,2024-07-24,9636,9983,9610,9568,10099,10237,,,,,,
2024-07-25,1201,양파,16.735,-2.01,1144,1142,1167,1145,1305,980,안정,64,4,안정,4,1,안정,4,2024-07-24,7,중순,7,하순,2024-07-25,1887,1889,1879,1925,2100,1994,,,,,,
2024-07-25,1202,대파,-1.261,-0.182,1645,1565,1648,1512,1896,1666,하락심각,74,1,하락심각,1,1,하락심각,1,2024-07-24,7,중순,7,하순,2024-07-25,5886,5937,5785,5851,6709,4520,,,,,,
2024-07-25,1001,배추,0.093,-31.497,3219.333,3847.333,4233.333,3637,3362.333,3216,안정,1,4,상승주의,5,1,상승경계,6,2024-07-24,7,중순,7,하순,2024-07-25,5531,5408,5144,4828,4280,4447,,,,,,
2024-07-25,1101,무,44.709,-5.845,1763.8,1817,1866.9,1841,1467.9,1219,상승경계,7,6,상승경계,6,1,상승경계,6,2024-07-24,7,중순,7,하순,2024-07-25,2949,2874,2889,2517,2162,1974,,,,,,
2024-07-28,1001,배추,39.117,25.251,4473.667,3847.333,3344,3637,3362.333,3216,상승경계,1,6,상승주의,5,1,상승경계,6,2024-07-26,7,중순,7,하순,2024-07-27,5556,5408,5531,4828,4280,4447,,,,,,
2024-07-28,1101,무,60.87,17.34,1961.4,1817,1621.3,1841,1467.9,1219,상승경계,1,6,상승경계,6,1,상승경계,6,2024-07-26,7,중순,7,하순,2024-07-27,2856,2874,2949,2517,2162,1974,,,,,,
2024-07-28,1207,건고추,17.316,0,13740,13738.5,13740,13744,12802.28,11712,상승심각,221,7,상승심각,7,1,상승심각,7,2024-07-25,7,중순,7,하순,2024-07-26,18713,18718,18713,18733,16311,15618,,,,,,
2024-07-28,1209,마늘,-1.483,0,6908.35,6891.15,6908.35,6844,6544.05,7012,상승경계,39,6,상승경계,6,1,상승경계,6,2024-07-25,7,중순,7,하순,2024-07-26,10212,9983,10196,9568,10099,10237,,,,,,
2024-07-28,1201,양파,10.714,-1.935,1085,1142,1106,1145,1305,980,안정,66,4,안정,4,1,안정,4,2024-07-26,7,중순,7,하순,2024-07-27,1883,1889,1887,1925,2100,1994,,,,,,
2024-07-28,1202,대파,-6.423,-1.924,1559,1565,1589,1512,1896,1666,하락심각,76,1,하락심각,1,1,하락심각,1,2024-07-26,7,중순,7,하순,2024-07-27,6148,5937,5886,5851,6709,4520,,,,,,
2024-07-26,1001,배추,3.98,3.728,3344,3847.333,3219.333,3637,3362.333,3216,상승주의,1,5,상승주의,5,1,상승경계,6,2024-07-25,7,중순,7,하순,2024-07-26,5556,5408,5531,4828,4280,4447,,,,,,
2024-07-26,1101,무,32.978,-8.789,1621.3,1817,1763.8,1841,1467.9,1219,상승주의,1,5,상승경계,6,1,상승경계,6,2024-07-25,7,중순,7,하순,2024-07-26,2856,2874,2949,2517,2162,1974,,,,,,
2024-07-26,1207,건고추,17.316,0,13740,13738.5,13740,13744,12802.28,11712,상승심각,220,7,상승심각,7,1,상승심각,7,2024-07-24,7,중순,7,하순,2024-07-25,18713,18718,18713,18733,16311,15618,,,,,,
2024-07-26,1209,마늘,-1.483,0,6908.35,6891.15,6908.35,6844,6544.05,7012,상승경계,38,6,상승경계,6,1,상승경계,6,2024-07-24,7,중순,7,하순,2024-07-25,10196,9983,9636,9568,10099,10237,,,,,,
2024-07-26,1201,양파,12.857,-3.436,1106,1142,1144,1145,1305,980,안정,65,4,안정,4,1,안정,4,2024-07-25,7,중순,7,하순,2024-07-26,1883,1889,1887,1925,2100,1994,,,,,,
2024-07-26,1202,대파,-4.622,-3.524,1589,1565,1645,1512,1896,1666,하락심각,75,1,하락심각,1,1,하락심각,1,2024-07-25,7,중순,7,하순,2024-07-26,6148,5937,5886,5851,6709,4520,,,,,,
2024-07-27,1001,배추,39.117,25.251,4473.667,3847.333,3344,3637,3362.333,3216,상승경계,1,6,상승주의,5,1,상승경계,6,2024-07-26,7,중순,7,하순,2024-07-27,5556,5408,5531,4828,4280,4447,,,,,,
2024-07-27,1101,무,60.87,17.34,1961.4,1817,1621.3,1841,1467.9,1219,상승경계,1,6,상승경계,6,1,상승경계,6,2024-07-26,7,중순,7,하순,2024-07-27,2856,2874,2949,2517,2162,1974,,,,,,
2024-07-27,1207,건고추,17.316,0,13740,13738.5,13740,13744,12802.28,11712,상승심각,221,7,상승심각,7,1,상승심각,7,2024-07-25,7,중순,7,하순,2024-07-26,18713,18718,18713,18733,16311,15618,,,,,,
2024-07-27,1209,마늘,-1.483,0,6908.35,6891.15,6908.35,6844,6544.05,7012,상승경계,39,6,상승경계,6,1,상승경계,6,2024-07-25,7,중순,7,하순,2024-07-26,10212,9983,10196,9568,10099,10237,,,,,,
2024-07-27,1201,양파,10.714,-1.935,1085,1142,1106,1145,1305,980,안정,66,4,안정,4,1,안정,4,2024-07-26,7,중순,7,하순,2024-07-27,1883,1889,1887,1925,2100,1994,,,,,,
2024-07-27,1202,대파,-6.423,-1.924,1559,1565,1589,1512,1896,1666,하락심각,76,1,하락심각,1,1,하락심각,1,2024-07-26,7,중순,7,하순,2024-07-27,6148,5937,5886,5851,6709,4520,,,,,,
2024-07-29,1001,배추,23.445,-12.677,3970.333,3847.333,4473.667,3637,3362.333,3216,상승주의,1,5,상승주의,5,1,상승경계,6,2024-07-27,7,중순,7,하순,2024-07-29,5529,5408,5556,4828,4280,4447,,,,,,
2024-07-29,1101,무,50.779,-6.708,1838.1,1817,1961.4,1841,1467.9,1219,상승경계,2,6,상승경계,6,1,상승경계,6,2024-07-27,7,중순,7,하순,2024-07-29,2893,2874,2856,2517,2162,1974,,,,,,
2024-07-29,1207,건고추,17.316,0,13740,13738.5,13740,13744,12802.28,11712,상승심각,221,7,상승심각,7,1,상승심각,7,2024-07-25,7,중순,7,하순,2024-07-26,18713,18718,18713,18733,16311,15618,,,,,,
2024-07-29,1209,마늘,-1.483,0,6908.35,6891.15,6908.35,6844,6544.05,7012,상승경계,39,6,상승경계,6,1,상승경계,6,2024-07-25,7,중순,7,하순,2024-07-26,10212,9983,10196,9568,10099,10237,,,,,,
2024-07-29,1201,양파,14.388,3.211,1121,1142,1085,1145,1305,980,안정,67,4,안정,4,1,안정,4,2024-07-27,7,중순,7,하순,2024-07-29,1878,1889,1883,1925,2100,1994,,,,,,
2024-07-29,1202,대파,-9.964,-3.933,1500,1565,1559,1512,1896,1666,하락심각,77,1,하락심각,1,1,하락심각,1,2024-07-27,7,중순,7,하순,2024-07-29,6075,5937,6148,5851,6709,4520,,,,,,
2024-07-30,1001,배추,12.593,-9.637,3621.333,3847.333,3970.333,3637,3362.333,3216,상승주의,2,5,상승주의,5,1,상승경계,6,2024-07-29,7,중순,7,하순,2024-07-30,5553,5408,5529,4828,4280,4447,,,,,,
2024-07-30,1101,무,45.447,-3.654,1773.3,1817,1838.1,1841,1467.9,1219,상승경계,3,6,상승경계,6,1,상승경계,6,2024-07-29,7,중순,7,하순,2024-07-30,2893,2874,2893,2517,2162,1974,,,,,,
2024-07-30,1207,건고추,17.281,-0.029,13736,13738.5,13740,13744,12802.28,11712,상승심각,222,7,상승심각,7,1,상승심각,7,2024-07-26,7,중순,7,하순,2024-07-29,18713,18718,18713,18733,16311,15618,,,,,,
2024-07-30,1209,마늘,-1.597,-0.121,6900,6891.15,6908.35,6844,6544.05,7012,상승경계,40,6,상승경계,6,1,상승경계,6,2024-07-26,7,중순,7,하순,2024-07-29,10202,9983,10212,9568,10099,10237,,,,,,
2024-07-30,1201,양파,14.388,0,1121,1142,1121,1145,1305,980,안정,68,4,안정,4,1,안정,4,2024-07-29,7,중순,7,하순,2024-07-30,1887,1889,1878,1925,2100,1994,,,,,,
2024-07-30,1202,대파,-8.343,1.768,1527,1565,1500,1512,1896,1666,하락심각,78,1,하락심각,1,1,하락심각,1,2024-07-29,7,중순,7,하순,2024-07-30,6068,5937,6075,5851,6709,4520,,,,,,
2024-07-31,1001,배추,19.683,5.915,3849,3847.333,3621.333,3637,3362.333,3216,상승주의,3,5,상승주의,5,1,상승경계,6,2024-07-30,7,중순,7,하순,2024-07-31,5542,5408,5553,4828,4280,4447,,,,,,
2024-07-31,1101,무,59.475,8.771,1943.8,1817,1773.3,1841,1467.9,1219,상승경계,4,6,상승경계,6,1,상승경계,6,2024-07-30,7,중순,7,하순,2024-07-31,2909,2874,2893,2517,2162,1974,,,,,,
2024-07-31,1207,건고추,17.281,0,13736,13738.5,13736,13744,12802.28,11712,상승심각,223,7,상승심각,7,1,상승심각,7,2024-07-29,7,중순,7,하순,2024-07-30,18713,18718,18713,18733,16311,15618,,,,,,
2024-07-31,1209,마늘,-1.597,0,6900,6891.15,6900,6844,6544.05,7012,상승경계,41,6,상승경계,6,1,상승경계,6,2024-07-29,7,중순,7,하순,2024-07-30,10202,9983,10202,9568,10099,10237,,,,,,
2024-07-31,1201,양파,17.143,2.352,1148,1142,1121,1145,1305,980,안정,69,4,안정,4,1,안정,4,2024-07-30,7,중순,7,하순,2024-07-31,1958,1889,1887,1925,2100,1994,,,,,,
2024-07-31,1202,대파,-7.023,1.42,1549,1565,1527,1512,1896,1666,하락심각,79,1,하락심각,1,1,하락심각,1,2024-07-30,7,중순,7,하순,2024-07-31,6023,5937,6068,5851,6709,4520,,,,,,
2024-08-01,1001,배추,4.664,9.726,4263.667,5092,3849,3847,5455,4074,상승경계,1,6,상승경계,6,1,상승경계,6,2024-07-31,7,하순,8,상순,2024-08-01,5414,5499,5542,5408,5146,5018,,,,,,
2024-08-01,1101,무,15.497,-2.678,1893.1,1951.7,1943.8,1817,2252.6,1639,상승주의,1,5,상승주의,5,1,상승주의,5,2024-07-31,7,하순,8,상순,2024-08-01,3003,3009,2909,2874,2614,2251,,,,,,
2024-08-01,1207,건고추,16.102,0,13736,13865.56,13736,13739,13240.62,11831,상승심각,224,7,상승심각,7,1,상승심각,7,2024-07-30,7,하순,8,상순,2024-07-31,18713,18684,18713,18718,16446,15672,,,,,,
2024-08-01,1209,마늘,-3.483,0,6900,6896.45,6900,6891,6552.1,7149,상승경계,42,6,상승경계,6,1,상승경계,6,2024-07-30,7,하순,8,상순,2024-07-31,10202,9998,10202,9983,10046,10493,,,,,,
2024-08-01,1201,양파,14.18,6.818,1232,1222,1148,1142,1346,1079,안정,70,4,안정,4,1,안정,4,2024-07-31,7,하순,8,상순,2024-08-01,1968,1981,1958,1889,2092,1995,,,,,,
2024-08-01,1202,대파,-11.111,15.448,1832,1973,1549,1565,2075,2061,하락심각,80,1,하락심각,1,1,하락심각,1,2024-07-31,7,하순,8,상순,2024-08-01,5782,5731,6023,5937,6986,4463,,,,,,
2024-08-04,1001,배추,15.955,9.745,4724,5092,4263.667,3847,5455,4074,상승경계,2,6,상승경계,6,1,상승경계,6,2024-08-01,7,하순,8,상순,2024-08-02,5373,5448,5414,5408,5146,5018,,,,,,
2024-08-04,1101,무,16.412,0.76,1907.6,1951.7,1893.1,1817,2252.6,1639,상승주의,2,5,상승주의,5,1,상승주의,5,2024-08-01,7,하순,8,상순,2024-08-02,3011,3011,3003,2874,2614,2251,,,,,,
2024-08-04,1207,건고추,16.102,0,13736,13858.7,13736,13739,13240.62,11831,상승심각,226,7,상승심각,7,1,상승심각,7,2024-08-01,7,하순,8,상순,2024-08-02,18713,18776,18713,18718,16446,15672,,,,,,
2024-08-04,1209,마늘,-3.483,0,6900,6898.6,6900,6891,6552.1,7149,상승경계,44,6,상승경계,6,1,상승경계,6,2024-08-01,7,하순,8,상순,2024-08-02,9846,10063,9792,9983,10046,10493,,,,,,
2024-08-04,1201,양파,16.404,1.911,1256,1222,1232,1142,1346,1079,안정,71,4,안정,4,1,안정,4,2024-08-01,7,하순,8,상순,2024-08-02,1966,1984,1968,1889,2092,1995,,,,,,
2024-08-04,1202,대파,-12.761,-1.891,1798,1973,1832,1565,2075,2061,하락심각,81,1,하락심각,1,1,하락심각,1,2024-08-01,7,하순,8,상순,2024-08-02,5695,5737,5782,5937,6986,4463,,,,,,
2024-08-05,1001,배추,6.259,-9.116,4329.333,5092,4724,3847,5455,4074,상승경계,3,6,상승경계,6,1,상승경계,6,2024-08-02,7,하순,8,상순,2024-08-05,5311,5499,5373,5408,5146,5018,,,,,,
2024-08-05,1101,무,2.379,-13.71,1677.6,1951.7,1907.6,1817,2252.6,1639,상승주의,3,5,상승주의,5,1,상승주의,5,2024-08-02,7,하순,8,상순,2024-08-05,3016,3009,3011,2874,2614,2251,,,,,,
2024-08-05,1207,건고추,16.102,0,13736,13865.56,13736,13739,13240.62,11831,상승심각,226,7,상승심각,7,1,상승심각,7,2024-08-01,7,하순,8,상순,2024-08-02,18713,18684,18713,18718,16446,15672,,,,,,
2024-08-05,1209,마늘,-3.483,0,6900,6896.45,6900,6891,6552.1,7149,상승경계,44,6,상승경계,6,1,상승경계,6,2024-08-01,7,하순,8,상순,2024-08-02,9846,9998,9792,9983,10046,10493,,,,,,
2024-08-05,1201,양파,11.956,-3.974,1208,1222,1256,1142,1346,1079,안정,72,4,안정,4,1,안정,4,2024-08-02,7,하순,8,상순,2024-08-05,1998,1981,1966,1889,2092,1995,,,,,,
2024-08-05,1202,대파,-13.003,-0.279,1793,1973,1798,1565,2075,2061,하락심각,82,1,하락심각,1,1,하락심각,1,2024-08-02,7,하순,8,상순,2024-08-05,5781,5731,5695,5937,6986,4463,,,,,,
2024-08-02,1001,배추,15.955,9.745,4724,5092,4263.667,3847,5455,4074,상승경계,2,6,상승경계,6,1,상승경계,6,2024-08-01,7,하순,8,상순,2024-08-02,5373,5499,5414,5408,5146,5018,,,,,,
2024-08-02,1101,무,16.412,0.76,1907.6,1951.7,1893.1,1817,2252.6,1639,상승주의,2,5,상승주의,5,1,상승주의,5,2024-08-01,7,하순,8,상순,2024-08-02,3011,3009,3003,2874,2614,2251,,,,,,
2024-08-02,1207,건고추,16.102,0,13736,13865.56,13736,13739,13240.62,11831,상승심각,225,7,상승심각,7,1,상승심각,7,2024-07-31,7,하순,8,상순,2024-08-01,18713,18684,18713,18718,16446,15672,,,,,,
2024-08-02,1209,마늘,-3.483,0,6900,6896.45,6900,6891,6552.1,7149,상승경계,43,6,상승경계,6,1,상승경계,6,2024-07-31,7,하순,8,상순,2024-08-01,9792,9998,10202,9983,10046,10493,,,,,,
2024-08-02,1201,양파,16.404,1.911,1256,1222,1232,1142,1346,1079,안정,71,4,안정,4,1,안정,4,2024-08-01,7,하순,8,상순,2024-08-02,1966,1981,1968,1889,2092,1995,,,,,,
2024-08-02,1202,대파,-12.761,-1.891,1798,1973,1832,1565,2075,2061,하락심각,81,1,하락심각,1,1,하락심각,1,2024-08-01,7,하순,8,상순,2024-08-02,5695,5731,5782,5937,6986,4463,,,,,,
2024-08-06,1001,배추,1.694,-4.489,4143.333,5092,4329.333,3847,5455,4074,상승경계,4,6,상승경계,6,1,상승경계,6,2024-08-05,7,하순,8,상순,2024-08-06,5445,5499,5311,5408,5146,5018,,,,,,
2024-08-06,1101,무,12.691,9.177,1847.1,1951.7,1677.6,1817,2252.6,1639,상승주의,4,5,상승주의,5,1,상승주의,5,2024-08-05,7,하순,8,상순,2024-08-06,3023,3009,3016,2874,2614,2251,,,,,,
2024-08-06,1207,건고추,14.487,-1.41,13545,13865.56,13736,13739,13240.62,11831,상승심각,227,7,상승심각,7,1,상승심각,7,2024-08-02,7,하순,8,상순,2024-08-05,18687,18684,18713,18718,16446,15672,,,,,,
2024-08-06,1209,마늘,-3.483,0,6900,6896.45,6900,6891,6552.1,7149,상승경계,45,6,상승경계,6,1,상승경계,6,2024-08-02,7,하순,8,상순,2024-08-05,10145,9998,9846,9983,10046,10493,,,,,,
2024-08-06,1201,양파,11.307,-0.583,1201,1222,1208,1142,1346,1079,안정,73,4,안정,4,1,안정,4,2024-08-05,7,하순,8,상순,2024-08-06,2002,1981,1998,1889,2092,1995,,,,,,
2024-08-06,1202,대파,-1.698,11.5,2026,1973,1793,1565,2075,2061,하락심각,83,1,하락심각,1,1,하락심각,1,2024-08-05,7,하순,8,상순,2024-08-06,5691,5731,5781,5937,6986,4463,,,,,,
2024-08-07,1001,배추,37.899,26.253,5618.333,5092,4143.333,3847,5455,4074,상승경계,5,6,상승경계,6,1,상승경계,6,2024-08-06,7,하순,8,상순,2024-08-07,5515,5499,5445,5408,5146,5018,,,,,,
2024-08-07,1101,무,24.71,9.629,2043.9,1951.7,1847.1,1817,2252.6,1639,상승주의,5,5,상승주의,5,1,상승주의,5,2024-08-06,7,하순,8,상순,2024-08-07,3030,3009,3023,2874,2614,2251,,,,,,
2024-08-07,1207,건고추,19.255,3.995,14108.58,13865.56,13545,13739,13240.62,11831,상승심각,228,7,상승심각,7,1,상승심각,7,2024-08-05,7,하순,8,상순,2024-08-06,18707,18684,18687,18718,16446,15672,,,,,,
2024-08-07,1209,마늘,-3.483,0,6900,6896.45,6900,6891,6552.1,7149,상승경계,46,6,상승경계,6,1,상승경계,6,2024-08-05,7,하순,8,상순,2024-08-06,10246,9998,10145,9983,10046,10493,,,,,,
2024-08-07,1201,양파,12.234,0.826,1211,1222,1201,1142,1346,1079,안정,74,4,안정,4,1,안정,4,2024-08-06,7,하순,8,상순,2024-08-07,1991,1981,2002,1889,2092,1995,,,,,,
2024-08-07,1202,대파,-5.24,-3.738,1953,1973,2026,1565,2075,2061,하락심각,84,1,하락심각,1,1,하락심각,1,2024-08-06,7,하순,8,상순,2024-08-07,5704,5731,5691,5937,6986,4463,,,,,,
2024-08-03,1001,배추,15.955,9.745,4724,5092,4263.667,3847,5455,4074,상승경계,2,6,상승경계,6,1,상승경계,6,2024-08-01,7,하순,8,상순,2024-08-02,5373,5499,5414,5408,5146,5018,,,,,,
2024-08-03,1101,무,16.412,0.76,1907.6,1951.7,1893.1,1817,2252.6,1639,상승주의,2,5,상승주의,5,1,상승주의,5,2024-08-01,7,하순,8,상순,2024-08-02,3011,3009,3003,2874,2614,2251,,,,,,
2024-08-03,1207,건고추,16.102,0,13736,13865.56,13736,13739,13240.62,11831,상승심각,226,7,상승심각,7,1,상승심각,7,2024-08-01,7,하순,8,상순,2024-08-02,18713,18684,18713,18718,16446,15672,,,,,,
2024-08-03,1209,마늘,-3.483,0,6900,6896.45,6900,6891,6552.1,7149,상승경계,44,6,상승경계,6,1,상승경계,6,2024-08-01,7,하순,8,상순,2024-08-02,9846,9998,9792,9983,10046,10493,,,,,,
2024-08-03,1201,양파,16.404,1.911,1256,1222,1232,1142,1346,1079,안정,71,4,안정,4,1,안정,4,2024-08-01,7,하순,8,상순,2024-08-02,1966,1981,1968,1889,2092,1995,,,,,,
2024-08-03,1202,대파,-12.761,-1.891,1798,1973,1832,1565,2075,2061,하락심각,81,1,하락심각,1,1,하락심각,1,2024-08-01,7,하순,8,상순,2024-08-02,5695,5731,5782,5937,6986,4463,,,,,,
2024-08-08,1201,양파,13.16,0.819,1221,1222,1211,1142,1346,1079,안정,75,4,안정,4,1,안정,4,2024-08-07,7,하순,8,상순,2024-08-08,1978,1981,1991,1889,2092,1995,,,,,,
2024-08-08,1202,대파,-2.086,3.221,2018,1973,1953,1565,2075,2061,하락심각,85,1,하락심각,1,1,하락심각,1,2024-08-07,7,하순,8,상순,2024-08-08,5770,5731,5704,5937,6986,4463,,,,,,
2024-08-08,1001,배추,42.661,3.327,5811.667,5092,5618.333,3847,5455,4074,상승심각,1,7,상승경계,6,1,상승경계,6,2024-08-07,7,하순,8,상순,2024-08-08,5629,5499,5515,5408,5146,5018,,,,,,
2024-08-08,1101,무,22.087,-2.159,2000.7,1951.7,2043.9,1817,2252.6,1639,상승주의,6,5,상승주의,5,1,상승주의,5,2024-08-07,7,하순,8,상순,2024-08-08,2980,3009,3030,2874,2614,2251,,,,,,
2024-08-08,1207,건고추,18.916,-0.282,14068.88,13865.56,14108.58,13739,13240.62,11831,상승심각,229,7,상승심각,7,1,상승심각,7,2024-08-06,7,하순,8,상순,2024-08-07,18767,18684,18707,18718,16446,15672,,,,,,
2024-08-08,1209,마늘,-3.371,0.121,6908.35,6896.45,6900,6891,6552.1,7149,상승경계,47,6,상승경계,6,1,상승경계,6,2024-08-06,7,하순,8,상순,2024-08-07,10415,9998,10246,9983,10046,10493,,,,,,
2024-08-11,1001,배추,62.839,0.656,5941.667,5748,5902.667,5092,3804.667,3649,상승심각,3,7,상승경계,6,1,상승경계,6,2024-08-09,8,상순,8,중순,2024-08-10,5809,6050,5629,5499,5895,5699,,,,,,
2024-08-11,1101,무,52.111,-3.038,2089.9,2538,2153.4,1952,1720.4,1374,상승주의,1,5,상승주의,5,1,상승주의,5,2024-08-09,8,상순,8,중순,2024-08-10,2999,2996,2980,3009,2899,2523,,,,,,
2024-08-11,1207,건고추,4.235,-0.368,13906.66,13473.8,13957.78,13866,14218,13342,상승심각,231,7,상승심각,7,1,상승심각,7,2024-08-08,8,상순,8,중순,2024-08-09,18129,18594,19069,18684,17473,15976,,,,,,
2024-08-11,1209,마늘,-2.961,0,6883.35,6894.45,6883.35,6896,6466.65,7093,상승경계,49,6,상승경계,6,1,상승경계,6,2024-08-08,8,상순,8,중순,2024-08-09,9609,9466,9936,9998,9441,10460,,,,,,
2024-08-11,1201,양파,13.321,0.327,1225,1172,1221,1222,1366,1081,안정,77,4,안정,4,1,안정,4,2024-08-09,8,상순,8,중순,2024-08-10,1961,1983,1978,1981,2104,2035,,,,,,
2024-08-11,1202,대파,5.497,-18.788,1996,1702,2371,1973,2027,1892,하락심각,87,1,하락심각,1,1,하락심각,1,2024-08-09,8,상순,8,중순,2024-08-10,5692,5656,5770,5731,6766,4991,,,,,,
2024-08-09,1001,배추,44.894,1.542,5902.667,5092,5811.667,3847,5455,4074,상승심각,2,7,상승경계,6,1,상승경계,6,2024-08-08,7,하순,8,상순,2024-08-09,5809,5499,5629,5408,5146,5018,,,,,,
2024-08-09,1101,무,31.361,7.091,2153.4,1951.7,2000.7,1817,2252.6,1639,상승경계,1,6,상승주의,5,1,상승주의,5,2024-08-08,7,하순,8,상순,2024-08-09,2999,3009,2980,2874,2614,2251,,,,,,
2024-08-09,1207,건고추,17.978,-0.796,13957.78,13865.56,14068.88,13739,13240.62,11831,상승심각,230,7,상승심각,7,1,상승심각,7,2024-08-07,7,하순,8,상순,2024-08-08,19069,18684,18767,18718,16446,15672,,,,,,
2024-08-09,1209,마늘,-3.721,-0.363,6883.35,6896.45,6908.35,6891,6552.1,7149,상승경계,48,6,상승경계,6,1,상승경계,6,2024-08-07,7,하순,8,상순,2024-08-08,9936,9998,10415,9983,10046,10493,,,,,,
2024-08-09,1201,양파,13.16,0,1221,1222,1221,1142,1346,1079,안정,76,4,안정,4,1,안정,4,2024-08-08,7,하순,8,상순,2024-08-09,1961,1981,1978,1889,2092,1995,,,,,,
2024-08-09,1202,대파,15.041,14.888,2371,1973,2018,1565,2075,2061,하락심각,86,1,하락심각,1,1,하락심각,1,2024-08-08,7,하순,8,상순,2024-08-09,5692,5731,5770,5937,6986,4463,,,,,,
2024-08-10,1001,배추,45.852,0.656,5941.667,5092,5902.667,3847,5455,4074,상승심각,3,7,상승경계,6,1,상승경계,6,2024-08-09,7,하순,8,상순,2024-08-10,5809,5499,5629,5408,5146,5018,,,,,,
2024-08-10,1101,무,27.517,-3.038,2089.9,1951.7,2153.4,1817,2252.6,1639,상승주의,1,5,상승주의,5,1,상승주의,5,2024-08-09,7,하순,8,상순,2024-08-10,2999,3009,2980,2874,2614,2251,,,,,,
2024-08-10,1207,건고추,17.547,-0.368,13906.66,13865.56,13957.78,13739,13240.62,11831,상승심각,231,7,상승심각,7,1,상승심각,7,2024-08-08,7,하순,8,상순,2024-08-09,18129,18684,19069,18718,16446,15672,,,,,,
2024-08-10,1209,마늘,-3.721,0,6883.35,6896.45,6883.35,6891,6552.1,7149,상승경계,49,6,상승경계,6,1,상승경계,6,2024-08-08,7,하순,8,상순,2024-08-09,9609,9998,9936,9983,10046,10493,,,,,,
2024-08-10,1201,양파,13.531,0.327,1225,1222,1221,1142,1346,1079,안정,77,4,안정,4,1,안정,4,2024-08-09,7,하순,8,상순,2024-08-10,1961,1981,1978,1889,2092,1995,,,,,,
2024-08-10,1202,대파,-3.154,-18.788,1996,1973,2371,1565,2075,2061,하락심각,87,1,하락심각,1,1,하락심각,1,2024-08-09,7,하순,8,상순,2024-08-10,5692,5731,5770,5937,6986,4463,,,,,,
2024-08-12,1001,배추,54.07,-5.686,5622,5748,5941.667,5092,3804.667,3649,상승경계,1,6,상승심각,7,1,상승경계,6,2024-08-10,8,상순,8,중순,2024-08-12,5990,6463,5809,5499,5895,5699,,,,,,
2024-08-12,1101,무,43.886,-5.727,1976.7,2538,2089.9,1952,1720.4,1374,상승주의,2,5,상승심각,7,1,상승경계,6,2024-08-10,8,상순,8,중순,2024-08-12,2988,3156,2999,3009,2899,2523,,,,,,
2024-08-12,1207,건고추,4.235,-0.368,13906.66,13457.02,13957.78,13866,14218,13342,상승심각,231,7,상승심각,7,1,상승심각,7,2024-08-08,8,상순,8,중순,2024-08-09,18129,18808,19069,18684,17473,15976,,,,,,
2024-08-12,1209,마늘,-2.961,0,6883.35,6900,6883.35,6896,6466.65,7093,상승경계,49,6,상승경계,6,1,상승경계,6,2024-08-08,8,상순,8,중순,2024-08-09,9609,9704,9936,9998,9441,10460,,,,,,
2024-08-12,1201,양파,11.933,-1.24,1210,1172,1225,1222,1366,1081,안정,78,4,안정,4,1,안정,4,2024-08-10,8,상순,8,중순,2024-08-12,1986,1951,1961,1981,2104,2035,,,,,,
2024-08-12,1202,대파,-11.311,-18.951,1678,1702,1996,1973,2027,1892,하락심각,88,1,하락심각,1,1,하락심각,1,2024-08-10,8,상순,8,중순,2024-08-12,5631,5753,5692,5731,6766,4991,,,,,,
2024-08-13,1001,배추,48.589,-3.695,5421.667,5748,5622,5092,3804.667,3649,상승경계,2,6,상승심각,7,1,상승경계,6,2024-08-12,8,상순,8,중순,2024-08-13,6000,6463,5990,5499,5895,5699,,,,,,
2024-08-13,1101,무,51.237,4.889,2078.3,2538,1976.7,1952,1720.4,1374,상승주의,3,5,상승심각,7,1,상승경계,6,2024-08-12,8,상순,8,중순,2024-08-13,2980,3156,2988,3009,2899,2523,,,,,,
2024-08-13,1207,건고추,1.851,-2.339,13588.88,13457.02,13906.66,13866,14218,13342,상승심각,232,7,상승심각,7,1,상승심각,7,2024-08-09,8,상순,8,중순,2024-08-12,18648,18808,18129,18684,17473,15976,,,,,,
2024-08-13,1209,마늘,-2.961,0,6883.35,6900,6883.35,6896,6466.65,7093,상승경계,50,6,상승경계,6,1,상승경계,6,2024-08-09,8,상순,8,중순,2024-08-12,9491,9704,9609,9998,9441,10460,,,,,,
2024-08-13,1201,양파,9.066,-2.629,1179,1172,1210,1222,1366,1081,안정,79,4,안정,4,1,안정,4,2024-08-12,8,상순,8,중순,2024-08-13,1983,1951,1986,1981,2104,2035,,,,,,
2024-08-13,1202,대파,-25.476,-19.007,1410,1702,1678,1973,2027,1892,하락심각,89,1,하락심각,1,1,하락심각,1,2024-08-12,8,상순,8,중순,2024-08-13,5667,5753,5631,5731,6766,4991,,,,,,
2024-08-14,1001,배추,75.966,15.559,6420.667,5748,5421.667,5092,3804.667,3649,상승심각,1,7,상승심각,7,1,상승경계,6,2024-08-13,8,상순,8,중순,2024-08-14,6159,6463,6000,5499,5895,5699,,,,,,
2024-08-14,1101,무,56.477,3.33,2149.9,2538,2078.3,1952,1720.4,1374,상승경계,1,6,상승심각,7,1,상승경계,6,2024-08-13,8,상순,8,중순,2024-08-14,3021,3156,2980,3009,2899,2523,,,,,,
2024-08-14,1207,건고추,0.322,-1.523,13385,13457.02,13588.88,13866,14218,13342,상승심각,233,7,상승심각,7,1,상승심각,7,2024-08-12,8,상순,8,중순,2024-08-13,18658,18808,18648,18684,17473,15976,,,,,,
2024-08-14,1209,마늘,-2.721,0.241,6900,6900,6883.35,6896,6466.65,7093,상승경계,51,6,상승경계,6,1,상승경계,6,2024-08-12,8,상순,8,중순,2024-08-13,9451,9704,9491,9998,9441,10460,,,,,,
2024-08-14,1201,양파,10.361,1.174,1193,1172,1179,1222,1366,1081,안정,80,4,안정,4,1,안정,4,2024-08-13,8,상순,8,중순,2024-08-14,1980,1951,1983,1981,2104,2035,,,,,,
2024-08-14,1202,대파,-22.674,3.623,1463,1702,1410,1973,2027,1892,하락심각,90,1,하락심각,1,1,하락심각,1,2024-08-13,8,상순,8,중순,2024-08-14,5670,5753,5667,5731,6766,4991,,,,,,
2024-08-15,1001,배추,57.66,-11.606,5753,5748,6420.667,5092,3804.667,3649,상승심각,2,7,상승심각,7,0,상승경계,6,2024-08-14,8,상순,8,중순,2024-08-15,6159,6463,6000,5499,5895,5699,,,,,,
2024-08-15,1101,무,61.499,3.105,2218.8,2538,2149.9,1952,1720.4,1374,상승경계,2,6,상승심각,7,0,상승경계,6,2024-08-14,8,상순,8,중순,2024-08-15,3021,3156,2980,3009,2899,2523,,,,,,
2024-08-15,1207,건고추,0.794,0.465,13447.5,13457.02,13385,13866,14218,13342,상승심각,234,7,상승심각,7,0,상승심각,7,2024-08-13,8,상순,8,중순,2024-08-14,18475,18808,18658,18684,17473,15976,,,,,,
2024-08-15,1209,마늘,-2.721,0,6900,6900,6900,6896,6466.65,7093,상승경계,52,6,상승경계,6,0,상승경계,6,2024-08-13,8,상순,8,중순,2024-08-14,9456,9704,9451,9998,9441,10460,,,,,,
2024-08-15,1201,양파,3.885,-6.233,1123,1172,1193,1222,1366,1081,안정,81,4,안정,4,0,안정,4,2024-08-14,8,상순,8,중순,2024-08-15,1980,1951,1983,1981,2104,2035,,,,,,
2024-08-15,1202,대파,-3.171,20.142,1832,1702,1463,1973,2027,1892,하락심각,91,1,하락심각,1,0,하락심각,1,2024-08-14,8,상순,8,중순,2024-08-15,5670,5753,5667,5731,6766,4991,,,,,,
2024-08-18,1001,배추,66.045,-1.007,6058.667,5748,6119.667,5092,3804.667,3649,상승심각,4,7,상승심각,7,1,상승경계,6,2024-08-16,8,상순,8,중순,2024-08-17,6806,6463,6159,5499,5895,5699,,,,,,
2024-08-18,1101,무,117.394,11.19,2986.6,2538,2652.4,1952,1720.4,1374,상승심각,2,7,상승심각,7,1,상승경계,6,2024-08-16,8,상순,8,중순,2024-08-17,3170,3156,3021,3009,2899,2523,,,,,,
2024-08-18,1207,건고추,0.735,-0.056,13440,13457.02,13447.5,13866,14218,13342,상승심각,235,7,상승심각,7,1,상승심각,7,2024-08-14,8,상순,8,중순,2024-08-16,18958,18808,18475,18684,17473,15976,,,,,,
2024-08-18,1209,마늘,-2.721,0,6900,6900,6900,6896,6466.65,7093,상승경계,53,6,상승경계,6,1,상승경계,6,2024-08-14,8,상순,8,중순,2024-08-16,9634,9704,9456,9998,9441,10460,,,,,,
2024-08-18,1201,양파,8.696,2.894,1175,1172,1141,1222,1366,1081,안정,83,4,안정,4,1,안정,4,2024-08-16,8,상순,8,중순,2024-08-17,1923,1951,1980,1981,2104,2035,,,,,,
2024-08-18,1202,대파,-5.127,-11.978,1795,1702,2010,1973,2027,1892,하락심각,93,1,하락심각,1,1,하락심각,1,2024-08-16,8,상순,8,중순,2024-08-17,5676,5753,5670,5731,6766,4991,,,,,,
2024-08-16,1001,배추,67.717,5.992,6119.667,5748,5753,5092,3804.667,3649,상승심각,3,7,상승심각,7,1,상승경계,6,2024-08-15,8,상순,8,중순,2024-08-16,6806,6463,6159,5499,5895,5699,,,,,,
2024-08-16,1101,무,93.013,16.347,2652.4,2538,2218.8,1952,1720.4,1374,상승심각,1,7,상승심각,7,1,상승경계,6,2024-08-15,8,상순,8,중순,2024-08-16,3170,3156,3021,3009,2899,2523,,,,,,
2024-08-16,1207,건고추,0.794,0.465,13447.5,13457.02,13385,13866,14218,13342,상승심각,234,7,상승심각,7,1,상승심각,7,2024-08-13,8,상순,8,중순,2024-08-14,18475,18808,18658,18684,17473,15976,,,,,,
2024-08-16,1209,마늘,-2.721,0,6900,6900,6900,6896,6466.65,7093,상승경계,52,6,상승경계,6,1,상승경계,6,2024-08-13,8,상순,8,중순,2024-08-14,9456,9704,9451,9998,9441,10460,,,,,,
2024-08-16,1201,양파,5.55,1.578,1141,1172,1123,1222,1366,1081,안정,82,4,안정,4,1,안정,4,2024-08-15,8,상순,8,중순,2024-08-16,1923,1951,1980,1981,2104,2035,,,,,,
2024-08-16,1202,대파,6.237,8.856,2010,1702,1832,1973,2027,1892,하락심각,92,1,하락심각,1,1,하락심각,1,2024-08-15,8,상순,8,중순,2024-08-16,5676,5753,5670,5731,6766,4991,,,,,,
2024-08-17,1001,배추,66.045,-1.007,6058.667,5748,6119.667,5092,3804.667,3649,상승심각,4,7,상승심각,7,1,상승경계,6,2024-08-16,8,상순,8,중순,2024-08-17,6806,6463,6159,5499,5895,5699,,,,,,
2024-08-17,1101,무,117.394,11.19,2986.6,2538,2652.4,1952,1720.4,1374,상승심각,2,7,상승심각,7,1,상승경계,6,2024-08-16,8,상순,8,중순,2024-08-17,3170,3156,3021,3009,2899,2523,,,,,,
2024-08-17,1207,건고추,0.735,-0.056,13440,13457.02,13447.5,13866,14218,13342,상승심각,235,7,상승심각,7,1,상승심각,7,2024-08-14,8,상순,8,중순,2024-08-16,18958,18808,18475,18684,17473,15976,,,,,,
2024-08-17,1209,마늘,-2.721,0,6900,6900,6900,6896,6466.65,7093,상승경계,53,6,상승경계,6,1,상승경계,6,2024-08-14,8,상순,8,중순,2024-08-16,9634,9704,9456,9998,9441,10460,,,,,,
2024-08-17,1201,양파,8.696,2.894,1175,1172,1141,1222,1366,1081,안정,83,4,안정,4,1,안정,4,2024-08-16,8,상순,8,중순,2024-08-17,1923,1951,1980,1981,2104,2035,,,,,,
2024-08-17,1202,대파,-5.127,-11.978,1795,1702,2010,1973,2027,1892,하락심각,93,1,하락심각,1,1,하락심각,1,2024-08-16,8,상순,8,중순,2024-08-17,5676,5753,5670,5731,6766,4991,,,,,,
2024-08-19,1001,배추,45.163,-14.386,5296.667,5748,6058.667,5092,3804.667,3649,상승경계,1,6,상승심각,7,1,상승경계,6,2024-08-17,8,상순,8,중순,2024-08-19,6888,6463,6806,5499,5895,5699,,,,,,
2024-08-19,1101,무,126.492,4.014,3111.5,2538,2986.6,1952,1720.4,1374,상승심각,3,7,상승심각,7,1,상승경계,6,2024-08-17,8,상순,8,중순,2024-08-19,3360,3156,3170,3009,2899,2523,,,,,,
2024-08-19,1207,건고추,0.735,-0.056,13440,13457.02,13447.5,13866,14218,13342,상승심각,235,7,상승심각,7,1,상승심각,7,2024-08-14,8,상순,8,중순,2024-08-16,18958,18808,18475,18684,17473,15976,,,,,,
2024-08-19,1209,마늘,-2.721,0,6900,6900,6900,6896,6466.65,7093,상승경계,53,6,상승경계,6,1,상승경계,6,2024-08-14,8,상순,8,중순,2024-08-16,9634,9704,9456,9998,9441,10460,,,,,,
2024-08-19,1201,양파,10.916,2.002,1199,1172,1175,1222,1366,1081,안정,84,4,안정,4,1,안정,4,2024-08-17,8,상순,8,중순,2024-08-19,1912,1951,1923,1981,2104,2035,,,,,,
2024-08-19,1202,대파,-1.903,3.287,1856,1702,1795,1973,2027,1892,하락심각,94,1,하락심각,1,1,하락심각,1,2024-08-17,8,상순,8,중순,2024-08-19,5934,5753,5676,5731,6766,4991,,,,,,
2024-08-20,1001,배추,45.026,-0.094,5291.667,5748,5296.667,5092,3804.667,3649,상승경계,2,6,상승심각,7,1,상승경계,6,2024-08-19,8,상순,8,중순,2024-08-20,6937,6463,6888,5499,5895,5699,,,,,,
2024-08-20,1101,무,127.802,0.594,3130.1,2538,3111.5,1952,1720.4,1374,상승심각,4,7,상승심각,7,1,상승경계,6,2024-08-19,8,상순,8,중순,2024-08-20,3417,3156,3360,3009,2899,2523,,,,,,
2024-08-20,1207,건고추,0.097,-0.636,13355,13457.02,13440,13866,14218,13342,상승심각,236,7,상승심각,7,1,상승심각,7,2024-08-16,8,상순,8,중순,2024-08-19,19010,18808,18958,18684,17473,15976,,,,,,
2024-08-20,1209,마늘,-2.481,0.241,6916.65,6900,6900,6896,6466.65,7093,상승경계,54,6,상승경계,6,1,상승경계,6,2024-08-16,8,상순,8,중순,2024-08-19,9990,9704,9634,9998,9441,10460,,,,,,
2024-08-20,1201,양파,6.938,-3.72,1156,1172,1199,1222,1366,1081,안정,85,4,안정,4,1,안정,4,2024-08-19,8,상순,8,중순,2024-08-20,1919,1951,1912,1981,2104,2035,,,,,,
2024-08-20,1202,대파,-17.125,-18.367,1568,1702,1856,1973,2027,1892,하락심각,95,1,하락심각,1,1,하락심각,1,2024-08-19,8,상순,8,중순,2024-08-20,5940,5753,5934,5731,6766,4991,,,,,,
2024-08-21,1001,배추,27.125,1.739,5385.333,6134,5291.667,5748,4207,4236,상승경계,3,6,상승심각,7,1,상승심각,7,2024-08-20,8,중순,8,하순,2024-08-21,6926,7132,6937,6463,5766,5692,,,,,,
2024-08-21,1101,무,60.446,-11.666,2803.1,2830.6,3130.1,2538,1954.6,1747,상승심각,5,7,상승심각,7,1,상승경계,6,2024-08-20,8,중순,8,하순,2024-08-21,3612,3868,3417,3156,2680,2617,,,,,,
2024-08-21,1207,건고추,5.697,1.262,13525.72,13590.72,13355,13457,13932.06,12797,상승심각,237,7,상승심각,7,1,상승심각,7,2024-08-19,8,중순,8,하순,2024-08-20,19096,18830,19010,18808,18548,16665,,,,,,
2024-08-21,1209,마늘,-3.022,-0.241,6900,6954.15,6916.65,6900,6476.85,7115,상승경계,55,6,상승경계,6,1,상승경계,6,2024-08-19,8,중순,8,하순,2024-08-20,10200,10299,9990,9704,9810,10650,,,,,,
2024-08-21,1201,양파,11.439,1.112,1169,1155,1156,1172,1291,1049,안정,86,4,안정,4,1,안정,4,2024-08-20,8,중순,8,하순,2024-08-21,1927,1954,1919,1951,2072,2053,,,,,,
2024-08-21,1202,대파,5.705,4.912,1649,1551,1568,1702,1706,1560,하락심각,96,1,하락심각,1,1,하락심각,1,2024-08-20,8,중순,8,하순,2024-08-21,5993,6607,5940,5753,6348,5375,,,,,,
2024-08-22,1001,배추,35.033,5.856,5720.333,6134,5385.333,5748,4207,4236,상승심각,1,7,상승심각,7,1,상승심각,7,2024-08-21,8,중순,8,하순,2024-08-22,7293,7132,6926,6463,5766,5692,,,,,,
2024-08-22,1101,무,61.362,0.561,2818.9,2830.6,2803.1,2538,1954.6,1747,상승심각,6,7,상승심각,7,1,상승경계,6,2024-08-21,8,중순,8,하순,2024-08-22,3749,3868,3612,3156,2680,2617,,,,,,
2024-08-22,1207,건고추,5.697,0,13525.72,13590.72,13525.72,13457,13932.06,12797,상승심각,238,7,상승심각,7,1,상승심각,7,2024-08-20,8,중순,8,하순,2024-08-21,19029,18830,19096,18808,18548,16665,,,,,,
2024-08-22,1209,마늘,-2.783,0.241,6916.65,6954.15,6900,6900,6476.85,7115,상승경계,56,6,상승경계,6,1,상승경계,6,2024-08-20,8,중순,8,하순,2024-08-21,10200,10299,10200,9704,9810,10650,,,,,,
2024-08-22,1201,양파,9.914,-1.388,1153,1155,1169,1172,1291,1049,안정,87,4,안정,4,1,안정,4,2024-08-21,8,중순,8,하순,2024-08-22,1945,1954,1927,1951,2072,2053,,,,,,
2024-08-22,1202,대파,16.474,9.246,1817,1551,1649,1702,1706,1560,하락심각,97,1,하락심각,1,1,하락심각,1,2024-08-21,8,중순,8,하순,2024-08-22,6219,6607,5993,5753,6348,5375,,,,,,
2024-08-25,1001,배추,53.494,5.814,6501.667,6134,6123.667,5748,4207,4236,상승심각,3,7,상승심각,7,1,상승심각,7,2024-08-23,8,중순,8,하순,2024-08-24,7306,7229,7293,6463,5766,5692,,,,,,
2024-08-25,1101,무,54.436,0.812,2698.3,2830.6,2676.4,2538,1954.6,1747,상승심각,8,7,상승심각,7,1,상승경계,6,2024-08-23,8,중순,8,하순,2024-08-24,3901,3889,3749,3156,2680,2617,,,,,,
2024-08-25,1207,건고추,6.275,0,13600,13589.38,13600,13457,13932.06,12797,상승심각,240,7,상승심각,7,1,상승심각,7,2024-08-22,8,중순,8,하순,2024-08-23,18853,18823,18877,18808,18548,16665,,,,,,
2024-08-25,1209,마늘,-2.319,0.24,6950,6948.8,6933.35,6900,6476.85,7115,상승경계,58,6,상승경계,6,1,상승경계,6,2024-08-22,8,중순,8,하순,2024-08-23,10305,10390,10167,9704,9810,10650,,,,,,
2024-08-25,1201,양파,9.724,1.477,1151,1155,1134,1172,1291,1049,안정,89,4,안정,4,1,안정,4,2024-08-23,8,중순,8,하순,2024-08-24,1942,1951,1945,1951,2072,2053,,,,,,
2024-08-25,1202,대파,0.769,-8.206,1572,1551,1701,1702,1706,1560,하락심각,99,1,하락심각,1,1,하락심각,1,2024-08-23,8,중순,8,하순,2024-08-24,6314,6543,6219,5753,6348,5375,,,,,,
2024-08-23,1001,배추,44.57,6.586,6123.667,6134,5720.333,5748,4207,4236,상승심각,2,7,상승심각,7,1,상승심각,7,2024-08-22,8,중순,8,하순,2024-08-23,7306,7132,7293,6463,5766,5692,,,,,,
2024-08-23,1101,무,53.177,-5.324,2676.4,2830.6,2818.9,2538,1954.6,1747,상승심각,7,7,상승심각,7,1,상승경계,6,2024-08-22,8,중순,8,하순,2024-08-23,3901,3868,3749,3156,2680,2617,,,,,,
2024-08-23,1207,건고추,6.275,0.546,13600,13590.72,13525.72,13457,13932.06,12797,상승심각,239,7,상승심각,7,1,상승심각,7,2024-08-21,8,중순,8,하순,2024-08-22,18877,18830,19029,18808,18548,16665,,,,,,
2024-08-23,1209,마늘,-2.558,0.241,6933.35,6954.15,6916.65,6900,6476.85,7115,상승경계,57,6,상승경계,6,1,상승경계,6,2024-08-21,8,중순,8,하순,2024-08-22,10167,10299,10200,9704,9810,10650,,,,,,
2024-08-23,1201,양파,8.103,-1.675,1134,1155,1153,1172,1291,1049,안정,88,4,안정,4,1,안정,4,2024-08-22,8,중순,8,하순,2024-08-23,1942,1954,1945,1951,2072,2053,,,,,,
2024-08-23,1202,대파,9.038,-6.82,1701,1551,1817,1702,1706,1560,하락심각,98,1,하락심각,1,1,하락심각,1,2024-08-22,8,중순,8,하순,2024-08-23,6314,6607,6219,5753,6348,5375,,,,,,
2024-08-24,1001,배추,53.494,5.814,6501.667,6134,6123.667,5748,4207,4236,상승심각,3,7,상승심각,7,1,상승심각,7,2024-08-23,8,중순,8,하순,2024-08-24,7306,7132,7293,6463,5766,5692,,,,,,
2024-08-24,1101,무,54.436,0.812,2698.3,2830.6,2676.4,2538,1954.6,1747,상승심각,8,7,상승심각,7,1,상승경계,6,2024-08-23,8,중순,8,하순,2024-08-24,3901,3868,3749,3156,2680,2617,,,,,,
2024-08-24,1207,건고추,6.275,0,13600,13590.72,13600,13457,13932.06,12797,상승심각,240,7,상승심각,7,1,상승심각,7,2024-08-22,8,중순,8,하순,2024-08-23,18853,18830,18877,18808,18548,16665,,,,,,
2024-08-24,1209,마늘,-2.319,0.24,6950,6954.15,6933.35,6900,6476.85,7115,상승경계,58,6,상승경계,6,1,상승경계,6,2024-08-22,8,중순,8,하순,2024-08-23,10305,10299,10167,9704,9810,10650,,,,,,
2024-08-24,1201,양파,9.724,1.477,1151,1155,1134,1172,1291,1049,안정,89,4,안정,4,1,안정,4,2024-08-23,8,중순,8,하순,2024-08-24,1942,1954,1945,1951,2072,2053,,,,,,
2024-08-24,1202,대파,0.769,-8.206,1572,1551,1701,1702,1706,1560,하락심각,99,1,하락심각,1,1,하락심각,1,2024-08-23,8,중순,8,하순,2024-08-24,6314,6607,6219,5753,6348,5375,,,,,,
2024-08-26,1001,배추,38.621,-10.723,5872,6134,6501.667,5748,4207,4236,상승심각,4,7,상승심각,7,1,상승심각,7,2024-08-24,8,중순,8,하순,2024-08-26,7419,7132,7306,6463,5766,5692,,,,,,
2024-08-26,1101,무,52.948,-0.992,2671.8,2830.6,2698.3,2538,1954.6,1747,상승심각,9,7,상승심각,7,1,상승경계,6,2024-08-24,8,중순,8,하순,2024-08-26,3960,3868,3901,3156,2680,2617,,,,,,
2024-08-26,1207,건고추,6.275,0,13600,13590.72,13600,13457,13932.06,12797,상승심각,240,7,상승심각,7,1,상승심각,7,2024-08-22,8,중순,8,하순,2024-08-23,18853,18830,18877,18808,18548,16665,,,,,,
2024-08-26,1209,마늘,-2.319,0.24,6950,6954.15,6933.35,6900,6476.85,7115,상승경계,58,6,상승경계,6,1,상승경계,6,2024-08-22,8,중순,8,하순,2024-08-23,10305,10299,10167,9704,9810,10650,,,,,,
2024-08-26,1201,양파,13.251,3.114,1188,1155,1151,1172,1291,1049,안정,90,4,안정,4,1,안정,4,2024-08-24,8,중순,8,하순,2024-08-26,1958,1954,1942,1951,2072,2053,,,,,,
2024-08-26,1202,대파,-2.885,-3.762,1515,1551,1572,1702,1706,1560,하락심각,100,1,하락심각,1,1,하락심각,1,2024-08-24,8,중순,8,하순,2024-08-26,6568,6607,6314,5753,6348,5375,,,,,,
2024-08-27,1001,배추,24.197,-11.614,5261,6134,5872,5748,4207,4236,상승경계,1,6,상승심각,7,1,상승심각,7,2024-08-26,8,중순,8,하순,2024-08-27,7561,7132,7419,6463,5766,5692,,,,,,
2024-08-27,1101,무,76.875,13.523,3089.6,2830.6,2671.8,2538,1954.6,1747,상승심각,10,7,상승심각,7,1,상승경계,6,2024-08-26,8,중순,8,하순,2024-08-27,4067,3868,3960,3156,2680,2617,,,,,,
2024-08-27,1207,건고추,6.275,0,13600,13590.72,13600,13457,13932.06,12797,상승심각,241,7,상승심각,7,1,상승심각,7,2024-08-23,8,중순,8,하순,2024-08-26,18780,18830,18853,18808,18548,16665,,,,,,
2024-08-27,1209,마늘,-2.431,-0.12,6941.65,6954.15,6950,6900,6476.85,7115,상승경계,59,6,상승경계,6,1,상승경계,6,2024-08-23,8,중순,8,하순,2024-08-26,10512,10299,10305,9704,9810,10650,,,,,,
2024-08-27,1201,양파,11.63,-1.452,1171,1155,1188,1172,1291,1049,안정,91,4,안정,4,1,안정,4,2024-08-26,8,중순,8,하순,2024-08-27,1962,1954,1958,1951,2072,2053,,,,,,
2024-08-27,1202,대파,-8.462,-6.092,1428,1551,1515,1702,1706,1560,하락심각,101,1,하락심각,1,1,하락심각,1,2024-08-26,8,중순,8,하순,2024-08-27,6755,6607,6568,5753,6348,5375,,,,,,
2024-08-28,1001,배추,55.123,19.94,6571.333,6134,5261,5748,4207,4236,상승심각,1,7,상승심각,7,1,상승심각,7,2024-08-27,8,중순,8,하순,2024-08-28,7527,7132,7561,6463,5766,5692,,,,,,
2024-08-28,1101,무,85.69,4.748,3243.6,2830.6,3089.6,2538,1954.6,1747,상승심각,11,7,상승심각,7,1,상승경계,6,2024-08-27,8,중순,8,하순,2024-08-28,4101,3868,4067,3156,2680,2617,,,,,,
2024-08-28,1207,건고추,6.275,0,13600,13590.72,13600,13457,13932.06,12797,상승심각,242,7,상승심각,7,1,상승심각,7,2024-08-26,8,중순,8,하순,2024-08-27,18753,18830,18780,18808,18548,16665,,,,,,
2024-08-28,1209,마늘,-2.431,0,6941.65,6954.15,6941.65,6900,6476.85,7115,상승경계,60,6,상승경계,6,1,상승경계,6,2024-08-26,8,중순,8,하순,2024-08-27,10596,10299,10512,9704,9810,10650,,,,,,
2024-08-28,1201,양파,13.918,2.008,1195,1155,1171,1172,1291,1049,안정,92,4,안정,4,1,안정,4,2024-08-27,8,중순,8,하순,2024-08-28,1937,1954,1962,1951,2072,2053,,,,,,
2024-08-28,1202,대파,-7.5,1.04,1443,1551,1428,1702,1706,1560,하락심각,102,1,하락심각,1,1,하락심각,1,2024-08-27,8,중순,8,하순,2024-08-28,6984,6607,6755,5753,6348,5375,,,,,,
2024-08-29,1001,배추,43.319,-8.247,6070.667,6134,6571.333,5748,4207,4236,상승심각,2,7,상승심각,7,1,상승심각,7,2024-08-28,8,중순,8,하순,2024-08-29,6572,7132,7527,6463,5766,5692,,,,,,
2024-08-29,1101,무,59.874,-16.154,2792.5,2830.6,3243.6,2538,1954.6,1747,상승심각,12,7,상승심각,7,1,상승경계,6,2024-08-28,8,중순,8,하순,2024-08-29,3833,3868,4101,3156,2680,2617,,,,,,
2024-08-29,1207,건고추,6.275,0,13600,13590.72,13600,13457,13932.06,12797,상승심각,243,7,상승심각,7,1,상승심각,7,2024-08-27,8,중순,8,하순,2024-08-28,18721,18830,18753,18808,18548,16665,,,,,,
2024-08-29,1209,마늘,-1.968,0.478,6975,6954.15,6941.65,6900,6476.85,7115,상승경계,61,6,상승경계,6,1,상승경계,6,2024-08-27,8,중순,8,하순,2024-08-28,10667,10299,10596,9704,9810,10650,,,,,,
2024-08-29,1201,양파,10.391,-3.195,1158,1155,1195,1172,1291,1049,안정,93,4,안정,4,1,안정,4,2024-08-28,8,중순,8,하순,2024-08-29,1989,1954,1937,1951,2072,2053,,,,,,
2024-08-29,1202,대파,-13.333,-6.731,1352,1551,1443,1702,1706,1560,하락심각,103,1,하락심각,1,1,하락심각,1,2024-08-28,8,중순,8,하순,2024-08-29,6968,6607,6984,5753,6348,5375,,,,,,
2024-08-30,1001,배추,58.286,9.461,6705,6134,6070.667,5748,4207,4236,상승심각,3,7,상승심각,7,1,상승심각,7,2024-08-29,8,중순,8,하순,2024-08-30,6455,7132,6572,6463,5766,5692,,,,,,
2024-08-30,1101,무,54.379,-3.545,2696.9,2830.6,2792.5,2538,1954.6,1747,상승심각,13,7,상승심각,7,1,상승경계,6,2024-08-29,8,중순,8,하순,2024-08-30,3718,3868,3833,3156,2680,2617,,,,,,
2024-08-30,1207,건고추,6.275,0,13600,13590.72,13600,13457,13932.06,12797,상승심각,244,7,상승심각,7,1,상승심각,7,2024-08-28,8,중순,8,하순,2024-08-29,18751,18830,18721,18808,18548,16665,,,,,,
2024-08-30,1209,마늘,-1.855,0.12,6983.35,6954.15,6975,6900,6476.85,7115,상승경계,62,6,상승경계,6,1,상승경계,6,2024-08-28,8,중순,8,하순,2024-08-29,10282,10299,10667,9704,9810,10650,,,,,,
2024-08-30,1201,양파,9.056,-1.224,1144,1155,1158,1172,1291,1049,안정,94,4,안정,4,1,안정,4,2024-08-29,8,중순,8,하순,2024-08-30,1972,1954,1989,1951,2072,2053,,,,,,
2024-08-30,1202,대파,-6.667,7.143,1456,1551,1352,1702,1706,1560,하락심각,104,1,하락심각,1,1,하락심각,1,2024-08-29,8,중순,8,하순,2024-08-30,7055,6607,6968,5753,6348,5375,,,,,,
2024-08-31,1001,배추,68.296,5.952,7129.333,6134,6705,5748,4207,4236,상승심각,4,7,상승심각,7,1,상승심각,7,2024-08-30,8,중순,8,하순,2024-08-31,6455,7132,6572,6463,5766,5692,,,,,,
2024-08-31,1101,무,61.076,4.175,2814.4,2830.6,2696.9,2538,1954.6,1747,상승심각,14,7,상승심각,7,1,상승경계,6,2024-08-30,8,중순,8,하순,2024-08-31,3718,3868,3833,3156,2680,2617,,,,,,
2024-08-31,1207,건고추,6.275,0,13600,13590.72,13600,13457,13932.06,12797,상승심각,245,7,상승심각,7,1,상승심각,7,2024-08-29,8,중순,8,하순,2024-08-30,18872,18830,18751,18808,18548,16665,,,,,,
2024-08-31,1209,마늘,-1.729,0.119,6991.65,6954.15,6983.35,6900,6476.85,7115,상승경계,63,6,상승경계,6,1,상승경계,6,2024-08-29,8,중순,8,하순,2024-08-30,9662,10299,10282,9704,9810,10650,,,,,,
2024-08-31,1201,양파,3.718,-5.147,1088,1155,1144,1172,1291,1049,안정,95,4,안정,4,1,안정,4,2024-08-30,8,중순,8,하순,2024-08-31,1972,1954,1989,1951,2072,2053,,,,,,
2024-08-31,1202,대파,1.346,7.906,1581,1551,1456,1702,1706,1560,하락심각,105,1,하락심각,1,1,하락심각,1,2024-08-30,8,중순,8,하순,2024-08-31,7055,6607,6968,5753,6348,5375,,,,,,
2024-09-01,1001,배추,48.521,5.952,7129.333,7415.333,6705,6134,3799,4800,상승심각,4,7,상승심각,7,1,상승심각,7,2024-08-30,8,하순,9,상순,2024-08-31,6455,6870,6572,7132,5522,6260,,,,,,
2024-09-01,1101,무,73.704,4.175,2814.4,2278.1,2696.9,2831,1292.6,1620,상승심각,14,7,상승심각,7,1,상승경계,6,2024-08-30,8,하순,9,상순,2024-08-31,3718,3685,3833,3868,2552,2745,,,,,,
2024-09-01,1207,건고추,6.383,0,13600,13570.28,13600,13591,13461.6,12784,상승심각,245,7,상승심각,7,1,상승심각,7,2024-08-29,8,하순,9,상순,2024-08-30,18872,18933,18751,18830,18958,17065,,,,,,
2024-09-01,1209,마늘,-1.438,0.119,6991.65,7054.75,6983.35,6954,6487.5,7094,상승경계,63,6,상승경계,6,1,상승경계,6,2024-08-29,8,하순,9,상순,2024-08-30,9662,9580,10282,10299,8375,10220,,,,,,
2024-09-01,1201,양파,-2.422,-5.147,1088,1125,1144,1155,1283,1115,안정,95,4,안정,4,1,안정,4,2024-08-30,8,하순,9,상순,2024-08-31,1972,2098,1989,1954,2058,2070,,,,,,
2024-09-01,1202,대파,-12.748,7.906,1581,1682,1456,1551,1644,1812,하락심각,105,1,하락심각,1,1,하락심각,1,2024-08-30,8,하순,9,상순,2024-08-31,7055,7446,6968,6607,5759,5400,,,,,,
2024-09-02,1001,배추,45.146,-2.33,6967,7415.333,7129.333,6134,3799,4800,상승심각,5,7,상승심각,7,1,상승심각,7,2024-08-31,8,하순,9,상순,2024-09-02,6545,6870,6455,7132,5522,6260,,,,,,
2024-09-02,1101,무,53.395,-13.242,2485.3,2278.1,2814.4,2831,1292.6,1620,상승경계,1,6,상승경계,6,1,상승경계,6,2024-08-31,8,하순,9,상순,2024-09-02,3659,3685,3718,3868,2552,2745,,,,,,
2024-09-02,1207,건고추,6.383,0,13600,13570.28,13600,13591,13461.6,12784,상승심각,245,7,상승심각,7,1,상승심각,7,2024-08-29,8,하순,9,상순,2024-08-30,18872,18933,18751,18830,18958,17065,,,,,,
2024-09-02,1209,마늘,-1.438,0.119,6991.65,7054.75,6983.35,6954,6487.5,7094,상승경계,63,6,상승경계,6,1,상승경계,6,2024-08-29,8,하순,9,상순,2024-08-30,9662,9580,10282,10299,8375,10220,,,,,,
2024-09-02,1201,양파,-0.628,1.805,1108,1125,1088,1155,1283,1115,안정,96,4,안정,4,1,안정,4,2024-08-31,8,하순,9,상순,2024-09-02,2036,2098,1972,1954,2058,2070,,,,,,
2024-09-02,1202,대파,-14.073,-1.541,1557,1682,1581,1551,1644,1812,하락심각,106,1,하락심각,1,1,하락심각,1,2024-08-31,8,하순,9,상순,2024-09-02,7386,7446,7055,6607,5759,5400,,,,,,
2024-09-03,1001,배추,44.25,-0.626,6923.667,7415.333,6967,6134,3799,4800,상승심각,6,7,상승심각,7,1,상승심각,7,2024-09-02,8,하순,9,상순,2024-09-03,6604,6870,6545,7132,5522,6260,,,,,,
2024-09-03,1101,무,39.074,-10.325,2252.7,2278.1,2485.3,2831,1292.6,1620,상승경계,2,6,상승경계,6,1,상승경계,6,2024-09-02,8,하순,9,상순,2024-09-03,3651,3685,3659,3868,2552,2745,,,,,,
2024-09-03,1207,건고추,6.383,0,13600,13570.28,13600,13591,13461.6,12784,상승심각,246,7,상승심각,7,1,상승심각,7,2024-08-30,8,하순,9,상순,2024-09-02,18854,18933,18872,18830,18958,17065,,,,,,
2024-09-03,1209,마늘,-0.973,0.475,7025,7054.75,6991.65,6954,6487.5,7094,상승주의,1,5,상승주의,5,1,상승주의,5,2024-08-30,8,하순,9,상순,2024-09-02,10272,9580,9662,10299,8375,10220,,,,,,
2024-09-03,1201,양파,-3.318,-2.783,1078,1125,1108,1155,1283,1115,안정,97,4,안정,4,1,안정,4,2024-09-02,8,하순,9,상순,2024-09-03,2067,2098,2036,1954,2058,2070,,,,,,
2024-09-03,1202,대파,-6.843,7.761,1688,1682,1557,1551,1644,1812,하락심각,107,1,하락심각,1,1,하락심각,1,2024-09-02,8,하순,9,상순,2024-09-03,7406,7446,7386,6607,5759,5400,,,,,,
2024-09-04,1001,배추,73.667,16.939,8335.667,7415.333,6923.667,6134,3799,4800,상승심각,7,7,상승심각,7,1,상승심각,7,2024-09-03,8,하순,9,상순,2024-09-04,6704,6870,6604,7132,5522,6260,,,,,,
2024-09-04,1101,무,50.432,7.574,2437.3,2278.1,2252.7,2831,1292.6,1620,상승경계,3,6,상승경계,6,1,상승경계,6,2024-09-03,8,하순,9,상순,2024-09-04,3672,3685,3651,3868,2552,2745,,,,,,
2024-09-04,1207,건고추,6.383,0,13600,13570.28,13600,13591,13461.6,12784,상승심각,247,7,상승심각,7,1,상승심각,7,2024-09-02,8,하순,9,상순,2024-09-03,18984,18933,18854,18830,18958,17065,,,,,,
2024-09-04,1209,마늘,-0.733,0.236,7041.65,7054.75,7025,6954,6487.5,7094,상승주의,2,5,상승주의,5,1,상승주의,5,2024-09-02,8,하순,9,상순,2024-09-03,10274,9580,10272,10299,8375,10220,,,,,,
2024-09-04,1201,양파,-3.498,-0.186,1076,1125,1078,1155,1283,1115,안정,98,4,안정,4,1,안정,4,2024-09-03,8,하순,9,상순,2024-09-04,2083,2098,2067,1954,2058,2070,,,,,,
2024-09-04,1202,대파,-14.956,-9.539,1541,1682,1688,1551,1644,1812,하락심각,108,1,하락심각,1,1,하락심각,1,2024-09-03,8,하순,9,상순,2024-09-04,7514,7446,7406,6607,5759,5400,,,,,,
2024-09-05,1001,배추,78.708,2.821,8577.667,7415.333,8335.667,6134,3799,4800,상승심각,8,7,상승심각,7,1,상승심각,7,2024-09-04,8,하순,9,상순,2024-09-05,6971,6870,6704,7132,5522,6260,,,,,,
2024-09-05,1101,무,37.716,-9.267,2230.6,2278.1,2437.3,2831,1292.6,1620,상승경계,4,6,상승경계,6,1,상승경계,6,2024-09-04,8,하순,9,상순,2024-09-05,3725,3685,3672,3868,2552,2745,,,,,,
2024-09-05,1207,건고추,6.383,0,13600,13570.28,13600,13591,13461.6,12784,상승심각,248,7,상승심각,7,1,상승심각,7,2024-09-03,8,하순,9,상순,2024-09-04,18756,18933,18984,18830,18958,17065,,,,,,
2024-09-05,1209,마늘,-0.62,0.118,7050,7054.75,7041.65,6954,6487.5,7094,상승주의,3,5,상승주의,5,1,상승주의,5,2024-09-03,8,하순,9,상순,2024-09-04,10142,9580,10274,10299,8375,10220,,,,,,
2024-09-05,1201,양파,0.807,4.27,1124,1125,1076,1155,1283,1115,안정,99,4,안정,4,1,안정,4,2024-09-04,8,하순,9,상순,2024-09-05,2111,2098,2083,1954,2058,2070,,,,,,
2024-09-05,1202,대파,2.98,17.417,1866,1682,1541,1551,1644,1812,하락심각,109,1,하락심각,1,1,하락심각,1,2024-09-04,8,하순,9,상순,2024-09-05,7694,7446,7514,6607,5759,5400,,,,,,
2024-09-09,1001,배추,43.917,-0.294,6908,7415.333,6928.333,6134,3799,4800,상승심각,11,7,상승심각,7,1,상승심각,7,2024-09-07,8,하순,9,상순,2024-09-09,7096,6870,7077,7132,5522,6260,,,,,,
2024-09-09,1101,무,44.63,12.751,2343.4,2278.1,2044.6,2831,1292.6,1620,상승경계,1,6,상승경계,6,1,상승경계,6,2024-09-07,8,하순,9,상순,2024-09-09,3700,3685,3698,3868,2552,2745,,,,,,
2024-09-09,1207,건고추,6.383,0,13600,13570.28,13600,13591,13461.6,12784,상승심각,250,7,상승심각,7,1,상승심각,7,2024-09-05,8,하순,9,상순,2024-09-06,18992,18933,19016,18830,18958,17065,,,,,,
2024-09-09,1209,마늘,-0.268,0,7075,7054.75,7075,6954,6487.5,7094,상승주의,5,5,상승주의,5,1,상승주의,5,2024-09-05,8,하순,9,상순,2024-09-06,8894,9580,9555,10299,8375,10220,,,,,,
2024-09-09,1201,양파,3.587,0.519,1155,1125,1149,1155,1283,1115,안정,102,4,안정,4,1,안정,4,2024-09-07,8,하순,9,상순,2024-09-09,2140,2098,2114,1954,2058,2070,,,,,,
2024-09-09,1202,대파,-5.74,11.534,1708,1682,1511,1551,1644,1812,하락심각,112,1,하락심각,1,1,하락심각,1,2024-09-07,8,하순,9,상순,2024-09-09,7371,7446,7494,6607,5759,5400,,,,,,
2024-09-06,1001,배추,57.583,-13.406,7563.667,7415.333,8577.667,6134,3799,4800,상승심각,9,7,상승심각,7,1,상승심각,7,2024-09-05,8,하순,9,상순,2024-09-06,7077,6870,6971,7132,5522,6260,,,,,,
2024-09-06,1101,무,42.346,3.287,2306.4,2278.1,2230.6,2831,1292.6,1620,상승경계,5,6,상승경계,6,1,상승경계,6,2024-09-05,8,하순,9,상순,2024-09-06,3698,3685,3725,3868,2552,2745,,,,,,
2024-09-06,1207,건고추,6.383,0,13600,13570.28,13600,13591,13461.6,12784,상승심각,249,7,상승심각,7,1,상승심각,7,2024-09-04,8,하순,9,상순,2024-09-05,19016,18933,18756,18830,18958,17065,,,,,,
2024-09-06,1209,마늘,-0.268,0.353,7075,7054.75,7050,6954,6487.5,7094,상승주의,4,5,상승주의,5,1,상승주의,5,2024-09-04,8,하순,9,상순,2024-09-05,9555,9580,10142,10299,8375,10220,,,,,,
2024-09-06,1201,양파,3.857,2.936,1158,1125,1124,1155,1283,1115,안정,100,4,안정,4,1,안정,4,2024-09-05,8,하순,9,상순,2024-09-06,2114,2098,2111,1954,2058,2070,,,,,,
2024-09-06,1202,대파,7.837,4.504,1954,1682,1866,1551,1644,1812,하락심각,110,1,하락심각,1,1,하락심각,1,2024-09-05,8,하순,9,상순,2024-09-06,7494,7446,7694,6607,5759,5400,,,,,,
2024-09-07,1001,배추,44.333,-9.17,6928.333,7415.333,7563.667,6134,3799,4800,상승심각,10,7,상승심각,7,1,상승심각,7,2024-09-06,8,하순,9,상순,2024-09-07,7077,6870,6971,7132,5522,6260,,,,,,
2024-09-07,1101,무,26.235,-12.804,2044.6,2278.1,2306.4,2831,1292.6,1620,상승주의,1,5,상승경계,6,1,상승경계,6,2024-09-06,8,하순,9,상순,2024-09-07,3698,3685,3725,3868,2552,2745,,,,,,
2024-09-07,1207,건고추,6.383,0,13600,13570.28,13600,13591,13461.6,12784,상승심각,250,7,상승심각,7,1,상승심각,7,2024-09-05,8,하순,9,상순,2024-09-06,18992,18933,19016,18830,18958,17065,,,,,,
2024-09-07,1209,마늘,-0.268,0,7075,7054.75,7075,6954,6487.5,7094,상승주의,5,5,상승주의,5,1,상승주의,5,2024-09-05,8,하순,9,상순,2024-09-06,8894,9580,9555,10299,8375,10220,,,,,,
2024-09-07,1201,양파,3.049,-0.783,1149,1125,1158,1155,1283,1115,안정,101,4,안정,4,1,안정,4,2024-09-06,8,하순,9,상순,2024-09-07,2114,2098,2111,1954,2058,2070,,,,,,
2024-09-07,1202,대파,-16.611,-29.318,1511,1682,1954,1551,1644,1812,하락심각,111,1,하락심각,1,1,하락심각,1,2024-09-06,8,하순,9,상순,2024-09-07,7494,7446,7694,6607,5759,5400,,,,,,
2024-09-08,1001,배추,44.333,-9.17,6928.333,7415.333,7563.667,6134,3799,4800,상승심각,10,7,상승심각,7,1,상승심각,7,2024-09-06,8,하순,9,상순,2024-09-07,7077,6870,6971,7132,5522,6260,,,,,,
2024-09-08,1101,무,26.235,-12.804,2044.6,2278.1,2306.4,2831,1292.6,1620,상승주의,1,5,상승경계,6,1,상승경계,6,2024-09-06,8,하순,9,상순,2024-09-07,3698,3685,3725,3868,2552,2745,,,,,,
2024-09-08,1207,건고추,6.383,0,13600,13570.28,13600,13591,13461.6,12784,상승심각,250,7,상승심각,7,1,상승심각,7,2024-09-05,8,하순,9,상순,2024-09-06,18992,18933,19016,18830,18958,17065,,,,,,
2024-09-08,1209,마늘,-0.268,0,7075,7054.75,7075,6954,6487.5,7094,상승주의,5,5,상승주의,5,1,상승주의,5,2024-09-05,8,하순,9,상순,2024-09-06,8894,9580,9555,10299,8375,10220,,,,,,
2024-09-08,1201,양파,3.049,-0.783,1149,1125,1158,1155,1283,1115,안정,101,4,안정,4,1,안정,4,2024-09-06,8,하순,9,상순,2024-09-07,2114,2098,2111,1954,2058,2070,,,,,,
2024-09-08,1202,대파,-16.611,-29.318,1511,1682,1954,1551,1644,1812,하락심각,111,1,하락심각,1,1,하락심각,1,2024-09-06,8,하순,9,상순,2024-09-07,7494,7446,7694,6607,5759,5400,,,,,,
2024-09-10,1001,배추,48.333,2.973,7119.667,7415.333,6908,6134,3799,4800,상승심각,12,7,상승심각,7,1,상승심각,7,2024-09-09,8,하순,9,상순,2024-09-10,7096,6870,7096,7132,5522,6260,,,,,,
2024-09-10,1101,무,31.173,-10.293,2124.7,2278.1,2343.4,2831,1292.6,1620,상승경계,2,6,상승경계,6,1,상승경계,6,2024-09-09,8,하순,9,상순,2024-09-10,3691,3685,3700,3868,2552,2745,,,,,,
2024-09-10,1207,건고추,5.569,-0.771,13496,13570.28,13600,13591,13461.6,12784,상승심각,251,7,상승심각,7,1,상승심각,7,2024-09-06,8,하순,9,상순,2024-09-09,18953,18933,18992,18830,18958,17065,,,,,,
2024-09-10,1209,마늘,-0.507,-0.236,7058.35,7054.75,7075,6954,6487.5,7094,상승주의,6,5,상승주의,5,1,상승주의,5,2024-09-06,8,하순,9,상순,2024-09-09,8981,9580,8894,10299,8375,10220,,,,,,
2024-09-10,1201,양파,3.498,-0.087,1154,1125,1155,1155,1283,1115,안정,103,4,안정,4,1,안정,4,2024-09-09,8,하순,9,상순,2024-09-10,2135,2098,2140,1954,2058,2070,,,,,,
2024-09-10,1202,대파,-10.099,-4.85,1629,1682,1708,1551,1644,1812,하락심각,113,1,하락심각,1,1,하락심각,1,2024-09-09,8,하순,9,상순,2024-09-10,7259,7446,7371,6607,5759,5400,,,,,,
2024-09-11,1001,배추,31.055,8.311,7765,9537.333,7119.667,7415,4579.667,5925,상승심각,13,7,상승심각,7,1,상승심각,7,2024-09-10,9,상순,9,중순,2024-09-11,7376,8304,7096,6870,5509,7040,,,,,,
2024-09-11,1101,무,32.357,-2.267,2077.6,2456,2124.7,2278,1405.5,1570,상승주의,1,5,상승경계,6,1,상승경계,6,2024-09-10,9,상순,9,중순,2024-09-11,3694,3762,3691,3685,2313,2757,,,,,,
2024-09-11,1207,건고추,6.084,0,13496,13432,13496,13570,13217,12722,상승심각,252,7,상승심각,7,1,상승심각,7,2024-09-09,9,상순,9,중순,2024-09-10,18973,19013,18953,18933,18868,17051,,,,,,
2024-09-11,1209,마늘,-0.55,0,7058.35,7083.3,7058.35,7055,6557.3,7097,상승주의,7,5,상승주의,5,1,상승주의,5,2024-09-09,9,상순,9,중순,2024-09-10,8945,9159,8981,9580,8536,10273,,,,,,
2024-09-11,1201,양파,12.188,1.283,1169,1271,1154,1125,1174,1042,안정,104,4,안정,4,1,안정,4,2024-09-10,9,상순,9,중순,2024-09-11,2145,2129,2135,2098,2063,2115,,,,,,
2024-09-11,1202,대파,-11.153,0.731,1641,2150,1629,1682,1991,1847,하락심각,114,1,하락심각,1,1,하락심각,1,2024-09-10,9,상순,9,중순,2024-09-11,7150,7395,7259,7446,5374,5411,,,,,,
2024-09-12,1001,배추,36.658,4.1,8097,9537.333,7765,7415,4579.667,5925,상승심각,14,7,상승심각,7,1,상승심각,7,2024-09-11,9,상순,9,중순,2024-09-12,7816,8304,7376,6870,5509,7040,,,,,,
2024-09-12,1101,무,44.013,8.111,2261,2456,2077.6,2278,1405.5,1570,상승경계,1,6,상승경계,6,1,상승경계,6,2024-09-11,9,상순,9,중순,2024-09-12,3698,3762,3694,3685,2313,2757,,,,,,
2024-09-12,1207,건고추,5.581,-0.476,13432,13432,13496,13570,13217,12722,상승심각,253,7,상승심각,7,1,상승심각,7,2024-09-10,9,상순,9,중순,2024-09-11,18973,19013,18973,18933,18868,17051,,,,,,
2024-09-12,1209,마늘,-0.31,0.235,7075,7083.3,7058.35,7055,6557.3,7097,상승주의,8,5,상승주의,5,1,상승주의,5,2024-09-10,9,상순,9,중순,2024-09-11,8981,9159,8945,9580,8536,10273,,,,,,
2024-09-12,1201,양파,17.37,4.415,1223,1271,1169,1125,1174,1042,안정,105,4,안정,4,1,안정,4,2024-09-11,9,상순,9,중순,2024-09-12,2105,2129,2145,2098,2063,2115,,,,,,
2024-09-12,1202,대파,-1.083,10.181,1827,2150,1641,1682,1991,1847,하락심각,115,1,하락심각,1,1,하락심각,1,2024-09-11,9,상순,9,중순,2024-09-12,7655,7395,7150,7446,5374,5411,,,,,,
2024-09-15,1001,배추,133.384,37.157,13827.667,9537.333,8689.667,7415,4579.667,5925,상승심각,16,7,상승심각,7,1,상승심각,7,2024-09-13,9,상순,9,중순,2024-09-14,8002,8304,7816,6870,5509,7040,,,,,,
2024-09-15,1101,무,69.172,9.882,2656.4,2456,2393.9,2278,1405.5,1570,상승심각,1,7,상승경계,6,1,상승경계,6,2024-09-13,9,상순,9,중순,2024-09-14,3681,3762,3698,3685,2313,2757,,,,,,
2024-09-15,1207,건고추,5.581,0,13432,13432,13432,13570,13217,12722,상승심각,255,7,상승심각,7,1,상승심각,7,2024-09-12,9,상순,9,중순,2024-09-13,18971,19013,18971,18933,18868,17051,,,,,,
2024-09-15,1209,마늘,-0.07,0,7091.65,7083.3,7091.65,7055,6557.3,7097,상승주의,10,5,상승주의,5,1,상승주의,5,2024-09-12,9,상순,9,중순,2024-09-13,8677,9159,8753,9580,8536,10273,,,,,,
2024-09-15,1201,양파,26.488,3.642,1318,1271,1270,1125,1174,1042,안정,107,4,안정,4,1,안정,4,2024-09-13,9,상순,9,중순,2024-09-14,2068,2129,2105,2098,2063,2115,,,,,,
2024-09-15,1202,대파,51.056,35.771,2790,2150,1792,1682,1991,1847,하락심각,117,1,하락심각,1,1,하락심각,1,2024-09-13,9,상순,9,중순,2024-09-14,7751,7395,7655,7446,5374,5411,,,,,,
2024-09-13,1001,배추,46.667,6.82,8689.667,9537.333,8097,7415,4579.667,5925,상승심각,15,7,상승심각,7,1,상승심각,7,2024-09-12,9,상순,9,중순,2024-09-13,8002,8304,7816,6870,5509,7040,,,,,,
2024-09-13,1101,무,52.484,5.552,2393.9,2456,2261,2278,1405.5,1570,상승경계,2,6,상승경계,6,1,상승경계,6,2024-09-12,9,상순,9,중순,2024-09-13,3681,3762,3698,3685,2313,2757,,,,,,
2024-09-13,1207,건고추,5.581,0,13432,13432,13432,13570,13217,12722,상승심각,254,7,상승심각,7,1,상승심각,7,2024-09-11,9,상순,9,중순,2024-09-12,18971,19013,18973,18933,18868,17051,,,,,,
2024-09-13,1209,마늘,-0.07,0.235,7091.65,7083.3,7075,7055,6557.3,7097,상승주의,9,5,상승주의,5,1,상승주의,5,2024-09-11,9,상순,9,중순,2024-09-12,8753,9159,8981,9580,8536,10273,,,,,,
2024-09-13,1201,양파,21.881,3.701,1270,1271,1223,1125,1174,1042,안정,106,4,안정,4,1,안정,4,2024-09-12,9,상순,9,중순,2024-09-13,2068,2129,2105,2098,2063,2115,,,,,,
2024-09-13,1202,대파,-2.978,-1.953,1792,2150,1827,1682,1991,1847,하락심각,116,1,하락심각,1,1,하락심각,1,2024-09-12,9,상순,9,중순,2024-09-13,7751,7395,7655,7446,5374,5411,,,,,,
2024-09-14,1001,배추,133.384,37.157,13827.667,9537.333,8689.667,7415,4579.667,5925,상승심각,16,7,상승심각,7,1,상승심각,7,2024-09-13,9,상순,9,중순,2024-09-14,8002,8304,7816,6870,5509,7040,,,,,,
2024-09-14,1101,무,69.172,9.882,2656.4,2456,2393.9,2278,1405.5,1570,상승심각,1,7,상승경계,6,1,상승경계,6,2024-09-13,9,상순,9,중순,2024-09-14,3681,3762,3698,3685,2313,2757,,,,,,
2024-09-14,1207,건고추,5.581,0,13432,13432,13432,13570,13217,12722,상승심각,255,7,상승심각,7,1,상승심각,7,2024-09-12,9,상순,9,중순,2024-09-13,18971,19013,18971,18933,18868,17051,,,,,,
2024-09-14,1209,마늘,-0.07,0,7091.65,7083.3,7091.65,7055,6557.3,7097,상승주의,10,5,상승주의,5,1,상승주의,5,2024-09-12,9,상순,9,중순,2024-09-13,8677,9159,8753,9580,8536,10273,,,,,,
2024-09-14,1201,양파,26.488,3.642,1318,1271,1270,1125,1174,1042,안정,107,4,안정,4,1,안정,4,2024-09-13,9,상순,9,중순,2024-09-14,2068,2129,2105,2098,2063,2115,,,,,,
2024-09-14,1202,대파,51.056,35.771,2790,2150,1792,1682,1991,1847,하락심각,117,1,하락심각,1,1,하락심각,1,2024-09-13,9,상순,9,중순,2024-09-14,7751,7395,7655,7446,5374,5411,,,,,,
2024-09-17,1001,배추,68.574,-38.443,9988,9537.333,13827.667,7415,4579.667,5925,상승심각,17,7,상승심각,7,1,상승심각,7,2024-09-14,9,상순,9,중순,2024-09-16,8002,8304,7816,6870,5509,7040,,,,,,
2024-09-17,1101,무,109.045,19.064,3282.1,2456,2656.4,2278,1405.5,1570,상승심각,2,7,상승경계,6,1,상승경계,6,2024-09-14,9,상순,9,중순,2024-09-16,3681,3762,3698,3685,2313,2757,,,,,,
2024-09-17,1207,건고추,5.581,0,13432,13432,13432,13570,13217,12722,상승심각,255,7,상승심각,7,1,상승심각,7,2024-09-12,9,상순,9,중순,2024-09-13,18971,19013,18971,18933,18868,17051,,,,,,
2024-09-17,1209,마늘,-0.07,0,7091.65,7083.3,7091.65,7055,6557.3,7097,상승주의,10,5,상승주의,5,1,상승주의,5,2024-09-12,9,상순,9,중순,2024-09-13,8677,9159,8753,9580,8536,10273,,,,,,
2024-09-17,1201,양파,26.488,0,1318,1271,1318,1125,1174,1042,안정,108,4,안정,4,1,안정,4,2024-09-14,9,상순,9,중순,2024-09-16,2068,2129,2105,2098,2063,2115,,,,,,
2024-09-17,1202,대파,9.908,-37.438,2030,2150,2790,1682,1991,1847,하락심각,118,1,하락심각,1,1,하락심각,1,2024-09-14,9,상순,9,중순,2024-09-16,7751,7395,7655,7446,5374,5411,,,,,,
2024-09-16,1001,배추,68.574,-38.443,9988,9537.333,13827.667,7415,4579.667,5925,상승심각,17,7,상승심각,7,1,상승심각,7,2024-09-14,9,상순,9,중순,2024-09-16,8002,8304,7816,6870,5509,7040,,,,,,
2024-09-16,1101,무,109.045,19.064,3282.1,2456,2656.4,2278,1405.5,1570,상승심각,2,7,상승경계,6,1,상승경계,6,2024-09-14,9,상순,9,중순,2024-09-16,3681,3762,3698,3685,2313,2757,,,,,,
2024-09-16,1207,건고추,5.581,0,13432,13432,13432,13570,13217,12722,상승심각,255,7,상승심각,7,1,상승심각,7,2024-09-12,9,상순,9,중순,2024-09-13,18971,19013,18971,18933,18868,17051,,,,,,
2024-09-16,1209,마늘,-0.07,0,7091.65,7083.3,7091.65,7055,6557.3,7097,상승주의,10,5,상승주의,5,1,상승주의,5,2024-09-12,9,상순,9,중순,2024-09-13,8677,9159,8753,9580,8536,10273,,,,,,
2024-09-16,1201,양파,26.488,0,1318,1271,1318,1125,1174,1042,안정,108,4,안정,4,1,안정,4,2024-09-14,9,상순,9,중순,2024-09-16,2068,2129,2105,2098,2063,2115,,,,,,
2024-09-16,1202,대파,9.908,-37.438,2030,2150,2790,1682,1991,1847,하락심각,118,1,하락심각,1,1,하락심각,1,2024-09-14,9,상순,9,중순,2024-09-16,7751,7395,7655,7446,5374,5411,,,,,,
2024-09-19,1001,배추,68.574,-38.443,9988,9537.333,13827.667,7415,4579.667,5925,상승심각,17,7,상승심각,7,1,상승심각,7,2024-09-14,9,상순,9,중순,2024-09-16,9337,8304,8002,6870,5509,7040,,,,,,
2024-09-19,1101,무,109.045,19.064,3282.1,2456,2656.4,2278,1405.5,1570,상승심각,2,7,상승경계,6,1,상승경계,6,2024-09-14,9,상순,9,중순,2024-09-16,3826,3762,3681,3685,2313,2757,,,,,,
2024-09-19,1207,건고추,5.581,0,13432,13432,13432,13570,13217,12722,상승심각,255,7,상승심각,7,1,상승심각,7,2024-09-12,9,상순,9,중순,2024-09-13,18971,19013,18971,18933,18868,17051,,,,,,
2024-09-19,1209,마늘,-0.07,0,7091.65,7083.3,7091.65,7055,6557.3,7097,상승주의,10,5,상승주의,5,1,상승주의,5,2024-09-12,9,상순,9,중순,2024-09-13,8677,9159,8753,9580,8536,10273,,,,,,
2024-09-19,1201,양파,26.488,0,1318,1271,1318,1125,1174,1042,안정,108,4,안정,4,1,안정,4,2024-09-14,9,상순,9,중순,2024-09-16,2155,2129,2068,2098,2063,2115,,,,,,
2024-09-19,1202,대파,9.908,-37.438,2030,2150,2790,1682,1991,1847,하락심각,118,1,하락심각,1,1,하락심각,1,2024-09-14,9,상순,9,중순,2024-09-16,7188,7395,7751,7446,5374,5411,,,,,,
2024-09-18,1207,건고추,5.581,0,13432,13432,13432,13570,13217,12722,상승심각,255,7,상승심각,7,1,상승심각,7,2024-09-12,9,상순,9,중순,2024-09-13,18971,19013,18971,18933,18868,17051,,,,,,
2024-09-18,1209,마늘,-0.07,0,7091.65,7083.3,7091.65,7055,6557.3,7097,상승주의,10,5,상승주의,5,1,상승주의,5,2024-09-12,9,상순,9,중순,2024-09-13,8677,9159,8753,9580,8536,10273,,,,,,
2024-09-18,1201,양파,26.488,0,1318,1271,1318,1125,1174,1042,안정,108,4,안정,4,1,안정,4,2024-09-14,9,상순,9,중순,2024-09-16,2068,2129,2105,2098,2063,2115,,,,,,
2024-09-18,1202,대파,9.908,-37.438,2030,2150,2790,1682,1991,1847,하락심각,118,1,하락심각,1,1,하락심각,1,2024-09-14,9,상순,9,중순,2024-09-16,7751,7395,7655,7446,5374,5411,,,,,,
2024-09-18,1001,배추,68.574,-38.443,9988,9537.333,13827.667,7415,4579.667,5925,상승심각,17,7,상승심각,7,1,상승심각,7,2024-09-14,9,상순,9,중순,2024-09-16,8002,8304,7816,6870,5509,7040,,,,,,
2024-09-18,1101,무,109.045,19.064,3282.1,2456,2656.4,2278,1405.5,1570,상승심각,2,7,상승경계,6,1,상승경계,6,2024-09-14,9,상순,9,중순,2024-09-16,3681,3762,3698,3685,2313,2757,,,,,,
2024-09-22,1001,배추,60.733,8.174,9644.333,8233,8856,9537,4725.667,6000,상승심각,19,7,상승심각,7,1,상승심각,7,2024-09-20,9,중순,9,하순,2024-09-21,8989,9602,9337,8304,6193,7217,,,,,,
2024-09-22,1101,무,5.402,-12.632,1833.5,2099.8,2065.1,2456,1495.8,1740,상승주의,2,5,상승주의,5,1,상승주의,5,2024-09-20,9,중순,9,하순,2024-09-21,3909,3939,3826,3762,2350,2745,,,,,,
2024-09-22,1207,건고추,5.407,0,13432,13305.6,13432,13432,13190.4,12743,상승심각,257,7,상승심각,7,1,상승심각,7,2024-09-19,9,중순,9,하순,2024-09-20,19094,18728,19056,19013,18669,16958,,,,,,
2024-09-22,1209,마늘,-0.842,-0.354,7066.65,7080,7091.65,7083,6658.35,7127,상승주의,12,5,상승주의,5,1,상승주의,5,2024-09-19,9,중순,9,하순,2024-09-20,9874,10290,9510,9159,8528,10338,,,,,,
2024-09-22,1201,양파,21.928,-3.101,1290,1285,1330,1271,1256,1058,안정,110,4,안정,4,1,안정,4,2024-09-20,9,중순,9,하순,2024-09-21,2171,2164,2155,2129,2076,2139,,,,,,
2024-09-22,1202,대파,47.301,1.501,2865,2205,2822,2150,2456,1945,하락심각,120,1,하락심각,1,1,하락심각,1,2024-09-20,9,중순,9,하순,2024-09-21,7229,6909,7188,7395,5704,5495,,,,,,
2024-09-20,1001,배추,49.468,-12.782,8856,9537.333,9988,7415,4579.667,5925,상승심각,18,7,상승심각,7,1,상승심각,7,2024-09-16,9,상순,9,중순,2024-09-20,8989,8304,9337,6870,5509,7040,,,,,,
2024-09-20,1101,무,31.529,-58.932,2065.1,2456,3282.1,2278,1405.5,1570,상승주의,1,5,상승경계,6,1,상승경계,6,2024-09-16,9,상순,9,중순,2024-09-20,3909,3762,3826,3685,2313,2757,,,,,,
2024-09-20,1207,건고추,5.581,0,13432,13432,13432,13570,13217,12722,상승심각,256,7,상승심각,7,1,상승심각,7,2024-09-13,9,상순,9,중순,2024-09-19,19056,19013,18971,18933,18868,17051,,,,,,
2024-09-20,1209,마늘,-0.07,0,7091.65,7083.3,7091.65,7055,6557.3,7097,상승주의,11,5,상승주의,5,1,상승주의,5,2024-09-13,9,상순,9,중순,2024-09-19,9510,9159,8677,9580,8536,10273,,,,,,
2024-09-20,1201,양파,27.639,0.902,1330,1271,1318,1125,1174,1042,안정,109,4,안정,4,1,안정,4,2024-09-16,9,상순,9,중순,2024-09-20,2171,2129,2155,2098,2063,2115,,,,,,
2024-09-20,1202,대파,52.788,28.065,2822,2150,2030,1682,1991,1847,하락심각,119,1,하락심각,1,1,하락심각,1,2024-09-16,9,상순,9,중순,2024-09-20,7229,7395,7188,7446,5374,5411,,,,,,
2024-09-21,1001,배추,60.733,8.174,9644.333,8233,8856,9537,4725.667,6000,상승심각,19,7,상승심각,7,1,상승심각,7,2024-09-20,9,중순,9,하순,2024-09-21,8989,9602,9337,8304,6193,7217,,,,,,
2024-09-21,1101,무,5.402,-12.632,1833.5,2099.8,2065.1,2456,1495.8,1740,상승주의,2,5,상승주의,5,1,상승주의,5,2024-09-20,9,중순,9,하순,2024-09-21,3909,3939,3826,3762,2350,2745,,,,,,
2024-09-21,1207,건고추,5.407,0,13432,13305.6,13432,13432,13190.4,12743,상승심각,257,7,상승심각,7,1,상승심각,7,2024-09-19,9,중순,9,하순,2024-09-20,19094,18728,19056,19013,18669,16958,,,,,,
2024-09-21,1209,마늘,-0.842,-0.354,7066.65,7080,7091.65,7083,6658.35,7127,상승주의,12,5,상승주의,5,1,상승주의,5,2024-09-19,9,중순,9,하순,2024-09-20,9874,10290,9510,9159,8528,10338,,,,,,
2024-09-21,1201,양파,21.928,-3.101,1290,1285,1330,1271,1256,1058,안정,110,4,안정,4,1,안정,4,2024-09-20,9,중순,9,하순,2024-09-21,2171,2164,2155,2129,2076,2139,,,,,,
2024-09-21,1202,대파,47.301,1.501,2865,2205,2822,2150,2456,1945,하락심각,120,1,하락심각,1,1,하락심각,1,2024-09-20,9,중순,9,하순,2024-09-21,7229,6909,7188,7395,5704,5495,,,,,,
2024-09-23,1001,배추,98.25,18.923,11895.333,8233,9644.333,9537,4725.667,6000,상승심각,20,7,상승심각,7,1,상승심각,7,2024-09-21,9,중순,9,하순,2024-09-23,9321,9602,8989,8304,6193,7217,,,,,,
2024-09-23,1101,무,83.391,42.538,3190.8,2099.8,1833.5,2456,1495.8,1740,상승심각,1,7,상승주의,5,1,상승주의,5,2024-09-21,9,중순,9,하순,2024-09-23,3921,3939,3909,3762,2350,2745,,,,,,
2024-09-23,1207,건고추,5.407,0,13432,13305.6,13432,13432,13190.4,12743,상승심각,257,7,상승심각,7,1,상승심각,7,2024-09-19,9,중순,9,하순,2024-09-20,19094,18728,19056,19013,18669,16958,,,,,,
2024-09-23,1209,마늘,-0.842,-0.354,7066.65,7080,7091.65,7083,6658.35,7127,상승주의,12,5,상승주의,5,1,상승주의,5,2024-09-19,9,중순,9,하순,2024-09-20,9874,10290,9510,9159,8528,10338,,,,,,
2024-09-23,1201,양파,27.599,4.444,1350,1285,1290,1271,1256,1058,안정,111,4,안정,4,1,안정,4,2024-09-21,9,중순,9,하순,2024-09-23,2160,2164,2171,2129,2076,2139,,,,,,
2024-09-23,1202,대파,57.275,6.342,3059,2205,2865,2150,2456,1945,하락심각,121,1,하락심각,1,1,하락심각,1,2024-09-21,9,중순,9,하순,2024-09-23,7214,6909,7229,7395,5704,5495,,,,,,
2024-09-25,1001,배추,36.4,-2.403,8183.667,8233,8380.333,9537,4725.667,6000,상승심각,22,7,상승심각,7,1,상승심각,7,2024-09-24,9,중순,9,하순,2024-09-25,9383,9602,9321,8304,6193,7217,,,,,,
2024-09-25,1101,무,15.287,-16.863,2006.2,2099.8,2344.5,2456,1495.8,1740,상승주의,1,5,상승주의,5,1,상승주의,5,2024-09-24,9,중순,9,하순,2024-09-25,4025,3939,3921,3762,2350,2745,,,,,,
2024-09-25,1207,건고추,4.465,-0.901,13312,13305.6,13432,13432,13190.4,12743,상승심각,258,7,상승심각,7,1,상승심각,7,2024-09-20,9,중순,9,하순,2024-09-23,18997,18728,19094,19013,18669,16958,,,,,,
2024-09-25,1209,마늘,-0.842,0,7066.65,7080,7066.65,7083,6658.35,7127,상승주의,13,5,상승주의,5,1,상승주의,5,2024-09-20,9,중순,9,하순,2024-09-23,10196,10290,9874,9159,8528,10338,,,,,,
2024-09-25,1201,양파,27.599,-0.148,1350,1285,1352,1271,1256,1058,안정,113,4,안정,4,1,안정,4,2024-09-24,9,중순,9,하순,2024-09-25,2163,2164,2160,2129,2076,2139,,,,,,
2024-09-25,1202,대파,1.542,-26.177,1975,2205,2492,2150,2456,1945,하락심각,123,1,하락심각,1,1,하락심각,1,2024-09-24,9,중순,9,하순,2024-09-25,6752,6909,7214,7395,5704,5495,,,,,,
2024-09-24,1001,배추,39.667,-41.943,8380.333,8233,11895.333,9537,4725.667,6000,상승심각,21,7,상승심각,7,1,상승심각,7,2024-09-23,9,중순,9,하순,2024-09-24,9321,9602,8989,8304,6193,7217,,,,,,
2024-09-24,1101,무,34.77,-36.097,2344.5,2099.8,3190.8,2456,1495.8,1740,상승경계,1,6,상승주의,5,1,상승주의,5,2024-09-23,9,중순,9,하순,2024-09-24,3921,3939,3909,3762,2350,2745,,,,,,
2024-09-24,1207,건고추,4.465,-0.901,13312,13305.6,13432,13432,13190.4,12743,상승심각,258,7,상승심각,7,1,상승심각,7,2024-09-20,9,중순,9,하순,2024-09-23,18997,18728,19094,19013,18669,16958,,,,,,
2024-09-24,1209,마늘,-0.842,0,7066.65,7080,7066.65,7083,6658.35,7127,상승주의,13,5,상승주의,5,1,상승주의,5,2024-09-20,9,중순,9,하순,2024-09-23,10196,10290,9874,9159,8528,10338,,,,,,
2024-09-24,1201,양파,27.788,0.148,1352,1285,1350,1271,1256,1058,안정,112,4,안정,4,1,안정,4,2024-09-23,9,중순,9,하순,2024-09-24,2160,2164,2171,2129,2076,2139,,,,,,
2024-09-24,1202,대파,28.123,-22.753,2492,2205,3059,2150,2456,1945,하락심각,122,1,하락심각,1,1,하락심각,1,2024-09-23,9,중순,9,하순,2024-09-24,7214,6909,7229,7395,5704,5495,,,,,,
2024-09-26,1001,배추,10.667,-23.242,6640.333,8233,8183.667,9537,4725.667,6000,상승심각,23,7,상승심각,7,1,상승심각,7,2024-09-25,9,중순,9,하순,2024-09-26,9680,9602,9383,8304,6193,7217,,,,,,
2024-09-26,1101,무,3.793,-11.11,1805.6,2099.8,2006.2,2456,1495.8,1740,상승주의,2,5,상승주의,5,1,상승주의,5,2024-09-25,9,중순,9,하순,2024-09-26,3938,3939,4025,3762,2350,2745,,,,,,
2024-09-26,1207,건고추,4.402,-0.06,13304,13305.6,13312,13432,13190.4,12743,상승심각,259,7,상승심각,7,1,상승심각,7,2024-09-23,9,중순,9,하순,2024-09-25,18861,18728,18997,19013,18669,16958,,,,,,
2024-09-26,1209,마늘,-0.617,0.236,7083.35,7080,7066.65,7083,6658.35,7127,상승주의,14,5,상승주의,5,1,상승주의,5,2024-09-23,9,중순,9,하순,2024-09-25,10266,10290,10196,9159,8528,10338,,,,,,
2024-09-26,1201,양파,22.59,-4.086,1297,1285,1350,1271,1256,1058,안정,114,4,안정,4,1,안정,4,2024-09-25,9,중순,9,하순,2024-09-26,2163,2164,2163,2129,2076,2139,,,,,,
2024-09-26,1202,대파,-1.851,-3.457,1909,2205,1975,2150,2456,1945,하락심각,124,1,하락심각,1,1,하락심각,1,2024-09-25,9,중순,9,하순,2024-09-26,6843,6909,6752,7395,5704,5495,,,,,,
2024-09-29,1001,배추,6.65,-10.11,6399.333,8233,7046.333,9537,4725.667,6000,상승심각,25,7,상승심각,7,1,상승심각,7,2024-09-27,9,중순,9,하순,2024-09-28,9963,9602,9680,8304,6193,7217,,,,,,
2024-09-29,1101,무,3.908,-3.164,1807.8,2099.8,1865,2456,1495.8,1740,상승주의,4,5,상승주의,5,1,상승주의,5,2024-09-27,9,중순,9,하순,2024-09-28,3935,3939,3938,3762,2350,2745,,,,,,
2024-09-29,1207,건고추,4.402,0,13304,13305.6,13304,13432,13190.4,12743,상승심각,261,7,상승심각,7,1,상승심각,7,2024-09-26,9,중순,9,하순,2024-09-27,18579,18728,18626,19013,18669,16958,,,,,,
2024-09-29,1209,마늘,-0.617,0,7083.35,7080,7083.35,7083,6658.35,7127,상승주의,16,5,상승주의,5,1,상승주의,5,2024-09-26,9,중순,9,하순,2024-09-27,10329,10290,10329,9159,8528,10338,,,,,,
2024-09-29,1201,양파,14.367,-2.479,1210,1285,1240,1271,1256,1058,안정,116,4,안정,4,1,안정,4,2024-09-27,9,중순,9,하순,2024-09-28,2165,2164,2163,2129,2076,2139,,,,,,
2024-09-29,1202,대파,-1.645,10.246,1913,2205,1717,2150,2456,1945,하락심각,126,1,하락심각,1,1,하락심각,1,2024-09-27,9,중순,9,하순,2024-09-28,6956,6909,6843,7395,5704,5495,,,,,,
2024-09-27,1001,배추,17.433,5.762,7046.333,8233,6640.333,9537,4725.667,6000,상승심각,24,7,상승심각,7,1,상승심각,7,2024-09-26,9,중순,9,하순,2024-09-27,9963,9602,9680,8304,6193,7217,,,,,,
2024-09-27,1101,무,7.184,3.185,1865,2099.8,1805.6,2456,1495.8,1740,상승주의,3,5,상승주의,5,1,상승주의,5,2024-09-26,9,중순,9,하순,2024-09-27,3935,3939,3938,3762,2350,2745,,,,,,
2024-09-27,1207,건고추,4.402,0,13304,13305.6,13304,13432,13190.4,12743,상승심각,260,7,상승심각,7,1,상승심각,7,2024-09-25,9,중순,9,하순,2024-09-26,18626,18728,18861,19013,18669,16958,,,,,,
2024-09-27,1209,마늘,-0.617,0,7083.35,7080,7083.35,7083,6658.35,7127,상승주의,15,5,상승주의,5,1,상승주의,5,2024-09-25,9,중순,9,하순,2024-09-26,10329,10290,10266,9159,8528,10338,,,,,,
2024-09-27,1201,양파,17.202,-4.597,1240,1285,1297,1271,1256,1058,안정,115,4,안정,4,1,안정,4,2024-09-26,9,중순,9,하순,2024-09-27,2165,2164,2163,2129,2076,2139,,,,,,
2024-09-27,1202,대파,-11.722,-11.182,1717,2205,1909,2150,2456,1945,하락심각,125,1,하락심각,1,1,하락심각,1,2024-09-26,9,중순,9,하순,2024-09-27,6956,6909,6843,7395,5704,5495,,,,,,
2024-09-28,1001,배추,6.65,-10.11,6399.333,8233,7046.333,9537,4725.667,6000,상승심각,25,7,상승심각,7,1,상승심각,7,2024-09-27,9,중순,9,하순,2024-09-28,9963,9602,9680,8304,6193,7217,,,,,,
2024-09-28,1101,무,3.908,-3.164,1807.8,2099.8,1865,2456,1495.8,1740,상승주의,4,5,상승주의,5,1,상승주의,5,2024-09-27,9,중순,9,하순,2024-09-28,3935,3939,3938,3762,2350,2745,,,,,,
2024-09-28,1207,건고추,4.402,0,13304,13305.6,13304,13432,13190.4,12743,상승심각,261,7,상승심각,7,1,상승심각,7,2024-09-26,9,중순,9,하순,2024-09-27,18579,18728,18626,19013,18669,16958,,,,,,
2024-09-28,1209,마늘,-0.617,0,7083.35,7080,7083.35,7083,6658.35,7127,상승주의,16,5,상승주의,5,1,상승주의,5,2024-09-26,9,중순,9,하순,2024-09-27,10329,10290,10329,9159,8528,10338,,,,,,
2024-09-28,1201,양파,14.367,-2.479,1210,1285,1240,1271,1256,1058,안정,116,4,안정,4,1,안정,4,2024-09-27,9,중순,9,하순,2024-09-28,2165,2164,2163,2129,2076,2139,,,,,,
2024-09-28,1202,대파,-1.645,10.246,1913,2205,1717,2150,2456,1945,하락심각,126,1,하락심각,1,1,하락심각,1,2024-09-27,9,중순,9,하순,2024-09-28,6956,6909,6843,7395,5704,5495,,,,,,
2024-09-30,1001,배추,27.883,16.599,7673,8233,6399.333,9537,4725.667,6000,상승심각,26,7,상승심각,7,1,상승심각,7,2024-09-28,9,중순,9,하순,2024-09-30,9662,9602,9963,8304,6193,7217,,,,,,
2024-09-30,1101,무,11.782,7.049,1944.9,2099.8,1807.8,2456,1495.8,1740,상승주의,5,5,상승주의,5,1,상승주의,5,2024-09-28,9,중순,9,하순,2024-09-30,3877,3939,3935,3762,2350,2745,,,,,,
2024-09-30,1207,건고추,4.402,0,13304,13305.6,13304,13432,13190.4,12743,상승심각,261,7,상승심각,7,1,상승심각,7,2024-09-26,9,중순,9,하순,2024-09-27,18579,18728,18626,19013,18669,16958,,,,,,
2024-09-30,1209,마늘,-0.617,0,7083.35,7080,7083.35,7083,6658.35,7127,상승주의,16,5,상승주의,5,1,상승주의,5,2024-09-26,9,중순,9,하순,2024-09-27,10329,10290,10329,9159,8528,10338,,,,,,
2024-09-30,1201,양파,12.476,-1.681,1190,1285,1210,1271,1256,1058,안정,117,4,안정,4,1,안정,4,2024-09-28,9,중순,9,하순,2024-09-30,2168,2164,2165,2129,2076,2139,,,,,,
2024-09-30,1202,대파,-12.031,-11.806,1711,2205,1913,2150,2456,1945,하락심각,127,1,하락심각,1,1,하락심각,1,2024-09-28,9,중순,9,하순,2024-09-30,6779,6909,6956,7395,5704,5495,,,,,,
2024-10-01,1001,배추,65.354,9.063,8437.667,8299.333,7673,8233,4183.667,5103,상승심각,27,7,상승심각,7,1,상승심각,7,2024-09-30,9,하순,10,상순,2024-10-01,9662,8947,9963,9602,6937,7428,,,,,,
2024-10-01,1101,무,21.781,10.575,2174.9,2422,1944.9,2100,1262.4,1786,상승경계,1,6,상승경계,6,1,상승심각,7,2024-09-30,9,하순,10,상순,2024-10-01,3877,3731,3935,3939,2568,2975,,,,,,
2024-10-01,1207,건고추,3.994,0,13304,13170.4,13304,13306,13336,12793,상승심각,262,7,상승심각,7,1,상승심각,7,2024-09-27,9,하순,10,상순,2024-09-30,18579,18406,18579,18728,18429,16850,,,,,,
2024-10-01,1209,마늘,-0.826,0,7083.35,7073.35,7083.35,7080,6708.35,7142,상승주의,17,5,상승주의,5,1,상승주의,5,2024-09-27,9,하순,10,상순,2024-09-30,10329,10313,10329,10290,9875,10757,,,,,,
2024-10-01,1201,양파,-1.795,-3.568,1149,1150,1190,1285,1371,1170,안정,118,4,안정,4,1,안정,4,2024-09-30,9,하순,10,상순,2024-10-01,2168,2138,2165,2164,2298,2216,,,,,,
2024-10-01,1202,대파,-32.994,-18.326,1446,1804,1711,2205,2642,2158,하락심각,128,1,하락심각,1,1,하락심각,1,2024-09-30,9,하순,10,상순,2024-10-01,6779,6520,6956,6909,6214,5095,,,,,,
2024-10-02,1001,배추,76.935,6.553,9029.333,8299.333,8437.667,8233,4183.667,5103,상승심각,28,7,상승심각,7,1,상승심각,7,2024-10-01,9,하순,10,상순,2024-10-02,9202,8947,9662,9602,6937,7428,,,,,,
2024-10-02,1101,무,38.578,12.111,2474.6,2422,2174.9,2100,1262.4,1786,상승경계,2,6,상승경계,6,1,상승심각,7,2024-10-01,9,하순,10,상순,2024-10-02,3859,3731,3877,3939,2568,2975,,,,,,
2024-10-02,1207,건고추,3.994,0,13304,13170.4,13304,13306,13336,12793,상승심각,262,7,상승심각,7,1,상승심각,7,2024-09-27,9,하순,10,상순,2024-09-30,18579,18406,18579,18728,18429,16850,,,,,,
2024-10-02,1209,마늘,-0.826,0,7083.35,7073.35,7083.35,7080,6708.35,7142,상승주의,17,5,상승주의,5,1,상승주의,5,2024-09-27,9,하순,10,상순,2024-09-30,10329,10313,10329,10290,9875,10757,,,,,,
2024-10-02,1201,양파,-4.444,-2.773,1118,1150,1149,1285,1371,1170,안정,119,4,안정,4,1,안정,4,2024-10-01,9,하순,10,상순,2024-10-02,2159,2138,2168,2164,2298,2216,,,,,,
2024-10-02,1202,대파,-32.901,0.138,1448,1804,1446,2205,2642,2158,하락심각,129,1,하락심각,1,1,하락심각,1,2024-10-01,9,하순,10,상순,2024-10-02,6790,6520,6779,6909,6214,5095,,,,,,
2024-10-03,1001,배추,80.286,1.855,9200,8299.333,9029.333,8233,4183.667,5103,상승심각,29,7,상승심각,7,1,상승심각,7,2024-10-02,9,하순,10,상순,2024-10-03,9202,8947,9662,9602,6937,7428,,,,,,
2024-10-03,1101,무,36.394,-1.572,2436.3,2422,2474.6,2100,1262.4,1786,상승경계,3,6,상승경계,6,1,상승심각,7,2024-10-02,9,하순,10,상순,2024-10-03,3859,3731,3877,3939,2568,2975,,,,,,
2024-10-03,1207,건고추,3.776,-0.211,13276,13170.4,13304,13306,13336,12793,상승심각,263,7,상승심각,7,1,상승심각,7,2024-09-30,9,하순,10,상순,2024-10-02,18453,18406,18579,18728,18429,16850,,,,,,
2024-10-03,1209,마늘,-0.826,0,7083.35,7073.35,7083.35,7080,6708.35,7142,상승주의,18,5,상승주의,5,1,상승주의,5,2024-09-30,9,하순,10,상순,2024-10-02,10333,10313,10329,10290,9875,10757,,,,,,
2024-10-03,1201,양파,-1.282,3.203,1155,1150,1118,1285,1371,1170,안정,120,4,안정,4,1,안정,4,2024-10-02,9,하순,10,상순,2024-10-03,2159,2138,2168,2164,2298,2216,,,,,,
2024-10-03,1202,대파,-18.026,18.146,1769,1804,1448,2205,2642,2158,하락심각,130,1,하락심각,1,1,하락심각,1,2024-10-02,9,하순,10,상순,2024-10-03,6790,6520,6779,6909,6214,5095,,,,,,
2024-10-06,1001,배추,80.658,6.725,9219,8299.333,8599,8233,4183.667,5103,상승심각,31,7,상승심각,7,1,상승심각,7,2024-10-04,9,하순,10,상순,2024-10-05,8848,8901,9202,9602,6937,7428,,,,,,
2024-10-06,1101,무,10.582,-9.913,1975.1,2422,2170.9,2100,1262.4,1786,상승주의,1,5,상승경계,6,1,상승심각,7,2024-10-04,9,하순,10,상순,2024-10-05,3741,3773,3859,3939,2568,2975,,,,,,
2024-10-06,1207,건고추,2.744,-1.004,13144,13177,13276,13306,13336,12793,상승심각,264,7,상승심각,7,1,상승심각,7,2024-10-02,9,하순,10,상순,2024-10-04,18415,18430,18453,18728,18429,16850,,,,,,
2024-10-06,1209,마늘,-0.826,0,7083.35,7075,7083.35,7080,6708.35,7142,상승주의,19,5,상승주의,5,1,상승주의,5,2024-10-02,9,하순,10,상순,2024-10-04,10311,10337,10333,10290,9875,10757,,,,,,
2024-10-06,1201,양파,3.333,1.985,1209,1150,1185,1285,1371,1170,안정,122,4,안정,4,1,안정,4,2024-10-04,9,하순,10,상순,2024-10-05,2079,2133,2159,2164,2298,2216,,,,,,
2024-10-06,1202,대파,-4.773,-1.8,2055,1804,2092,2205,2642,2158,하락심각,132,1,하락심각,1,1,하락심각,1,2024-10-04,9,하순,10,상순,2024-10-05,6619,6555,6790,6909,6214,5095,,,,,,
2024-10-04,1001,배추,68.509,-6.989,8599,8299.333,9200,8233,4183.667,5103,상승심각,30,7,상승심각,7,1,상승심각,7,2024-10-03,9,하순,10,상순,2024-10-04,8848,8901,9202,9602,6937,7428,,,,,,
2024-10-04,1101,무,21.557,-12.225,2170.9,2422,2436.3,2100,1262.4,1786,상승경계,4,6,상승경계,6,1,상승심각,7,2024-10-03,9,하순,10,상순,2024-10-04,3741,3773,3859,3939,2568,2975,,,,,,
2024-10-04,1207,건고추,3.776,-0.211,13276,13177,13304,13306,13336,12793,상승심각,263,7,상승심각,7,1,상승심각,7,2024-09-30,9,하순,10,상순,2024-10-02,18453,18430,18579,18728,18429,16850,,,,,,
2024-10-04,1209,마늘,-0.826,0,7083.35,7075,7083.35,7080,6708.35,7142,상승주의,18,5,상승주의,5,1,상승주의,5,2024-09-30,9,하순,10,상순,2024-10-02,10333,10337,10329,10290,9875,10757,,,,,,
2024-10-04,1201,양파,1.282,2.532,1185,1150,1155,1285,1371,1170,안정,121,4,안정,4,1,안정,4,2024-10-03,9,하순,10,상순,2024-10-04,2079,2133,2159,2164,2298,2216,,,,,,
2024-10-04,1202,대파,-3.058,15.44,2092,1804,1769,2205,2642,2158,하락심각,131,1,하락심각,1,1,하락심각,1,2024-10-03,9,하순,10,상순,2024-10-04,6619,6555,6790,6909,6214,5095,,,,,,
2024-10-05,1001,배추,80.658,6.725,9219,8299.333,8599,8233,4183.667,5103,상승심각,31,7,상승심각,7,1,상승심각,7,2024-10-04,9,하순,10,상순,2024-10-05,8848,8901,9202,9602,6937,7428,,,,,,
2024-10-05,1101,무,10.582,-9.913,1975.1,2422,2170.9,2100,1262.4,1786,상승주의,1,5,상승경계,6,1,상승심각,7,2024-10-04,9,하순,10,상순,2024-10-05,3741,3773,3859,3939,2568,2975,,,,,,
2024-10-05,1207,건고추,2.744,-1.004,13144,13177,13276,13306,13336,12793,상승심각,264,7,상승심각,7,1,상승심각,7,2024-10-02,9,하순,10,상순,2024-10-04,18415,18430,18453,18728,18429,16850,,,,,,
2024-10-05,1209,마늘,-0.826,0,7083.35,7075,7083.35,7080,6708.35,7142,상승주의,19,5,상승주의,5,1,상승주의,5,2024-10-02,9,하순,10,상순,2024-10-04,10311,10337,10333,10290,9875,10757,,,,,,
2024-10-05,1201,양파,3.333,1.985,1209,1150,1185,1285,1371,1170,안정,122,4,안정,4,1,안정,4,2024-10-04,9,하순,10,상순,2024-10-05,2079,2133,2159,2164,2298,2216,,,,,,
2024-10-05,1202,대파,-4.773,-1.8,2055,1804,2092,2205,2642,2158,하락심각,132,1,하락심각,1,1,하락심각,1,2024-10-04,9,하순,10,상순,2024-10-05,6619,6555,6790,6909,6214,5095,,,,,,
2024-10-08,1001,배추,56.633,2.953,7992.667,8299.333,7756.667,8233,4183.667,5103,상승심각,33,7,상승심각,7,1,상승심각,7,2024-10-07,9,하순,10,상순,2024-10-08,8758,8901,8794,9602,6937,7428,,,,,,
2024-10-08,1101,무,48.208,3.759,2646.7,2422,2547.2,2100,1262.4,1786,상승심각,2,7,상승경계,6,1,상승심각,7,2024-10-07,9,하순,10,상순,2024-10-08,3739,3773,3751,3939,2568,2975,,,,,,
2024-10-08,1207,건고추,2.744,0,13144,13177,13144,13306,13336,12793,상승심각,265,7,상승심각,7,1,상승심각,7,2024-10-04,9,하순,10,상순,2024-10-07,18415,18430,18415,18728,18429,16850,,,,,,
2024-10-08,1209,마늘,-1.05,-0.236,7066.65,7075,7083.35,7080,6708.35,7142,상승주의,20,5,상승주의,5,1,상승주의,5,2024-10-04,9,하순,10,상순,2024-10-07,10346,10337,10311,10290,9875,10757,,,,,,
2024-10-08,1201,양파,-2.564,-2.807,1140,1150,1172,1285,1371,1170,안정,124,4,안정,4,1,안정,4,2024-10-07,9,하순,10,상순,2024-10-08,2146,2133,2149,2164,2298,2216,,,,,,
2024-10-08,1202,대파,-20.065,-4.522,1725,1804,1803,2205,2642,2158,하락심각,134,1,하락심각,1,1,하락심각,1,2024-10-07,9,하순,10,상순,2024-10-08,6415,6555,6394,6909,6214,5095,,,,,,
2024-10-07,1001,배추,52.009,-18.853,7756.667,8299.333,9219,8233,4183.667,5103,상승심각,32,7,상승심각,7,1,상승심각,7,2024-10-05,9,하순,10,상순,2024-10-07,8794,8901,8848,9602,6937,7428,,,,,,
2024-10-07,1101,무,42.609,22.46,2547.2,2422,1975.1,2100,1262.4,1786,상승심각,1,7,상승경계,6,1,상승심각,7,2024-10-05,9,하순,10,상순,2024-10-07,3751,3773,3741,3939,2568,2975,,,,,,
2024-10-07,1207,건고추,2.744,-1.004,13144,13177,13276,13306,13336,12793,상승심각,264,7,상승심각,7,1,상승심각,7,2024-10-02,9,하순,10,상순,2024-10-04,18415,18430,18453,18728,18429,16850,,,,,,
2024-10-07,1209,마늘,-0.826,0,7083.35,7075,7083.35,7080,6708.35,7142,상승주의,19,5,상승주의,5,1,상승주의,5,2024-10-02,9,하순,10,상순,2024-10-04,10311,10337,10333,10290,9875,10757,,,,,,
2024-10-07,1201,양파,0.171,-3.157,1172,1150,1209,1285,1371,1170,안정,123,4,안정,4,1,안정,4,2024-10-05,9,하순,10,상순,2024-10-07,2149,2133,2079,2164,2298,2216,,,,,,
2024-10-07,1202,대파,-16.45,-13.977,1803,1804,2055,2205,2642,2158,하락심각,133,1,하락심각,1,1,하락심각,1,2024-10-05,9,하순,10,상순,2024-10-07,6394,6555,6619,6909,6214,5095,,,,,,
2024-10-09,1001,배추,51.871,-3.127,7750.333,8299.333,7992.667,8233,4183.667,5103,상승심각,34,7,상승심각,7,1,상승심각,7,2024-10-08,9,하순,10,상순,2024-10-09,8758,8901,8794,9602,6937,7428,,,,,,
2024-10-09,1101,무,54.703,4.216,2763.2,2422,2646.7,2100,1262.4,1786,상승심각,3,7,상승경계,6,1,상승심각,7,2024-10-08,9,하순,10,상순,2024-10-09,3739,3773,3751,3939,2568,2975,,,,,,
2024-10-09,1207,건고추,2.744,0,13144,13177,13144,13306,13336,12793,상승심각,266,7,상승심각,7,1,상승심각,7,2024-10-07,9,하순,10,상순,2024-10-08,18436,18430,18415,18728,18429,16850,,,,,,
2024-10-09,1209,마늘,-1.05,0,7066.65,7075,7066.65,7080,6708.35,7142,상승주의,21,5,상승주의,5,1,상승주의,5,2024-10-07,9,하순,10,상순,2024-10-08,10357,10337,10346,10290,9875,10757,,,,,,
2024-10-09,1201,양파,-4.017,-1.514,1123,1150,1140,1285,1371,1170,안정,125,4,안정,4,1,안정,4,2024-10-08,9,하순,10,상순,2024-10-09,2146,2133,2149,2164,2298,2216,,,,,,
2024-10-09,1202,대파,-8.943,12.214,1965,1804,1725,2205,2642,2158,하락심각,135,1,하락심각,1,1,하락심각,1,2024-10-08,9,하순,10,상순,2024-10-09,6415,6555,6394,6909,6214,5095,,,,,,
2024-10-10,1001,배추,31.491,-15.51,6709.667,8299.333,7750.333,8233,4183.667,5103,상승심각,35,7,상승심각,7,1,상승심각,7,2024-10-09,9,하순,10,상순,2024-10-10,8758,8901,8794,9602,6937,7428,,,,,,
2024-10-10,1101,무,46.081,-5.914,2608.9,2422,2763.2,2100,1262.4,1786,상승심각,4,7,상승경계,6,1,상승심각,7,2024-10-09,9,하순,10,상순,2024-10-10,3739,3773,3751,3939,2568,2975,,,,,,
2024-10-10,1207,건고추,2.744,0,13144,13177,13144,13306,13336,12793,상승심각,266,7,상승심각,7,1,상승심각,7,2024-10-07,9,하순,10,상순,2024-10-08,18436,18430,18415,18728,18429,16850,,,,,,
2024-10-10,1209,마늘,-1.05,0,7066.65,7075,7066.65,7080,6708.35,7142,상승주의,21,5,상승주의,5,1,상승주의,5,2024-10-07,9,하순,10,상순,2024-10-08,10357,10337,10346,10290,9875,10757,,,,,,
2024-10-10,1201,양파,-5.983,-2.091,1100,1150,1123,1285,1371,1170,안정,126,4,안정,4,1,안정,4,2024-10-09,9,하순,10,상순,2024-10-10,2146,2133,2149,2164,2298,2216,,,,,,
2024-10-10,1202,대파,-10.287,-1.498,1936,1804,1965,2205,2642,2158,하락심각,136,1,하락심각,1,1,하락심각,1,2024-10-09,9,하순,10,상순,2024-10-10,6415,6555,6394,6909,6214,5095,,,,,,
2024-10-13,1001,배추,137.324,6.186,7732,7156,7253.667,8299,3905.667,3258,상승심각,37,7,상승심각,7,1,상승심각,7,2024-10-11,10,상순,10,중순,2024-10-12,8796,8780,8758,8901,6525,6444,,,,,,
2024-10-13,1101,무,51.621,1.174,2290.8,2508.5,2263.9,2422,1167.4,1511,상승경계,2,6,상승경계,6,1,상승심각,7,2024-10-11,10,상순,10,중순,2024-10-12,3615,3599,3739,3773,2424,2839,,,,,,
2024-10-13,1207,건고추,3.472,0,13144,13144,13144,13177,13484,12703,상승심각,267,7,상승심각,7,1,상승심각,7,2024-10-08,10,상순,10,중순,2024-10-11,18253,18347,18436,18430,18194,16592,,,,,,
2024-10-13,1209,마늘,-1.354,0,7066.65,7090,7066.65,7075,6767.7,7164,상승주의,22,5,상승주의,5,1,상승주의,5,2024-10-08,10,상순,10,중순,2024-10-11,10302,10330,10357,10337,9991,10808,,,,,,
2024-10-13,1201,양파,-0.271,-1.357,1105,1131,1120,1150,1254,1108,안정,128,4,안정,4,1,안정,4,2024-10-11,10,상순,10,중순,2024-10-12,2174,2138,2146,2133,2248,2242,,,,,,
2024-10-13,1202,대파,-11.157,-10.27,1704,1782,1879,1804,2517,1918,하락심각,138,1,하락심각,1,1,하락심각,1,2024-10-11,10,상순,10,중순,2024-10-12,6364,6078,6415,6555,6363,4771,,,,,,
2024-10-11,1001,배추,122.652,7.5,7253.667,7156,6709.667,8299,3905.667,3258,상승심각,36,7,상승심각,7,1,상승심각,7,2024-10-10,10,상순,10,중순,2024-10-11,8796,8780,8758,8901,6525,6444,,,,,,
2024-10-11,1101,무,49.835,-15.239,2263.9,2508.5,2608.9,2422,1167.4,1511,상승경계,1,6,상승경계,6,1,상승심각,7,2024-10-10,10,상순,10,중순,2024-10-11,3615,3599,3739,3773,2424,2839,,,,,,
2024-10-11,1207,건고추,3.472,0,13144,13144,13144,13177,13484,12703,상승심각,266,7,상승심각,7,1,상승심각,7,2024-10-07,10,상순,10,중순,2024-10-08,18436,18347,18415,18430,18194,16592,,,,,,
2024-10-11,1209,마늘,-1.354,0,7066.65,7090,7066.65,7075,6767.7,7164,상승주의,21,5,상승주의,5,1,상승주의,5,2024-10-07,10,상순,10,중순,2024-10-08,10357,10330,10346,10337,9991,10808,,,,,,
2024-10-11,1201,양파,1.083,1.786,1120,1131,1100,1150,1254,1108,안정,127,4,안정,4,1,안정,4,2024-10-10,10,상순,10,중순,2024-10-11,2174,2138,2146,2133,2248,2242,,,,,,
2024-10-11,1202,대파,-2.033,-3.034,1879,1782,1936,1804,2517,1918,하락심각,137,1,하락심각,1,1,하락심각,1,2024-10-10,10,상순,10,중순,2024-10-11,6364,6078,6415,6555,6363,4771,,,,,,
2024-10-12,1001,배추,137.324,6.186,7732,7156,7253.667,8299,3905.667,3258,상승심각,37,7,상승심각,7,1,상승심각,7,2024-10-11,10,상순,10,중순,2024-10-12,8796,8780,8758,8901,6525,6444,,,,,,
2024-10-12,1101,무,51.621,1.174,2290.8,2508.5,2263.9,2422,1167.4,1511,상승경계,2,6,상승경계,6,1,상승심각,7,2024-10-11,10,상순,10,중순,2024-10-12,3615,3599,3739,3773,2424,2839,,,,,,
2024-10-12,1207,건고추,3.472,0,13144,13144,13144,13177,13484,12703,상승심각,267,7,상승심각,7,1,상승심각,7,2024-10-08,10,상순,10,중순,2024-10-11,18253,18347,18436,18430,18194,16592,,,,,,
2024-10-12,1209,마늘,-1.354,0,7066.65,7090,7066.65,7075,6767.7,7164,상승주의,22,5,상승주의,5,1,상승주의,5,2024-10-08,10,상순,10,중순,2024-10-11,10302,10330,10357,10337,9991,10808,,,,,,
2024-10-12,1201,양파,-0.271,-1.357,1105,1131,1120,1150,1254,1108,안정,128,4,안정,4,1,안정,4,2024-10-11,10,상순,10,중순,2024-10-12,2174,2138,2146,2133,2248,2242,,,,,,
2024-10-12,1202,대파,-11.157,-10.27,1704,1782,1879,1804,2517,1918,하락심각,138,1,하락심각,1,1,하락심각,1,2024-10-11,10,상순,10,중순,2024-10-12,6364,6078,6415,6555,6363,4771,,,,,,
2024-10-14,1202,대파,-4.849,6.63,1825,1782,1704,1804,2517,1918,하락심각,139,1,하락심각,1,1,하락심각,1,2024-10-12,10,상순,10,중순,2024-10-14,6192,6078,6364,6555,6363,4771,,,,,,
2024-10-14,1001,배추,173.788,13.315,8919.667,7156,7732,8299,3905.667,3258,상승심각,38,7,상승심각,7,1,상승심각,7,2024-10-12,10,상순,10,중순,2024-10-14,8680,8780,8796,8901,6525,6444,,,,,,
2024-10-14,1101,무,58.24,4.187,2390.9,2508.5,2290.8,2422,1167.4,1511,상승경계,3,6,상승경계,6,1,상승심각,7,2024-10-12,10,상순,10,중순,2024-10-14,3605,3599,3615,3773,2424,2839,,,,,,
2024-10-14,1207,건고추,3.472,0,13144,13144,13144,13177,13484,12703,상승심각,267,7,상승심각,7,1,상승심각,7,2024-10-08,10,상순,10,중순,2024-10-11,18253,18347,18436,18430,18194,16592,,,,,,
2024-10-14,1209,마늘,-1.354,0,7066.65,7090,7066.65,7075,6767.7,7164,상승주의,22,5,상승주의,5,1,상승주의,5,2024-10-08,10,상순,10,중순,2024-10-11,10302,10330,10357,10337,9991,10808,,,,,,
2024-10-14,1201,양파,0.903,1.163,1118,1131,1105,1150,1254,1108,안정,129,4,안정,4,1,안정,4,2024-10-12,10,상순,10,중순,2024-10-14,2150,2138,2174,2133,2248,2242,,,,,,
2024-10-15,1001,배추,140.577,-13.795,7838.333,7156,8919.667,8299,3905.667,3258,상승심각,39,7,상승심각,7,1,상승심각,7,2024-10-14,10,상순,10,중순,2024-10-15,8635,8780,8680,8901,6525,6444,,,,,,
2024-10-15,1101,무,48.048,-6.865,2237.3,2508.5,2390.9,2422,1167.4,1511,상승경계,4,6,상승경계,6,1,상승심각,7,2024-10-14,10,상순,10,중순,2024-10-15,3605,3599,3605,3773,2424,2839,,,,,,
2024-10-15,1207,건고추,3.472,0,13144,13144,13144,13177,13484,12703,상승심각,268,7,상승심각,7,1,상승심각,7,2024-10-11,10,상순,10,중순,2024-10-14,18216,18347,18253,18430,18194,16592,,,,,,
2024-10-15,1209,마늘,-1.131,0.236,7083.35,7090,7066.65,7075,6767.7,7164,상승주의,23,5,상승주의,5,1,상승주의,5,2024-10-11,10,상순,10,중순,2024-10-14,10302,10330,10302,10337,9991,10808,,,,,,
2024-10-15,1201,양파,-0.271,-1.176,1105,1131,1118,1150,1254,1108,안정,130,4,안정,4,1,안정,4,2024-10-14,10,상순,10,중순,2024-10-15,2143,2138,2150,2133,2248,2242,,,,,,
2024-10-15,1202,대파,-9.437,-5.066,1737,1782,1825,1804,2517,1918,하락심각,140,1,하락심각,1,1,하락심각,1,2024-10-14,10,상순,10,중순,2024-10-15,6133,6078,6192,6555,6363,4771,,,,,,
2024-10-16,1001,배추,145.856,2.147,8010.333,7156,7838.333,8299,3905.667,3258,상승심각,40,7,상승심각,7,1,상승심각,7,2024-10-15,10,상순,10,중순,2024-10-16,8666,8780,8635,8901,6525,6444,,,,,,
2024-10-16,1101,무,65.255,10.393,2496.8,2508.5,2237.3,2422,1167.4,1511,상승경계,5,6,상승경계,6,1,상승심각,7,2024-10-15,10,상순,10,중순,2024-10-16,3610,3599,3605,3773,2424,2839,,,,,,
2024-10-16,1207,건고추,3.472,0,13144,13144,13144,13177,13484,12703,상승심각,269,7,상승심각,7,1,상승심각,7,2024-10-14,10,상순,10,중순,2024-10-15,18361,18347,18216,18430,18194,16592,,,,,,
2024-10-16,1209,마늘,-0.893,0.235,7100,7090,7083.35,7075,6767.7,7164,상승주의,24,5,상승주의,5,1,상승주의,5,2024-10-14,10,상순,10,중순,2024-10-15,10262,10330,10302,10337,9991,10808,,,,,,
2024-10-16,1201,양파,-2.076,-1.843,1085,1131,1105,1150,1254,1108,안정,131,4,안정,4,1,안정,4,2024-10-15,10,상순,10,중순,2024-10-16,2140,2138,2143,2133,2248,2242,,,,,,
2024-10-16,1202,대파,-8.655,0.856,1752,1782,1737,1804,2517,1918,하락심각,141,1,하락심각,1,1,하락심각,1,2024-10-15,10,상순,10,중순,2024-10-16,6072,6078,6133,6555,6363,4771,,,,,,
2024-10-17,1001,배추,113.475,-15.168,6955.333,7156,8010.333,8299,3905.667,3258,상승심각,41,7,상승심각,7,1,상승심각,7,2024-10-16,10,상순,10,중순,2024-10-17,8666,8780,8635,8901,6525,6444,,,,,,
2024-10-17,1101,무,72.733,4.341,2610.1,2508.5,2496.8,2422,1167.4,1511,상승심각,1,7,상승경계,6,1,상승심각,7,2024-10-16,10,상순,10,중순,2024-10-17,3610,3599,3605,3773,2424,2839,,,,,,
2024-10-17,1207,건고추,3.472,0,13144,13144,13144,13177,13484,12703,상승심각,270,7,상승심각,7,1,상승심각,7,2024-10-15,10,상순,10,중순,2024-10-16,18442,18347,18361,18430,18194,16592,,,,,,
2024-10-17,1209,마늘,-0.893,0,7100,7090,7100,7075,6767.7,7164,상승주의,25,5,상승주의,5,1,상승주의,5,2024-10-15,10,상순,10,중순,2024-10-16,10373,10330,10262,10337,9991,10808,,,,,,
2024-10-17,1201,양파,3.971,5.816,1152,1131,1085,1150,1254,1108,안정,132,4,안정,4,1,안정,4,2024-10-16,10,상순,10,중순,2024-10-17,2140,2138,2143,2133,2248,2242,,,,,,
2024-10-17,1202,대파,-13.504,-5.606,1659,1782,1752,1804,2517,1918,하락심각,142,1,하락심각,1,1,하락심각,1,2024-10-16,10,상순,10,중순,2024-10-17,6072,6078,6133,6555,6363,4771,,,,,,
2024-10-20,1001,배추,31.001,-46.911,4267.667,7156,6269.667,8299,3905.667,3258,상승경계,1,6,상승심각,7,1,상승심각,7,2024-10-18,10,상순,10,중순,2024-10-19,9123,8780,8666,8901,6525,6444,,,,,,
2024-10-20,1101,무,111.582,19.241,3196.8,2508.5,2581.7,2422,1167.4,1511,상승심각,3,7,상승경계,6,1,상승심각,7,2024-10-18,10,상순,10,중순,2024-10-19,3561,3599,3610,3773,2424,2839,,,,,,
2024-10-20,1207,건고추,3.472,0,13144,13144,13144,13177,13484,12703,상승심각,271,7,상승심각,7,1,상승심각,7,2024-10-16,10,상순,10,중순,2024-10-18,18465,18347,18442,18430,18194,16592,,,,,,
2024-10-20,1209,마늘,-0.893,0,7100,7090,7100,7075,6767.7,7164,상승주의,26,5,상승주의,5,1,상승주의,5,2024-10-16,10,상순,10,중순,2024-10-18,10413,10330,10373,10337,9991,10808,,,,,,
2024-10-20,1201,양파,6.227,-0.68,1177,1131,1185,1150,1254,1108,안정,134,4,안정,4,1,안정,4,2024-10-18,10,상순,10,중순,2024-10-19,2083,2138,2140,2133,2248,2242,,,,,,
2024-10-20,1202,대파,1.616,10.159,1949,1782,1751,1804,2517,1918,하락심각,144,1,하락심각,1,1,하락심각,1,2024-10-18,10,상순,10,중순,2024-10-19,5631,6078,6072,6555,6363,4771,,,,,,
2024-10-19,1001,배추,31.001,-46.911,4267.667,7156,6269.667,8299,3905.667,3258,상승경계,1,6,상승심각,7,1,상승심각,7,2024-10-18,10,상순,10,중순,2024-10-19,9123,8780,8666,8901,6525,6444,,,,,,
2024-10-19,1101,무,111.582,19.241,3196.8,2508.5,2581.7,2422,1167.4,1511,상승심각,3,7,상승경계,6,1,상승심각,7,2024-10-18,10,상순,10,중순,2024-10-19,3561,3599,3610,3773,2424,2839,,,,,,
2024-10-19,1207,건고추,3.472,0,13144,13144,13144,13177,13484,12703,상승심각,271,7,상승심각,7,1,상승심각,7,2024-10-16,10,상순,10,중순,2024-10-18,18465,18347,18442,18430,18194,16592,,,,,,
2024-10-19,1209,마늘,-0.893,0,7100,7090,7100,7075,6767.7,7164,상승주의,26,5,상승주의,5,1,상승주의,5,2024-10-16,10,상순,10,중순,2024-10-18,10413,10330,10373,10337,9991,10808,,,,,,
2024-10-19,1201,양파,6.227,-0.68,1177,1131,1185,1150,1254,1108,안정,134,4,안정,4,1,안정,4,2024-10-18,10,상순,10,중순,2024-10-19,2083,2138,2140,2133,2248,2242,,,,,,
2024-10-19,1202,대파,1.616,10.159,1949,1782,1751,1804,2517,1918,하락심각,144,1,하락심각,1,1,하락심각,1,2024-10-18,10,상순,10,중순,2024-10-19,5631,6078,6072,6555,6363,4771,,,,,,
2024-10-18,1001,배추,92.449,-10.936,6269.667,7156,6955.333,8299,3905.667,3258,상승심각,42,7,상승심각,7,1,상승심각,7,2024-10-17,10,상순,10,중순,2024-10-18,9123,8780,8666,8901,6525,6444,,,,,,
2024-10-18,1101,무,70.88,-1.1,2581.7,2508.5,2610.1,2422,1167.4,1511,상승심각,2,7,상승경계,6,1,상승심각,7,2024-10-17,10,상순,10,중순,2024-10-18,3561,3599,3610,3773,2424,2839,,,,,,
2024-10-18,1207,건고추,3.472,0,13144,13144,13144,13177,13484,12703,상승심각,270,7,상승심각,7,1,상승심각,7,2024-10-15,10,상순,10,중순,2024-10-16,18442,18347,18361,18430,18194,16592,,,,,,
2024-10-18,1209,마늘,-0.893,0,7100,7090,7100,7075,6767.7,7164,상승주의,25,5,상승주의,5,1,상승주의,5,2024-10-15,10,상순,10,중순,2024-10-16,10373,10330,10262,10337,9991,10808,,,,,,
2024-10-18,1201,양파,6.949,2.785,1185,1131,1152,1150,1254,1108,안정,133,4,안정,4,1,안정,4,2024-10-17,10,상순,10,중순,2024-10-18,2083,2138,2140,2133,2248,2242,,,,,,
2024-10-18,1202,대파,-8.707,5.254,1751,1782,1659,1804,2517,1918,하락심각,143,1,하락심각,1,1,하락심각,1,2024-10-17,10,상순,10,중순,2024-10-18,5631,6078,6072,6555,6363,4771,,,,,,
2024-10-21,1001,배추,122.311,23.248,5560.333,4014,4267.667,7156,2814.667,2501,상승경계,2,6,상승주의,5,1,상승경계,6,2024-10-19,10,중순,10,하순,2024-10-21,9162,7422,9123,8780,5273,5006,,,,,,
2024-10-21,1101,무,102.764,-11.722,2861.4,2224.3,3196.8,2509,905.9,1411,상승심각,4,7,상승경계,6,1,상승심각,7,2024-10-19,10,중순,10,하순,2024-10-21,3586,3525,3561,3599,2164,2595,,,,,,
2024-10-21,1207,건고추,3.79,0,13144,13110.66,13144,13144,13580,12664,상승심각,271,7,상승심각,7,1,상승심각,7,2024-10-16,10,중순,10,하순,2024-10-18,18465,18200,18442,18347,17903,16494,,,,,,
2024-10-21,1209,마늘,-1.018,0,7100,7049.1,7100,7090,6793.35,7173,상승주의,26,5,상승주의,5,1,상승주의,5,2024-10-16,10,중순,10,하순,2024-10-18,10413,10472,10373,10330,9826,10758,,,,,,
2024-10-21,1201,양파,4.946,-0.857,1167,1204,1177,1131,1178,1112,안정,135,4,안정,4,1,안정,4,2024-10-19,10,중순,10,하순,2024-10-21,2087,2130,2083,2138,2352,2292,,,,,,
2024-10-21,1202,대파,17.841,18.486,2391,1970,1949,1782,3188,2029,하락심각,145,1,하락심각,1,1,하락심각,1,2024-10-19,10,중순,10,하순,2024-10-21,5450,5403,5631,6078,5743,4876,,,,,,
2024-10-22,1001,배추,112.275,-4.728,5309.333,4014,5560.333,7156,2814.667,2501,상승경계,3,6,상승주의,5,1,상승경계,6,2024-10-21,10,중순,10,하순,2024-10-22,8864,7422,9162,8780,5273,5006,,,,,,
2024-10-22,1101,무,97.378,-2.751,2784.8,2224.3,2861.4,2509,905.9,1411,상승심각,5,7,상승경계,6,1,상승심각,7,2024-10-21,10,중순,10,하순,2024-10-22,3617,3525,3586,3599,2164,2595,,,,,,
2024-10-22,1207,건고추,3.664,-0.122,13128,13110.66,13144,13144,13580,12664,상승심각,272,7,상승심각,7,1,상승심각,7,2024-10-18,10,중순,10,하순,2024-10-21,18320,18200,18465,18347,17903,16494,,,,,,
2024-10-22,1209,마늘,-1.018,0,7100,7049.1,7100,7090,6793.35,7173,상승주의,27,5,상승주의,5,1,상승주의,5,2024-10-18,10,중순,10,하순,2024-10-21,10444,10472,10413,10330,9826,10758,,,,,,
2024-10-22,1201,양파,3.327,-1.567,1149,1204,1167,1131,1178,1112,안정,136,4,안정,4,1,안정,4,2024-10-21,10,중순,10,하순,2024-10-22,2090,2130,2087,2138,2352,2292,,,,,,
2024-10-22,1202,대파,-4.189,-22.994,1944,1970,2391,1782,3188,2029,하락심각,146,1,하락심각,1,1,하락심각,1,2024-10-21,10,중순,10,하순,2024-10-22,5413,5403,5450,6078,5743,4876,,,,,,
2024-10-23,1001,배추,107.757,-2.175,5196.333,4014,5309.333,7156,2814.667,2501,상승경계,4,6,상승주의,5,1,상승경계,6,2024-10-22,10,중순,10,하순,2024-10-23,8760,7422,8864,8780,5273,5006,,,,,,
2024-10-23,1101,무,99.646,1.129,2816.6,2224.3,2784.8,2509,905.9,1411,상승심각,6,7,상승경계,6,1,상승심각,7,2024-10-22,10,중순,10,하순,2024-10-23,3623,3525,3617,3599,2164,2595,,,,,,
2024-10-23,1207,건고추,3.664,0,13128,13110.66,13128,13144,13580,12664,상승심각,273,7,상승심각,7,1,상승심각,7,2024-10-21,10,중순,10,하순,2024-10-22,18363,18200,18320,18347,17903,16494,,,,,,
2024-10-23,1209,마늘,-1.018,0,7100,7049.1,7100,7090,6793.35,7173,상승주의,28,5,상승주의,5,1,상승주의,5,2024-10-21,10,중순,10,하순,2024-10-22,10476,10472,10444,10330,9826,10758,,,,,,
2024-10-23,1201,양파,6.115,2.627,1180,1204,1149,1131,1178,1112,안정,137,4,안정,4,1,안정,4,2024-10-22,10,중순,10,하순,2024-10-23,2080,2130,2090,2138,2352,2292,,,,,,
2024-10-23,1202,대파,-2.267,1.967,1983,1970,1944,1782,3188,2029,하락심각,147,1,하락심각,1,1,하락심각,1,2024-10-22,10,중순,10,하순,2024-10-23,5394,5403,5413,6078,5743,4876,,,,,,
2024-10-24,1001,배추,67.933,-23.732,4199.667,4014,5196.333,7156,2814.667,2501,상승경계,5,6,상승주의,5,1,상승경계,6,2024-10-23,10,중순,10,하순,2024-10-24,7657,7422,8760,8780,5273,5006,,,,,,
2024-10-24,1101,무,102.481,1.421,2857.2,2224.3,2816.6,2509,905.9,1411,상승심각,7,7,상승경계,6,1,상승심각,7,2024-10-23,10,중순,10,하순,2024-10-24,3663,3525,3623,3599,2164,2595,,,,,,
2024-10-24,1207,건고추,3.664,0,13128,13110.66,13128,13144,13580,12664,상승심각,274,7,상승심각,7,1,상승심각,7,2024-10-22,10,중순,10,하순,2024-10-23,18520,18200,18363,18347,17903,16494,,,,,,
2024-10-24,1209,마늘,-1.018,0,7100,7049.1,7100,7090,6793.35,7173,상승주의,29,5,상승주의,5,1,상승주의,5,2024-10-22,10,중순,10,하순,2024-10-23,10453,10472,10476,10330,9826,10758,,,,,,
2024-10-24,1201,양파,5.576,-0.511,1174,1204,1180,1131,1178,1112,안정,138,4,안정,4,1,안정,4,2024-10-23,10,중순,10,하순,2024-10-24,2183,2130,2080,2138,2352,2292,,,,,,
2024-10-24,1202,대파,11.188,12.101,2256,1970,1983,1782,3188,2029,하락심각,148,1,하락심각,1,1,하락심각,1,2024-10-23,10,중순,10,하순,2024-10-24,5452,5403,5394,6078,5743,4876,,,,,,
2024-10-27,1001,배추,43.743,1.103,3594.667,4014,3555,7156,2814.667,2501,상승주의,2,5,상승주의,5,1,상승경계,6,2024-10-25,10,중순,10,하순,2024-10-26,7087,7688,7657,8780,5273,5006,,,,,,
2024-10-27,1101,무,41.673,-26.194,1998.9,2224.3,2522.5,2509,905.9,1411,상승주의,1,5,상승경계,6,1,상승심각,7,2024-10-25,10,중순,10,하순,2024-10-26,3578,3560,3663,3599,2164,2595,,,,,,
2024-10-27,1207,건고추,3.664,0,13128,13116,13128,13144,13580,12664,상승심각,276,7,상승심각,7,1,상승심각,7,2024-10-24,10,중순,10,하순,2024-10-25,18200,18222,18200,18347,17903,16494,,,,,,
2024-10-27,1209,마늘,-2.3,-1.308,7008.35,7054.2,7100,7090,6793.35,7173,상승주의,31,5,상승주의,5,1,상승주의,5,2024-10-24,10,중순,10,하순,2024-10-25,10476,10483,10488,10330,9826,10758,,,,,,
2024-10-27,1201,양파,11.241,1.455,1237,1204,1219,1131,1178,1112,안정,140,4,안정,4,1,안정,4,2024-10-25,10,중순,10,하순,2024-10-26,2119,2131,2183,2138,2352,2292,,,,,,
2024-10-27,1202,대파,-2.612,-1.316,1976,1970,2002,1782,3188,2029,하락심각,150,1,하락심각,1,1,하락심각,1,2024-10-25,10,중순,10,하순,2024-10-26,5388,5384,5452,6078,5743,4876,,,,,,
2024-10-26,1001,배추,43.743,1.103,3594.667,4014,3555,7156,2814.667,2501,상승주의,2,5,상승주의,5,1,상승경계,6,2024-10-25,10,중순,10,하순,2024-10-26,7087,7688,7657,8780,5273,5006,,,,,,
2024-10-26,1101,무,41.673,-26.194,1998.9,2224.3,2522.5,2509,905.9,1411,상승주의,1,5,상승경계,6,1,상승심각,7,2024-10-25,10,중순,10,하순,2024-10-26,3578,3560,3663,3599,2164,2595,,,,,,
2024-10-26,1207,건고추,3.664,0,13128,13116,13128,13144,13580,12664,상승심각,276,7,상승심각,7,1,상승심각,7,2024-10-24,10,중순,10,하순,2024-10-25,18200,18222,18200,18347,17903,16494,,,,,,
2024-10-26,1209,마늘,-2.3,-1.308,7008.35,7054.2,7100,7090,6793.35,7173,상승주의,31,5,상승주의,5,1,상승주의,5,2024-10-24,10,중순,10,하순,2024-10-25,10476,10483,10488,10330,9826,10758,,,,,,
2024-10-26,1201,양파,11.241,1.455,1237,1204,1219,1131,1178,1112,안정,140,4,안정,4,1,안정,4,2024-10-25,10,중순,10,하순,2024-10-26,2119,2131,2183,2138,2352,2292,,,,,,
2024-10-26,1202,대파,-2.612,-1.316,1976,1970,2002,1782,3188,2029,하락심각,150,1,하락심각,1,1,하락심각,1,2024-10-25,10,중순,10,하순,2024-10-26,5388,5384,5452,6078,5743,4876,,,,,,
2024-10-25,1001,배추,42.143,-18.134,3555,4014,4199.667,7156,2814.667,2501,상승주의,1,5,상승주의,5,1,상승경계,6,2024-10-24,10,중순,10,하순,2024-10-25,7087,7688,7657,8780,5273,5006,,,,,,
2024-10-25,1101,무,78.809,-13.269,2522.5,2224.3,2857.2,2509,905.9,1411,상승경계,1,6,상승경계,6,1,상승심각,7,2024-10-24,10,중순,10,하순,2024-10-25,3578,3560,3663,3599,2164,2595,,,,,,
2024-10-25,1207,건고추,3.664,0,13128,13116,13128,13144,13580,12664,상승심각,275,7,상승심각,7,1,상승심각,7,2024-10-23,10,중순,10,하순,2024-10-24,18200,18222,18520,18347,17903,16494,,,,,,
2024-10-25,1209,마늘,-1.018,0,7100,7054.2,7100,7090,6793.35,7173,상승주의,30,5,상승주의,5,1,상승주의,5,2024-10-23,10,중순,10,하순,2024-10-24,10488,10483,10453,10330,9826,10758,,,,,,
2024-10-25,1201,양파,9.622,3.692,1219,1204,1174,1131,1178,1112,안정,139,4,안정,4,1,안정,4,2024-10-24,10,중순,10,하순,2024-10-25,2119,2131,2183,2138,2352,2292,,,,,,
2024-10-25,1202,대파,-1.331,-12.687,2002,1970,2256,1782,3188,2029,하락심각,149,1,하락심각,1,1,하락심각,1,2024-10-24,10,중순,10,하순,2024-10-25,5388,5384,5452,6078,5743,4876,,,,,,
2024-10-28,1001,배추,29.348,-11.107,3235.333,4014,3594.667,7156,2814.667,2501,안정,1,4,상승주의,5,1,상승경계,6,2024-10-26,10,중순,10,하순,2024-10-28,6847,7688,7087,8780,5273,5006,,,,,,
2024-10-28,1101,무,5.386,-34.425,1487,2224.3,1998.9,2509,905.9,1411,안정,1,4,상승경계,6,1,상승심각,7,2024-10-26,10,중순,10,하순,2024-10-28,3550,3560,3578,3599,2164,2595,,,,,,
2024-10-28,1207,건고추,3.664,0,13128,13116,13128,13144,13580,12664,상승심각,276,7,상승심각,7,1,상승심각,7,2024-10-24,10,중순,10,하순,2024-10-25,18200,18222,18200,18347,17903,16494,,,,,,
2024-10-28,1209,마늘,-2.3,-1.308,7008.35,7054.2,7100,7090,6793.35,7173,상승주의,31,5,상승주의,5,1,상승주의,5,2024-10-24,10,중순,10,하순,2024-10-25,10476,10483,10488,10330,9826,10758,,,,,,
2024-10-28,1201,양파,8.453,-2.57,1206,1204,1237,1131,1178,1112,안정,141,4,안정,4,1,안정,4,2024-10-26,10,중순,10,하순,2024-10-28,2146,2131,2119,2138,2352,2292,,,,,,
2024-10-28,1202,대파,-4.534,-2.013,1937,1970,1976,1782,3188,2029,하락심각,151,1,하락심각,1,1,하락심각,1,2024-10-26,10,중순,10,하순,2024-10-28,5390,5384,5388,6078,5743,4876,,,,,,
2024-10-29,1001,배추,46.901,11.932,3673.667,4014,3235.333,7156,2814.667,2501,상승주의,1,5,상승주의,5,1,상승경계,6,2024-10-28,10,중순,10,하순,2024-10-29,6627,7688,6847,8780,5273,5006,,,,,,
2024-10-29,1101,무,-0.921,-6.366,1398,2224.3,1487,2509,905.9,1411,안정,2,4,상승경계,6,1,상승심각,7,2024-10-28,10,중순,10,하순,2024-10-29,3465,3560,3550,3599,2164,2595,,,,,,
2024-10-29,1207,건고추,3.664,0,13128,13116,13128,13144,13580,12664,상승심각,277,7,상승심각,7,1,상승심각,7,2024-10-25,10,중순,10,하순,2024-10-28,18090,18222,18200,18347,17903,16494,,,,,,
2024-10-29,1209,마늘,-2.3,0,7008.35,7054.2,7008.35,7090,6793.35,7173,상승주의,32,5,상승주의,5,1,상승주의,5,2024-10-25,10,중순,10,하순,2024-10-28,10533,10483,10476,10330,9826,10758,,,,,,
2024-10-29,1201,양파,10.072,1.471,1224,1204,1206,1131,1178,1112,안정,142,4,안정,4,1,안정,4,2024-10-28,10,중순,10,하순,2024-10-29,2171,2131,2146,2138,2352,2292,,,,,,
2024-10-29,1202,대파,-5.816,-1.361,1911,1970,1937,1782,3188,2029,하락심각,152,1,하락심각,1,1,하락심각,1,2024-10-28,10,중순,10,하순,2024-10-29,5289,5384,5390,6078,5743,4876,,,,,,
2024-10-30,1001,배추,16.673,-25.911,2917.667,4014,3673.667,7156,2814.667,2501,안정,1,4,상승주의,5,1,상승경계,6,2024-10-29,10,중순,10,하순,2024-10-30,6502,7688,6627,8780,5273,5006,,,,,,
2024-10-30,1101,무,19.277,16.949,1683.3,2224.3,1398,2509,905.9,1411,상승주의,1,5,상승경계,6,1,상승심각,7,2024-10-29,10,중순,10,하순,2024-10-30,3396,3560,3465,3599,2164,2595,,,,,,
2024-10-30,1207,건고추,3.38,-0.275,13092,13116,13128,13144,13580,12664,상승심각,278,7,상승심각,7,1,상승심각,7,2024-10-28,10,중순,10,하순,2024-10-29,18090,18222,18090,18347,17903,16494,,,,,,
2024-10-30,1209,마늘,-2.3,0,7008.35,7054.2,7008.35,7090,6793.35,7173,상승주의,33,5,상승주의,5,1,상승주의,5,2024-10-28,10,중순,10,하순,2024-10-29,10514,10483,10533,10330,9826,10758,,,,,,
2024-10-30,1201,양파,10.342,0.244,1227,1204,1224,1131,1178,1112,안정,143,4,안정,4,1,안정,4,2024-10-29,10,중순,10,하순,2024-10-30,2171,2131,2171,2138,2352,2292,,,,,,
2024-10-30,1202,대파,-16.363,-12.61,1697,1970,1911,1782,3188,2029,하락심각,153,1,하락심각,1,1,하락심각,1,2024-10-29,10,중순,10,하순,2024-10-30,5299,5384,5289,6078,5743,4876,,,,,,
2024-10-31,1201,양파,12.59,1.997,1252,1204,1227,1131,1178,1112,안정,144,4,안정,4,1,안정,4,2024-10-30,10,중순,10,하순,2024-10-31,2171,2131,2171,2138,2352,2292,,,,,,
2024-10-31,1202,대파,-20.848,-5.666,1606,1970,1697,1782,3188,2029,하락심각,154,1,하락심각,1,1,하락심각,1,2024-10-30,10,중순,10,하순,2024-10-31,5299,5384,5289,6078,5743,4876,,,,,,
2024-10-31,1001,배추,15.834,-0.702,2897.333,4014,2917.667,7156,2814.667,2501,안정,2,4,상승주의,5,1,상승경계,6,2024-10-30,10,중순,10,하순,2024-10-31,6502,7688,6627,8780,5273,5006,,,,,,
2024-10-31,1101,무,29.908,8.177,1833.2,2224.3,1683.3,2509,905.9,1411,상승주의,2,5,상승경계,6,1,상승심각,7,2024-10-30,10,중순,10,하순,2024-10-31,3396,3560,3465,3599,2164,2595,,,,,,
2024-10-31,1207,건고추,3.19,-0.184,13068,13116,13092,13144,13580,12664,상승심각,279,7,상승심각,7,1,상승심각,7,2024-10-29,10,중순,10,하순,2024-10-30,17990,18222,18090,18347,17903,16494,,,,,,
2024-10-31,1209,마늘,-2.3,0,7008.35,7054.2,7008.35,7090,6793.35,7173,상승주의,34,5,상승주의,5,1,상승주의,5,2024-10-29,10,중순,10,하순,2024-10-30,10476,10483,10514,10330,9826,10758,,,,,,
2024-11-03,1001,배추,30.398,2.121,3080.333,2863.667,3015,4014,2330.333,2362,상승주의,2,5,상승주의,5,1,상승주의,5,2024-11-01,10,하순,11,상순,2024-11-02,4875,4579,6502,7688,3488,3999,,,,,,
2024-11-03,1101,무,71.689,1.244,2074.1,1887.7,2048.3,2224,774.4,1208,상승경계,2,6,상승경계,6,1,상승경계,6,2024-11-01,10,하순,11,상순,2024-11-02,3023,2895,3396,3560,1688,2245,,,,,,
2024-11-03,1207,건고추,3.602,-0.307,13028,13026.4,13068,13116,13558.5,12575,상승심각,280,7,상승심각,7,1,상승심각,7,2024-10-30,10,하순,11,상순,2024-11-01,18030,18187,17990,18222,17389,16285,,,,,,
2024-11-03,1209,마늘,-2.613,0,7008.35,7006.7,7008.35,7054,6820.85,7196,상승주의,35,5,상승주의,5,1,상승주의,5,2024-10-30,10,하순,11,상순,2024-11-01,10298,9937,10476,10483,8690,10369,,,,,,
2024-11-03,1201,양파,7.218,-0.411,1218,1234,1223,1204,1218,1136,안정,146,4,안정,4,1,안정,4,2024-11-01,10,하순,11,상순,2024-11-02,2121,2076,2171,2131,2108,2191,,,,,,
2024-11-03,1202,대파,-18.563,-6.631,1689,1857,1801,1970,3521,2074,하락심각,156,1,하락심각,1,1,하락심각,1,2024-11-01,10,하순,11,상순,2024-11-02,5408,5387,5299,5384,4847,4873,,,,,,
2024-11-01,1001,배추,27.646,3.903,3015,2863.667,2897.333,4014,2330.333,2362,상승주의,1,5,상승주의,5,1,상승주의,5,2024-10-31,10,하순,11,상순,2024-11-01,4875,4579,6502,7688,3488,3999,,,,,,
2024-11-01,1101,무,69.536,10.501,2048.3,1887.7,1833.2,2224,774.4,1208,상승경계,1,6,상승경계,6,1,상승경계,6,2024-10-31,10,하순,11,상순,2024-11-01,3023,2895,3396,3560,1688,2245,,,,,,
2024-11-01,1207,건고추,3.92,-0.184,13068,13026.4,13092,13116,13558.5,12575,상승심각,279,7,상승심각,7,1,상승심각,7,2024-10-29,10,하순,11,상순,2024-10-30,17990,18187,18090,18222,17389,16285,,,,,,
2024-11-01,1209,마늘,-2.613,0,7008.35,7006.7,7008.35,7054,6820.85,7196,상승주의,34,5,상승주의,5,1,상승주의,5,2024-10-29,10,하순,11,상순,2024-10-30,10476,9937,10514,10483,8690,10369,,,,,,
2024-11-01,1201,양파,7.658,-2.371,1223,1234,1252,1204,1218,1136,안정,145,4,안정,4,1,안정,4,2024-10-31,10,하순,11,상순,2024-11-01,2121,2076,2171,2131,2108,2191,,,,,,
2024-11-01,1202,대파,-13.163,10.827,1801,1857,1606,1970,3521,2074,하락심각,155,1,하락심각,1,1,하락심각,1,2024-10-31,10,하순,11,상순,2024-11-01,5408,5387,5299,5384,4847,4873,,,,,,
2024-11-04,1001,배추,22.904,-6.109,2903,2863.667,3080.333,4014,2330.333,2362,상승주의,3,5,상승주의,5,1,상승주의,5,2024-11-02,10,하순,11,상순,2024-11-04,4810,4579,4875,7688,3488,3999,,,,,,
2024-11-04,1101,무,69.04,-1.557,2042.3,1887.7,2074.1,2224,774.4,1208,상승경계,3,6,상승경계,6,1,상승경계,6,2024-11-02,10,하순,11,상순,2024-11-04,3019,2895,3023,3560,1688,2245,,,,,,
2024-11-04,1207,건고추,3.602,-0.307,13028,13026.4,13068,13116,13558.5,12575,상승심각,280,7,상승심각,7,1,상승심각,7,2024-10-30,10,하순,11,상순,2024-11-01,18030,18187,17990,18222,17389,16285,,,,,,
2024-11-04,1209,마늘,-2.613,0,7008.35,7006.7,7008.35,7054,6820.85,7196,상승주의,35,5,상승주의,5,1,상승주의,5,2024-10-30,10,하순,11,상순,2024-11-01,10298,9937,10476,10483,8690,10369,,,,,,
2024-11-04,1201,양파,8.363,1.056,1231,1234,1218,1204,1218,1136,안정,147,4,안정,4,1,안정,4,2024-11-02,10,하순,11,상순,2024-11-04,2145,2076,2121,2131,2108,2191,,,,,,
2024-11-04,1202,대파,-2.989,16.054,2012,1857,1689,1970,3521,2074,하락심각,157,1,하락심각,1,1,하락심각,1,2024-11-02,10,하순,11,상순,2024-11-04,5516,5387,5408,5384,4847,4873,,,,,,
2024-11-02,1001,배추,30.398,2.121,3080.333,2863.667,3015,4014,2330.333,2362,상승주의,2,5,상승주의,5,1,상승주의,5,2024-11-01,10,하순,11,상순,2024-11-02,4875,4579,6502,7688,3488,3999,,,,,,
2024-11-02,1101,무,71.689,1.244,2074.1,1887.7,2048.3,2224,774.4,1208,상승경계,2,6,상승경계,6,1,상승경계,6,2024-11-01,10,하순,11,상순,2024-11-02,3023,2895,3396,3560,1688,2245,,,,,,
2024-11-02,1207,건고추,3.602,-0.307,13028,13026.4,13068,13116,13558.5,12575,상승심각,280,7,상승심각,7,1,상승심각,7,2024-10-30,10,하순,11,상순,2024-11-01,18030,18187,17990,18222,17389,16285,,,,,,
2024-11-02,1209,마늘,-2.613,0,7008.35,7006.7,7008.35,7054,6820.85,7196,상승주의,35,5,상승주의,5,1,상승주의,5,2024-10-30,10,하순,11,상순,2024-11-01,10298,9937,10476,10483,8690,10369,,,,,,
2024-11-02,1201,양파,7.218,-0.411,1218,1234,1223,1204,1218,1136,안정,146,4,안정,4,1,안정,4,2024-11-01,10,하순,11,상순,2024-11-02,2121,2076,2171,2131,2108,2191,,,,,,
2024-11-02,1202,대파,-18.563,-6.631,1689,1857,1801,1970,3521,2074,하락심각,156,1,하락심각,1,1,하락심각,1,2024-11-01,10,하순,11,상순,2024-11-02,5408,5387,5299,5384,4847,4873,,,,,,
2024-11-05,1001,배추,19.941,-2.471,2833,2863.667,2903,4014,2330.333,2362,상승주의,4,5,상승주의,5,1,상승주의,5,2024-11-04,10,하순,11,상순,2024-11-05,4741,4579,4810,7688,3488,3999,,,,,,
2024-11-05,1101,무,59.023,-6.325,1920.8,1887.7,2042.3,2224,774.4,1208,상승경계,4,6,상승경계,6,1,상승경계,6,2024-11-04,10,하순,11,상순,2024-11-05,2945,2895,3019,3560,1688,2245,,,,,,
2024-11-05,1207,건고추,3.602,0,13028,13026.4,13028,13116,13558.5,12575,상승심각,281,7,상승심각,7,1,상승심각,7,2024-11-01,10,하순,11,상순,2024-11-04,18200,18187,18030,18222,17389,16285,,,,,,
2024-11-05,1209,마늘,-2.613,0,7008.35,7006.7,7008.35,7054,6820.85,7196,상승주의,36,5,상승주의,5,1,상승주의,5,2024-11-01,10,하순,11,상순,2024-11-04,10291,9937,10298,10483,8690,10369,,,,,,
2024-11-05,1201,양파,8.803,0.405,1236,1234,1231,1204,1218,1136,안정,148,4,안정,4,1,안정,4,2024-11-04,10,하순,11,상순,2024-11-05,2145,2076,2145,2131,2108,2191,,,,,,
2024-11-05,1202,대파,-9.74,-7.479,1872,1857,2012,1970,3521,2074,하락심각,158,1,하락심각,1,1,하락심각,1,2024-11-04,10,하순,11,상순,2024-11-05,5490,5387,5516,5384,4847,4873,,,,,,
2024-11-06,1001,배추,20.406,0.398,2844.333,2863.667,2833,4014,2330.333,2362,상승주의,5,5,상승주의,5,1,상승주의,5,2024-11-05,10,하순,11,상순,2024-11-06,4549,4579,4741,7688,3488,3999,,,,,,
2024-11-06,1101,무,51.573,-4.916,1830.8,1887.7,1920.8,2224,774.4,1208,상승경계,5,6,상승경계,6,1,상승경계,6,2024-11-05,10,하순,11,상순,2024-11-06,2901,2895,2945,3560,1688,2245,,,,,,
2024-11-06,1207,건고추,3.602,0,13028,13026.4,13028,13116,13558.5,12575,상승심각,282,7,상승심각,7,1,상승심각,7,2024-11-04,10,하순,11,상순,2024-11-05,18200,18187,18200,18222,17389,16285,,,,,,
2024-11-06,1209,마늘,-2.613,0,7008.35,7006.7,7008.35,7054,6820.85,7196,상승주의,37,5,상승주의,5,1,상승주의,5,2024-11-04,10,하순,11,상순,2024-11-05,10291,9937,10291,10483,8690,10369,,,,,,
2024-11-06,1201,양파,13.556,4.186,1290,1234,1236,1204,1218,1136,안정,149,4,안정,4,1,안정,4,2024-11-05,10,하순,11,상순,2024-11-06,2152,2076,2145,2131,2108,2191,,,,,,
2024-11-06,1202,대파,-15.333,-6.606,1756,1857,1872,1970,3521,2074,하락심각,159,1,하락심각,1,1,하락심각,1,2024-11-05,10,하순,11,상순,2024-11-06,5552,5387,5490,5384,4847,4873,,,,,,
2024-11-07,1001,배추,20.152,-0.211,2838.333,2863.667,2844.333,4014,2330.333,2362,상승주의,6,5,상승주의,5,1,상승주의,5,2024-11-06,10,하순,11,상순,2024-11-07,4549,4579,4741,7688,3488,3999,,,,,,
2024-11-07,1101,무,41.391,-7.183,1708.1,1887.7,1830.8,2224,774.4,1208,상승주의,1,5,상승경계,6,1,상승경계,6,2024-11-06,10,하순,11,상순,2024-11-07,2901,2895,2945,3560,1688,2245,,,,,,
2024-11-07,1207,건고추,3.571,-0.031,13024,13026.4,13028,13116,13558.5,12575,상승심각,283,7,상승심각,7,1,상승심각,7,2024-11-05,10,하순,11,상순,2024-11-06,18335,18187,18200,18222,17389,16285,,,,,,
2024-11-07,1209,마늘,-2.613,0,7008.35,7006.7,7008.35,7054,6820.85,7196,상승주의,38,5,상승주의,5,1,상승주의,5,2024-11-05,10,하순,11,상순,2024-11-06,10280,9937,10291,10483,8690,10369,,,,,,
2024-11-07,1201,양파,10.123,-3.118,1251,1234,1290,1204,1218,1136,안정,150,4,안정,4,1,안정,4,2024-11-06,10,하순,11,상순,2024-11-07,2152,2076,2145,2131,2108,2191,,,,,,
2024-11-07,1202,대파,-15.815,-0.573,1746,1857,1756,1970,3521,2074,하락심각,160,1,하락심각,1,1,하락심각,1,2024-11-06,10,하순,11,상순,2024-11-07,5552,5387,5490,5384,4847,4873,,,,,,
2024-11-10,1001,배추,7.621,-12.259,2542.333,2863.667,2854,4014,2330.333,2362,안정,1,4,상승주의,5,1,상승주의,5,2024-11-08,10,하순,11,상순,2024-11-09,3919,4579,4549,7688,3488,3999,,,,,,
2024-11-10,1101,무,36.672,-10.643,1650.9,1887.7,1826.6,2224,774.4,1208,상승주의,1,5,상승경계,6,1,상승경계,6,2024-11-08,10,하순,11,상순,2024-11-09,2587,2895,2901,3560,1688,2245,,,,,,
2024-11-10,1207,건고추,3.571,0,13024,13026.4,13024,13116,13558.5,12575,상승심각,284,7,상승심각,7,1,상승심각,7,2024-11-06,10,하순,11,상순,2024-11-08,18168,18187,18335,18222,17389,16285,,,,,,
2024-11-10,1209,마늘,-2.724,-0.119,7000,7006.7,7008.35,7054,6820.85,7196,상승주의,39,5,상승주의,5,1,상승주의,5,2024-11-06,10,하순,11,상순,2024-11-08,8524,9937,10280,10483,8690,10369,,,,,,
2024-11-10,1201,양파,6.866,0.412,1214,1234,1209,1204,1218,1136,안정,152,4,안정,4,1,안정,4,2024-11-08,10,하순,11,상순,2024-11-09,1818,2076,2152,2131,2108,2191,,,,,,
2024-11-10,1202,대파,-2.218,3.649,2028,1857,1954,1970,3521,2074,하락심각,162,1,하락심각,1,1,하락심각,1,2024-11-08,10,하순,11,상순,2024-11-09,4967,5387,5552,5384,4847,4873,,,,,,
2024-11-08,1001,배추,20.83,0.549,2854,2863.667,2838.333,4014,2330.333,2362,상승주의,7,5,상승주의,5,1,상승주의,5,2024-11-07,10,하순,11,상순,2024-11-08,3919,4579,4549,7688,3488,3999,,,,,,
2024-11-08,1101,무,51.242,6.487,1826.6,1887.7,1708.1,2224,774.4,1208,상승경계,1,6,상승경계,6,1,상승경계,6,2024-11-07,10,하순,11,상순,2024-11-08,2587,2895,2901,3560,1688,2245,,,,,,
2024-11-08,1207,건고추,3.571,-0.031,13024,13026.4,13028,13116,13558.5,12575,상승심각,283,7,상승심각,7,1,상승심각,7,2024-11-05,10,하순,11,상순,2024-11-06,18335,18187,18200,18222,17389,16285,,,,,,
2024-11-08,1209,마늘,-2.613,0,7008.35,7006.7,7008.35,7054,6820.85,7196,상승주의,38,5,상승주의,5,1,상승주의,5,2024-11-05,10,하순,11,상순,2024-11-06,10280,9937,10291,10483,8690,10369,,,,,,
2024-11-08,1201,양파,6.426,-3.474,1209,1234,1251,1204,1218,1136,안정,151,4,안정,4,1,안정,4,2024-11-07,10,하순,11,상순,2024-11-08,1818,2076,2152,2131,2108,2191,,,,,,
2024-11-08,1202,대파,-5.786,10.645,1954,1857,1746,1970,3521,2074,하락심각,161,1,하락심각,1,1,하락심각,1,2024-11-07,10,하순,11,상순,2024-11-08,4967,5387,5552,5384,4847,4873,,,,,,
2024-11-09,1001,배추,7.621,-12.259,2542.333,2863.667,2854,4014,2330.333,2362,안정,1,4,상승주의,5,1,상승주의,5,2024-11-08,10,하순,11,상순,2024-11-09,3919,4579,4549,7688,3488,3999,,,,,,
2024-11-09,1101,무,36.672,-10.643,1650.9,1887.7,1826.6,2224,774.4,1208,상승주의,1,5,상승경계,6,1,상승경계,6,2024-11-08,10,하순,11,상순,2024-11-09,2587,2895,2901,3560,1688,2245,,,,,,
2024-11-09,1207,건고추,3.571,0,13024,13026.4,13024,13116,13558.5,12575,상승심각,284,7,상승심각,7,1,상승심각,7,2024-11-06,10,하순,11,상순,2024-11-08,18168,18187,18335,18222,17389,16285,,,,,,
2024-11-09,1209,마늘,-2.724,-0.119,7000,7006.7,7008.35,7054,6820.85,7196,상승주의,39,5,상승주의,5,1,상승주의,5,2024-11-06,10,하순,11,상순,2024-11-08,8524,9937,10280,10483,8690,10369,,,,,,
2024-11-09,1201,양파,6.866,0.412,1214,1234,1209,1204,1218,1136,안정,152,4,안정,4,1,안정,4,2024-11-08,10,하순,11,상순,2024-11-09,1818,2076,2152,2131,2108,2191,,,,,,
2024-11-09,1202,대파,-2.218,3.649,2028,1857,1954,1970,3521,2074,하락심각,162,1,하락심각,1,1,하락심각,1,2024-11-08,10,하순,11,상순,2024-11-09,4967,5387,5552,5384,4847,4873,,,,,,
2024-11-11,1001,배추,8.929,7.775,2756.667,2580.667,2542.333,2864,2310,2531,상승주의,1,5,상승주의,5,1,안정,4,2024-11-09,11,상순,11,중순,2024-11-11,3877,3376,3919,4579,2680,3552,,,,,,
2024-11-11,1101,무,36.324,-4.494,1579.9,2040.8,1650.9,1888,719.6,1159,상승주의,2,5,상승경계,6,1,상승경계,6,2024-11-09,11,상순,11,중순,2024-11-11,2610,2577,2587,2895,1464,2092,,,,,,
2024-11-11,1207,건고추,3.711,0,13024,12991.72,13024,13026,13509.34,12558,상승심각,284,7,상승심각,7,1,상승심각,7,2024-11-06,11,상순,11,중순,2024-11-08,18168,17987,18335,18187,17821,16561,,,,,,
2024-11-11,1209,마늘,-4.175,-0.119,7000,7004.75,7008.35,7007,6847.25,7305,상승주의,39,5,상승주의,5,1,상승주의,5,2024-11-06,11,상순,11,중순,2024-11-08,8524,8280,10280,9937,7890,9790,,,,,,
2024-11-11,1201,양파,8.945,0.328,1218,1192,1214,1234,1150,1118,안정,153,4,안정,4,1,안정,4,2024-11-09,11,상순,11,중순,2024-11-11,1810,1812,1818,2076,2086,2197,,,,,,
2024-11-11,1202,대파,-9.713,-3.893,1952,2174,2028,1857,3374,2162,하락심각,163,1,하락심각,1,1,하락심각,1,2024-11-09,11,상순,11,중순,2024-11-11,4964,5260,4967,5387,4628,4828,,,,,,
2024-11-12,1001,배추,-8.179,-18.617,2324,2580.667,2756.667,2864,2310,2531,안정,1,4,상승주의,5,1,안정,4,2024-11-11,11,상순,11,중순,2024-11-12,3778,3376,3877,4579,2680,3552,,,,,,
2024-11-12,1101,무,51.251,9.89,1753.3,2040.8,1579.9,1888,719.6,1159,상승경계,1,6,상승경계,6,1,상승경계,6,2024-11-11,11,상순,11,중순,2024-11-12,2592,2577,2610,2895,1464,2092,,,,,,
2024-11-12,1207,건고추,3.456,-0.246,12992,12991.72,13024,13026,13509.34,12558,상승심각,285,7,상승심각,7,1,상승심각,7,2024-11-08,11,상순,11,중순,2024-11-11,18056,17987,18168,18187,17821,16561,,,,,,
2024-11-12,1209,마늘,-4.175,0,7000,7004.75,7000,7007,6847.25,7305,상승주의,40,5,상승주의,5,1,상승주의,5,2024-11-08,11,상순,11,중순,2024-11-11,8536,8280,8524,9937,7890,9790,,,,,,
2024-11-12,1201,양파,7.156,-1.669,1198,1192,1218,1234,1150,1118,안정,154,4,안정,4,1,안정,4,2024-11-11,11,상순,11,중순,2024-11-12,1797,1812,1810,2076,2086,2197,,,,,,
2024-11-12,1202,대파,-6.753,3.175,2016,2174,1952,1857,3374,2162,하락심각,164,1,하락심각,1,1,하락심각,1,2024-11-11,11,상순,11,중순,2024-11-12,5061,5260,4964,5387,4628,4828,,,,,,
2024-11-13,1001,배추,0.04,8.227,2532.333,2580.667,2324,2864,2310,2531,안정,2,4,상승주의,5,1,안정,4,2024-11-12,11,상순,11,중순,2024-11-13,3778,3376,3877,4579,2680,3552,,,,,,
2024-11-13,1101,무,51.51,0.171,1756.3,2040.8,1753.3,1888,719.6,1159,상승경계,2,6,상승경계,6,1,상승경계,6,2024-11-12,11,상순,11,중순,2024-11-13,2592,2577,2610,2895,1464,2092,,,,,,
2024-11-13,1207,건고추,3.456,0,12992,12991.72,12992,13026,13509.34,12558,상승심각,286,7,상승심각,7,1,상승심각,7,2024-11-11,11,상순,11,중순,2024-11-12,18026,17987,18056,18187,17821,16561,,,,,,
2024-11-13,1209,마늘,-4.175,0,7000,7004.75,7000,7007,6847.25,7305,상승주의,41,5,상승주의,5,1,상승주의,5,2024-11-11,11,상순,11,중순,2024-11-12,8767,8280,8536,9937,7890,9790,,,,,,
2024-11-13,1201,양파,7.424,0.25,1201,1192,1198,1234,1150,1118,안정,155,4,안정,4,1,안정,4,2024-11-12,11,상순,11,중순,2024-11-13,1797,1812,1810,2076,2086,2197,,,,,,
2024-11-13,1202,대파,-7.817,-1.154,1993,2174,2016,1857,3374,2162,하락심각,165,1,하락심각,1,1,하락심각,1,2024-11-12,11,상순,11,중순,2024-11-13,5061,5260,4964,5387,4628,4828,,,,,,
2024-11-14,1001,배추,10.984,9.839,2808.667,2580.667,2532.333,2864,2310,2531,상승주의,1,5,안정,4,1,안정,4,2024-11-13,11,상순,11,중순,2024-11-14,3309,3376,3778,4579,2680,3552,,,,,,
2024-11-14,1101,무,69.543,10.635,1965.3,2040.8,1756.3,1888,719.6,1159,상승경계,3,6,상승심각,7,1,상승심각,7,2024-11-13,11,상순,11,중순,2024-11-14,2535,2577,2592,2895,1464,2092,,,,,,
2024-11-14,1207,건고추,3.456,0,12992,12991.72,12992,13026,13509.34,12558,상승심각,286,7,상승주의,5,1,안정,4,2024-11-11,11,상순,11,중순,2024-11-12,18026,17987,18056,18187,17821,16561,,,,,,
2024-11-14,1209,마늘,-4.175,0,7000,7004.75,7000,7007,6847.25,7305,상승주의,41,5,안정,4,1,안정,4,2024-11-11,11,상순,11,중순,2024-11-12,8767,8280,8536,9937,7890,9790,,,,,,
2024-11-14,1201,양파,6.619,-0.755,1192,1192,1201,1234,1150,1118,안정,156,4,안정,4,1,안정,4,2024-11-13,11,상순,11,중순,2024-11-14,1772,1812,1797,2076,2086,2197,,,,,,
2024-11-14,1202,대파,-8.002,-0.201,1989,2174,1993,1857,3374,2162,하락심각,166,1,상승주의,5,1,상승경계,6,2024-11-13,11,상순,11,중순,2024-11-14,5255,5260,5061,5387,4628,4828,,,,,,
2024-11-17,1001,배추,7.23,-8.584,2714.333,2580.667,2947.333,2864,2310,2531,상승주의,3,5,안정,4,1,안정,4,2024-11-15,11,상순,11,중순,2024-11-16,3257,3376,3309,4579,2680,3552,,,,,,
2024-11-17,1101,무,97.843,5.474,2292.8,2040.8,2167.3,1888,719.6,1159,상승심각,1,7,상승심각,7,1,상승심각,7,2024-11-15,11,상순,11,중순,2024-11-16,2524,2577,2535,2895,1464,2092,,,,,,
2024-11-17,1207,건고추,3.456,0,12992,12991.72,12992,13026,13509.34,12558,상승심각,288,7,상승주의,5,1,안정,4,2024-11-14,11,상순,11,중순,2024-11-15,17776,17987,18297,18187,17821,16561,,,,,,
2024-11-17,1209,마늘,-4.175,-0.476,7000,7004.75,7033.35,7007,6847.25,7305,상승주의,43,5,안정,4,1,안정,4,2024-11-14,11,상순,11,중순,2024-11-15,8117,8280,8361,9937,7890,9790,,,,,,
2024-11-17,1201,양파,5.098,-0.681,1175,1192,1183,1234,1150,1118,안정,158,4,안정,4,1,안정,4,2024-11-15,11,상순,11,중순,2024-11-16,1769,1812,1772,2076,2086,2197,,,,,,
2024-11-17,1202,대파,-9.482,4.343,1957,2174,1872,1857,3374,2162,하락심각,168,1,상승주의,5,1,상승경계,6,2024-11-15,11,상순,11,중순,2024-11-16,5305,5260,5255,5387,4628,4828,,,,,,
2024-11-15,1001,배추,16.436,4.705,2947.333,2580.667,2808.667,2864,2310,2531,상승주의,2,5,안정,4,1,안정,4,2024-11-14,11,상순,11,중순,2024-11-15,3257,3376,3309,4579,2680,3552,,,,,,
2024-11-15,1101,무,86.972,9.32,2167.3,2040.8,1965.3,1888,719.6,1159,상승경계,4,6,상승심각,7,1,상승심각,7,2024-11-14,11,상순,11,중순,2024-11-15,2524,2577,2535,2895,1464,2092,,,,,,
2024-11-15,1207,건고추,3.456,0,12992,12991.72,12992,13026,13509.34,12558,상승심각,287,7,상승주의,5,1,안정,4,2024-11-12,11,상순,11,중순,2024-11-14,18297,17987,18026,18187,17821,16561,,,,,,
2024-11-15,1209,마늘,-3.723,0.474,7033.35,7004.75,7000,7007,6847.25,7305,상승주의,42,5,안정,4,1,안정,4,2024-11-12,11,상순,11,중순,2024-11-14,8361,8280,8767,9937,7890,9790,,,,,,
2024-11-15,1201,양파,5.814,-0.761,1183,1192,1192,1234,1150,1118,안정,157,4,안정,4,1,안정,4,2024-11-14,11,상순,11,중순,2024-11-15,1769,1812,1772,2076,2086,2197,,,,,,
2024-11-15,1202,대파,-13.414,-6.25,1872,2174,1989,1857,3374,2162,하락심각,167,1,상승주의,5,1,상승경계,6,2024-11-14,11,상순,11,중순,2024-11-15,5305,5260,5255,5387,4628,4828,,,,,,
2024-11-18,1209,마늘,-4.175,-0.476,7000,7004.75,7033.35,7007,6847.25,7305,상승주의,43,5,안정,4,1,안정,4,2024-11-14,11,상순,11,중순,2024-11-15,8117,8280,8361,9937,7890,9790,,,,,,
2024-11-18,1201,양파,5.993,0.844,1185,1192,1175,1234,1150,1118,안정,159,4,안정,4,1,안정,4,2024-11-16,11,상순,11,중순,2024-11-18,1823,1812,1769,2076,2086,2197,,,,,,
2024-11-18,1202,대파,8.141,16.296,2338,2174,1957,1857,3374,2162,상승주의,1,5,상승주의,5,1,상승경계,6,2024-11-16,11,상순,11,중순,2024-11-18,5443,5260,5305,5387,4628,4828,,,,,,
2024-11-18,1001,배추,-10.352,-19.644,2268.667,2580.667,2714.333,2864,2310,2531,안정,1,4,안정,4,1,안정,4,2024-11-16,11,상순,11,중순,2024-11-18,3198,3376,3257,4579,2680,3552,,,,,,
2024-11-18,1101,무,93.529,-2.229,2242.8,2040.8,2292.8,1888,719.6,1159,상승심각,2,7,상승심각,7,1,상승심각,7,2024-11-16,11,상순,11,중순,2024-11-18,2593,2577,2524,2895,1464,2092,,,,,,
2024-11-18,1207,건고추,3.456,0,12992,12991.72,12992,13026,13509.34,12558,상승심각,288,7,상승주의,5,1,안정,4,2024-11-14,11,상순,11,중순,2024-11-15,17776,17987,18297,18187,17821,16561,,,,,,
2024-11-16,1001,배추,7.23,-8.584,2714.333,2580.667,2947.333,2864,2310,2531,상승주의,3,5,안정,4,1,안정,4,2024-11-15,11,상순,11,중순,2024-11-16,3257,3376,3309,4579,2680,3552,,,,,,
2024-11-16,1101,무,97.843,5.474,2292.8,2040.8,2167.3,1888,719.6,1159,상승심각,1,7,상승심각,7,1,상승심각,7,2024-11-15,11,상순,11,중순,2024-11-16,2524,2577,2535,2895,1464,2092,,,,,,
2024-11-16,1207,건고추,3.456,0,12992,12991.72,12992,13026,13509.34,12558,상승심각,288,7,상승주의,5,1,안정,4,2024-11-14,11,상순,11,중순,2024-11-15,17776,17987,18297,18187,17821,16561,,,,,,
2024-11-16,1209,마늘,-4.175,-0.476,7000,7004.75,7033.35,7007,6847.25,7305,상승주의,43,5,안정,4,1,안정,4,2024-11-14,11,상순,11,중순,2024-11-15,8117,8280,8361,9937,7890,9790,,,,,,
2024-11-16,1201,양파,5.098,-0.681,1175,1192,1183,1234,1150,1118,안정,158,4,안정,4,1,안정,4,2024-11-15,11,상순,11,중순,2024-11-16,1769,1812,1772,2076,2086,2197,,,,,,
2024-11-16,1202,대파,-9.482,4.343,1957,2174,1872,1857,3374,2162,하락심각,168,1,상승주의,5,1,상승경계,6,2024-11-15,11,상순,11,중순,2024-11-16,5305,5260,5255,5387,4628,4828,,,,,,
2024-11-19,1001,배추,-6.085,4.544,2376.667,2580.667,2268.667,2864,2310,2531,안정,2,4,안정,4,1,안정,4,2024-11-18,11,상순,11,중순,2024-11-19,3137,3376,3198,4579,2680,3552,,,,,,
2024-11-19,1101,무,94.478,0.488,2253.8,2040.8,2242.8,1888,719.6,1159,상승심각,3,7,상승심각,7,1,상승심각,7,2024-11-18,11,상순,11,중순,2024-11-19,2583,2577,2593,2895,1464,2092,,,,,,
2024-11-19,1207,건고추,3.456,0,12992,12991.72,12992,13026,13509.34,12558,상승주의,289,5,상승주의,5,1,안정,4,2024-11-15,11,상순,11,중순,2024-11-18,17894,17987,17776,18187,17821,16561,,,,,,
2024-11-19,1209,마늘,-4.175,0,7000,7004.75,7000,7007,6847.25,7305,안정,44,4,안정,4,1,안정,4,2024-11-15,11,상순,11,중순,2024-11-18,8060,8280,8117,9937,7890,9790,,,,,,
2024-11-19,1201,양파,6.977,0.92,1196,1192,1185,1234,1150,1118,안정,160,4,안정,4,1,안정,4,2024-11-18,11,상순,11,중순,2024-11-19,1846,1812,1823,2076,2086,2197,,,,,,
2024-11-19,1202,대파,26.226,14.328,2729,2174,2338,1857,3374,2162,상승주의,2,5,상승주의,5,1,상승경계,6,2024-11-18,11,상순,11,중순,2024-11-19,5357,5260,5443,5387,4628,4828,,,,,,
2024-11-20,1001,배추,-1.383,4.794,2496.333,2580.667,2376.667,2864,2310,2531,안정,3,4,안정,4,1,안정,4,2024-11-19,11,상순,11,중순,2024-11-20,3074,3376,3137,4579,2680,3552,,,,,,
2024-11-20,1101,무,103.279,4.33,2355.8,2040.8,2253.8,1888,719.6,1159,상승심각,4,7,상승심각,7,1,상승심각,7,2024-11-19,11,상순,11,중순,2024-11-20,2600,2577,2583,2895,1464,2092,,,,,,
2024-11-20,1207,건고추,3.456,0,12992,12991.72,12992,13026,13509.34,12558,상승주의,290,5,상승주의,5,1,안정,4,2024-11-18,11,상순,11,중순,2024-11-19,18075,17987,17894,18187,17821,16561,,,,,,
2024-11-20,1209,마늘,-4.175,0,7000,7004.75,7000,7007,6847.25,7305,안정,45,4,안정,4,1,안정,4,2024-11-18,11,상순,11,중순,2024-11-19,8072,8280,8060,9937,7890,9790,,,,,,
2024-11-20,1201,양파,5.903,-1.014,1184,1192,1196,1234,1150,1118,안정,161,4,안정,4,1,안정,4,2024-11-19,11,상순,11,중순,2024-11-20,1868,1812,1846,2076,2086,2197,,,,,,
2024-11-20,1202,대파,25.624,-0.479,2716,2174,2729,1857,3374,2162,상승주의,3,5,상승주의,5,1,상승경계,6,2024-11-19,11,상순,11,중순,2024-11-20,5434,5260,5357,5387,4628,4828,,,,,,
2024-11-24,1001,배추,18.714,-17.42,2677,3223.333,3143.333,2581,1864.333,2255,상승주의,1,5,상승경계,6,1,상승주의,5,2024-11-22,11,중순,11,하순,2024-11-23,3031,3109,3074,3376,2634,3498,,,,,,
2024-11-24,1101,무,138.867,-3.787,2403,2981.3,2494,2041,737,1006,상승심각,7,7,상승심각,7,1,상승심각,7,2024-11-22,11,중순,11,하순,2024-11-23,2656,2703,2600,2577,1414,2027,,,,,,
2024-11-24,1207,건고추,2.425,-1.168,12840,12835.2,12990,12992,13524,12536,안정,1,4,안정,4,1,안정,4,2024-11-20,11,중순,11,하순,2024-11-22,17973,18028,17787,17987,18132,16351,,,,,,
2024-11-24,1209,마늘,-4.031,0,7000,7010,7000,7005,6816.65,7294,안정,47,4,안정,4,1,안정,4,2024-11-20,11,중순,11,하순,2024-11-22,8187,8298,8047,8280,8099,9666,,,,,,
2024-11-24,1201,양파,10.092,-0.833,1200,1210,1210,1192,1082,1090,안정,164,4,안정,4,1,안정,4,2024-11-22,11,중순,11,하순,2024-11-23,1810,1855,1868,1812,2184,2244,,,,,,
2024-11-24,1202,대파,43.009,-4.849,2557,2706,2681,2174,3166,1788,상승주의,6,5,상승주의,5,1,상승심각,7,2024-11-22,11,중순,11,하순,2024-11-23,5766,6000,5434,5260,4923,4683,,,,,,
2024-11-23,1001,배추,18.714,-17.42,2677,3223.333,3143.333,2581,1864.333,2255,상승주의,1,5,상승경계,6,1,상승주의,5,2024-11-22,11,중순,11,하순,2024-11-23,3031,3109,3074,3376,2634,3498,,,,,,
2024-11-23,1101,무,138.867,-3.787,2403,2981.3,2494,2041,737,1006,상승심각,7,7,상승심각,7,1,상승심각,7,2024-11-22,11,중순,11,하순,2024-11-23,2656,2703,2600,2577,1414,2027,,,,,,
2024-11-23,1207,건고추,2.425,-1.168,12840,12835.2,12990,12992,13524,12536,안정,1,4,안정,4,1,안정,4,2024-11-20,11,중순,11,하순,2024-11-22,17973,18028,17787,17987,18132,16351,,,,,,
2024-11-23,1209,마늘,-4.031,0,7000,7010,7000,7005,6816.65,7294,안정,47,4,안정,4,1,안정,4,2024-11-20,11,중순,11,하순,2024-11-22,8187,8298,8047,8280,8099,9666,,,,,,
2024-11-23,1201,양파,10.092,-0.833,1200,1210,1210,1192,1082,1090,안정,164,4,안정,4,1,안정,4,2024-11-22,11,중순,11,하순,2024-11-23,1810,1855,1868,1812,2184,2244,,,,,,
2024-11-23,1202,대파,43.009,-4.849,2557,2706,2681,2174,3166,1788,상승주의,6,5,상승주의,5,1,상승심각,7,2024-11-22,11,중순,11,하순,2024-11-23,5766,6000,5434,5260,4923,4683,,,,,,
2024-11-22,1001,배추,39.379,8.208,3143.333,3223.333,2885.333,2581,1864.333,2255,상승경계,1,6,상승경계,6,1,상승주의,5,2024-11-21,11,중순,11,하순,2024-11-22,3031,3109,3074,3376,2634,3498,,,,,,
2024-11-22,1101,무,147.913,3.504,2494,2981.3,2406.6,2041,737,1006,상승심각,6,7,상승심각,7,1,상승심각,7,2024-11-21,11,중순,11,하순,2024-11-22,2656,2703,2600,2577,1414,2027,,,,,,
2024-11-22,1207,건고추,3.622,-0.015,12990,12835.2,12992,12992,13524,12536,상승주의,291,5,상승주의,5,1,안정,4,2024-11-19,11,중순,11,하순,2024-11-20,17787,18028,18075,17987,18132,16351,,,,,,
2024-11-22,1209,마늘,-4.031,0,7000,7010,7000,7005,6816.65,7294,안정,46,4,안정,4,1,안정,4,2024-11-19,11,중순,11,하순,2024-11-20,8047,8298,8072,8280,8099,9666,,,,,,
2024-11-22,1201,양파,11.009,-0.083,1210,1210,1211,1192,1082,1090,안정,163,4,안정,4,1,안정,4,2024-11-21,11,중순,11,하순,2024-11-22,1810,1855,1868,1812,2184,2244,,,,,,
2024-11-22,1202,대파,49.944,-3.655,2681,2706,2779,2174,3166,1788,상승주의,5,5,상승주의,5,1,상승심각,7,2024-11-21,11,중순,11,하순,2024-11-22,5766,6000,5434,5260,4923,4683,,,,,,
2024-11-21,1001,배추,27.938,13.482,2885.333,3223.333,2496.333,2581,1864.333,2255,상승주의,1,5,상승경계,6,1,상승주의,5,2024-11-20,11,중순,11,하순,2024-11-21,3074,3109,3137,3376,2634,3498,,,,,,
2024-11-21,1101,무,139.264,2.111,2406.6,2981.3,2355.8,2041,737,1006,상승심각,5,7,상승심각,7,1,상승심각,7,2024-11-20,11,중순,11,하순,2024-11-21,2600,2703,2583,2577,1414,2027,,,,,,
2024-11-21,1207,건고추,3.622,-0.015,12990,12835.2,12992,12992,13524,12536,상승주의,291,5,상승주의,5,1,안정,4,2024-11-19,11,중순,11,하순,2024-11-20,17787,18028,18075,17987,18132,16351,,,,,,
2024-11-21,1209,마늘,-4.031,0,7000,7010,7000,7005,6816.65,7294,안정,46,4,안정,4,1,안정,4,2024-11-19,11,중순,11,하순,2024-11-20,8047,8298,8072,8280,8099,9666,,,,,,
2024-11-21,1201,양파,11.101,2.23,1211,1210,1184,1192,1082,1090,안정,162,4,안정,4,1,안정,4,2024-11-20,11,중순,11,하순,2024-11-21,1868,1855,1846,1812,2184,2244,,,,,,
2024-11-21,1202,대파,55.425,2.267,2779,2706,2716,2174,3166,1788,상승주의,4,5,상승주의,5,1,상승심각,7,2024-11-20,11,중순,11,하순,2024-11-21,5434,6000,5357,5260,4923,4683,,,,,,
2024-11-25,1001,배추,35.565,12.421,3056.667,3223.333,2677,2581,1864.333,2255,상승경계,1,6,상승경계,6,1,상승주의,5,2024-11-23,11,중순,11,하순,2024-11-25,3060,3109,3031,3376,2634,3498,,,,,,
2024-11-25,1101,무,141.65,1.136,2430.6,2981.3,2403,2041,737,1006,상승심각,8,7,상승심각,7,1,상승심각,7,2024-11-23,11,중순,11,하순,2024-11-25,2630,2703,2656,2577,1414,2027,,,,,,
2024-11-25,1207,건고추,2.425,-1.168,12840,12835.2,12990,12992,13524,12536,안정,1,4,안정,4,1,안정,4,2024-11-20,11,중순,11,하순,2024-11-22,17973,18028,17787,17987,18132,16351,,,,,,
2024-11-25,1209,마늘,-4.031,0,7000,7010,7000,7005,6816.65,7294,안정,47,4,안정,4,1,안정,4,2024-11-20,11,중순,11,하순,2024-11-22,8187,8298,8047,8280,8099,9666,,,,,,
2024-11-25,1201,양파,12.202,1.881,1223,1210,1200,1192,1082,1090,안정,165,4,안정,4,1,안정,4,2024-11-23,11,중순,11,하순,2024-11-25,1865,1855,1810,1812,2184,2244,,,,,,
2024-11-25,1202,대파,46.421,2.33,2618,2706,2557,2174,3166,1788,상승주의,7,5,상승주의,5,1,상승심각,7,2024-11-23,11,중순,11,하순,2024-11-25,5836,6000,5766,5260,4923,4683,,,,,,
2024-11-26,1001,배추,46.652,7.56,3306.667,3223.333,3056.667,2581,1864.333,2255,상승경계,2,6,상승경계,6,1,상승주의,5,2024-11-25,11,중순,11,하순,2024-11-26,3047,3109,3060,3376,2634,3498,,,,,,
2024-11-26,1101,무,181.809,14.252,2834.6,2981.3,2430.6,2041,737,1006,상승심각,9,7,상승심각,7,1,상승심각,7,2024-11-25,11,중순,11,하순,2024-11-26,2657,2703,2630,2577,1414,2027,,,,,,
2024-11-26,1207,건고추,2.425,0,12840,12835.2,12840,12992,13524,12536,안정,2,4,안정,4,1,안정,4,2024-11-22,11,중순,11,하순,2024-11-25,17877,18028,17973,17987,18132,16351,,,,,,
2024-11-26,1209,마늘,-4.031,0,7000,7010,7000,7005,6816.65,7294,안정,48,4,안정,4,1,안정,4,2024-11-22,11,중순,11,하순,2024-11-25,8256,8298,8187,8280,8099,9666,,,,,,
2024-11-26,1201,양파,12.752,0.488,1229,1210,1223,1192,1082,1090,안정,166,4,안정,4,1,안정,4,2024-11-25,11,중순,11,하순,2024-11-26,1880,1855,1865,1812,2184,2244,,,,,,
2024-11-26,1202,대파,53.076,4.348,2737,2706,2618,2174,3166,1788,상승주의,8,5,상승주의,5,1,상승심각,7,2024-11-25,11,중순,11,하순,2024-11-26,5780,6000,5836,5260,4923,4683,,,,,,
2024-11-27,1001,배추,48.825,1.46,3355.667,3223.333,3306.667,2581,1864.333,2255,상승경계,3,6,상승경계,6,1,상승주의,5,2024-11-26,11,중순,11,하순,2024-11-27,3047,3109,3060,3376,2634,3498,,,,,,
2024-11-27,1101,무,266.402,23.088,3685.5,2981.3,2834.6,2041,737,1006,상승심각,10,7,상승심각,7,1,상승심각,7,2024-11-26,11,중순,11,하순,2024-11-27,2657,2703,2630,2577,1414,2027,,,,,,
2024-11-27,1207,건고추,2.425,0,12840,12835.2,12840,12992,13524,12536,안정,3,4,안정,4,1,안정,4,2024-11-25,11,중순,11,하순,2024-11-26,17877,18028,17877,17987,18132,16351,,,,,,
2024-11-27,1209,마늘,-4.031,0,7000,7010,7000,7005,6816.65,7294,안정,49,4,안정,4,1,안정,4,2024-11-25,11,중순,11,하순,2024-11-26,8244,8298,8256,8280,8099,9666,,,,,,
2024-11-27,1201,양파,11.101,-1.486,1211,1210,1229,1192,1082,1090,안정,167,4,안정,4,1,안정,4,2024-11-26,11,중순,11,하순,2024-11-27,1880,1855,1865,1812,2184,2244,,,,,,
2024-11-27,1202,대파,55.481,1.547,2780,2706,2737,2174,3166,1788,상승주의,9,5,상승주의,5,1,상승심각,7,2024-11-26,11,중순,11,하순,2024-11-27,5780,6000,5836,5260,4923,4683,,,,,,
2024-11-28,1001,배추,106.297,27.866,4652,3223.333,3355.667,2581,1864.333,2255,상승심각,1,7,상승경계,6,1,상승주의,5,2024-11-27,11,중순,11,하순,2024-11-28,3165,3109,3047,3376,2634,3498,,,,,,
2024-11-28,1101,무,295.726,7.43,3981.3,2981.3,3685.5,2041,737,1006,상승심각,11,7,상승심각,7,1,상승심각,7,2024-11-27,11,중순,11,하순,2024-11-28,2736,2703,2657,2577,1414,2027,,,,,,
2024-11-28,1207,건고추,2.425,0,12840,12835.2,12840,12992,13524,12536,안정,3,4,안정,4,1,안정,4,2024-11-25,11,중순,11,하순,2024-11-26,17877,18028,17877,17987,18132,16351,,,,,,
2024-11-28,1209,마늘,-4.031,0,7000,7010,7000,7005,6816.65,7294,안정,49,4,안정,4,1,안정,4,2024-11-25,11,중순,11,하순,2024-11-26,8244,8298,8256,8280,8099,9666,,,,,,
2024-11-28,1201,양파,10.734,-0.331,1207,1210,1211,1192,1082,1090,안정,168,4,안정,4,1,안정,4,2024-11-27,11,중순,11,하순,2024-11-28,1833,1855,1880,1812,2184,2244,,,,,,
2024-11-28,1202,대파,58.277,1.767,2830,2706,2780,2174,3166,1788,상승경계,1,6,상승주의,5,1,상승심각,7,2024-11-27,11,중순,11,하순,2024-11-28,6233,6000,5780,5260,4923,4683,,,,,,
2024-11-29,1001,배추,38.359,-49.087,3120.333,3223.333,4652,2581,1864.333,2255,상승경계,1,6,상승경계,6,1,상승주의,5,2024-11-28,11,중순,11,하순,2024-11-29,3243,3109,3165,3376,2634,3498,,,,,,
2024-11-29,1101,무,231.809,-19.283,3337.7,2981.3,3981.3,2041,737,1006,상승심각,12,7,상승심각,7,1,상승심각,7,2024-11-28,11,중순,11,하순,2024-11-29,2834,2703,2736,2577,1414,2027,,,,,,
2024-11-29,1207,건고추,2.329,-0.094,12828,12835.2,12840,12992,13524,12536,안정,4,4,안정,4,1,안정,4,2024-11-26,11,중순,11,하순,2024-11-28,17952,18028,17877,17987,18132,16351,,,,,,
2024-11-29,1209,마늘,-3.921,0.119,7008.35,7010,7000,7005,6816.65,7294,안정,50,4,안정,4,1,안정,4,2024-11-26,11,중순,11,하순,2024-11-28,8366,8298,8244,8280,8099,9666,,,,,,
2024-11-29,1201,양파,10.183,-0.5,1201,1210,1207,1192,1082,1090,안정,169,4,안정,4,1,안정,4,2024-11-28,11,중순,11,하순,2024-11-29,1888,1855,1833,1812,2184,2244,,,,,,
2024-11-29,1202,대파,56.991,-0.819,2807,2706,2830,2174,3166,1788,상승경계,2,6,상승주의,5,1,상승심각,7,2024-11-28,11,중순,11,하순,2024-11-29,6384,6000,6233,5260,4923,4683,,,,,,
2024-11-30,1001,배추,24.701,-10.978,2811.667,3223.333,3120.333,2581,1864.333,2255,상승주의,1,5,상승경계,6,1,상승주의,5,2024-11-29,11,중순,11,하순,2024-11-30,3243,3109,3165,3376,2634,3498,,,,,,
2024-11-30,1101,무,223.857,-2.443,3258.1,2981.3,3337.7,2041,737,1006,상승심각,13,7,상승심각,7,1,상승심각,7,2024-11-29,11,중순,11,하순,2024-11-30,2834,2703,2736,2577,1414,2027,,,,,,
2024-11-30,1207,건고추,2.329,0,12828,12835.2,12828,12992,13524,12536,안정,5,4,안정,4,1,안정,4,2024-11-28,11,중순,11,하순,2024-11-29,18461,18028,17952,17987,18132,16351,,,,,,
2024-11-30,1209,마늘,-3.455,0.473,7041.65,7010,7008.35,7005,6816.65,7294,안정,51,4,안정,4,1,안정,4,2024-11-28,11,중순,11,하순,2024-11-29,8435,8298,8366,8280,8099,9666,,,,,,
2024-11-30,1201,양파,9.633,-0.502,1195,1210,1201,1192,1082,1090,안정,170,4,안정,4,1,안정,4,2024-11-29,11,중순,11,하순,2024-11-30,1888,1855,1833,1812,2184,2244,,,,,,
2024-11-30,1202,대파,43.4,-9.477,2564,2706,2807,2174,3166,1788,상승주의,1,5,상승주의,5,1,상승심각,7,2024-11-29,11,중순,11,하순,2024-11-30,6384,6000,6233,5260,4923,4683,,,,,,
2024-12-01,1001,배추,35.977,-10.978,2811.667,2986.333,3120.333,3223,1960.667,2068,상승주의,1,5,상승경계,6,1,상승주의,5,2024-11-29,11,하순,12,상순,2024-11-30,3243,3743,3165,3109,3020,3464,,,,,,
2024-12-01,1101,무,206.78,-2.443,3258.1,2585.3,3337.7,2981,864.2,1062,상승심각,13,7,상승심각,7,1,상승심각,7,2024-11-29,11,하순,12,상순,2024-11-30,2834,3266,2736,2703,1524,1914,,,,,,
2024-12-01,1207,건고추,2.501,0,12828,12828,12828,12835,13524,12515,안정,5,4,안정,4,1,안정,4,2024-11-28,11,하순,12,상순,2024-11-29,18461,18327,17952,18028,18450,16218,,,,,,
2024-12-01,1209,마늘,-3.534,0.473,7041.65,7036.7,7008.35,7010,6833.35,7300,안정,51,4,안정,4,1,안정,4,2024-11-28,11,하순,12,상순,2024-11-29,8435,9239,8366,8298,9487,10538,,,,,,
2024-12-01,1201,양파,10.444,-0.502,1195,1205,1201,1210,1136,1082,안정,170,4,안정,4,1,안정,4,2024-11-29,11,하순,12,상순,2024-11-30,1888,2054,1833,1855,2401,2319,,,,,,
2024-12-01,1202,대파,53.902,-9.477,2564,2583,2807,2706,3248,1666,상승주의,1,5,상승주의,5,1,상승심각,7,2024-11-29,11,하순,12,상순,2024-11-30,6384,6526,6233,6000,5801,4626,,,,,,
2024-12-02,1001,배추,17.892,-15.343,2437.667,2986.333,2811.667,3223,1960.667,2068,안정,1,4,상승경계,6,1,상승주의,5,2024-11-30,11,하순,12,상순,2024-12-02,3478,3743,3243,3109,3020,3464,,,,,,
2024-12-02,1101,무,241.996,10.297,3632.1,2585.3,3258.1,2981,864.2,1062,상승심각,14,7,상승심각,7,1,상승심각,7,2024-11-30,11,하순,12,상순,2024-12-02,2993,3266,2834,2703,1524,1914,,,,,,
2024-12-02,1207,건고추,2.501,0,12828,12828,12828,12835,13524,12515,안정,5,4,안정,4,1,안정,4,2024-11-28,11,하순,12,상순,2024-11-29,18461,18327,17952,18028,18450,16218,,,,,,
2024-12-02,1209,마늘,-3.534,0.473,7041.65,7036.7,7008.35,7010,6833.35,7300,안정,51,4,안정,4,1,안정,4,2024-11-28,11,하순,12,상순,2024-11-29,8435,9239,8366,8298,9487,10538,,,,,,
2024-12-02,1201,양파,12.939,2.209,1222,1205,1195,1210,1136,1082,안정,171,4,안정,4,1,안정,4,2024-11-30,11,하순,12,상순,2024-12-02,1975,2054,1888,1855,2401,2319,,,,,,
2024-12-02,1202,대파,71.729,10.381,2861,2583,2564,2706,3248,1666,상승경계,1,6,상승주의,5,1,상승주의,5,2024-11-30,11,하순,12,상순,2024-12-02,6418,6526,6384,6000,5801,4626,,,,,,
2024-12-03,1209,마늘,-3.658,-0.118,7033.35,7036.7,7041.65,7010,6833.35,7300,안정,52,4,안정,4,1,안정,4,2024-11-29,11,하순,12,상순,2024-12-02,8872,9239,8435,8298,9487,10538,,,,,,
2024-12-03,1201,양파,13.124,0.163,1224,1205,1222,1210,1136,1082,안정,172,4,안정,4,1,안정,4,2024-12-02,11,하순,12,상순,2024-12-03,2010,2054,1975,1855,2401,2319,,,,,,
2024-12-03,1202,대파,84.094,6.717,3067,2583,2861,2706,3248,1666,상승경계,2,6,상승주의,5,1,상승주의,5,2024-12-02,11,하순,12,상순,2024-12-03,6449,6526,6418,6000,5801,4626,,,,,,
2024-12-03,1001,배추,36.992,13.944,2832.667,2986.333,2437.667,3223,1960.667,2068,상승주의,1,5,상승경계,6,1,상승주의,5,2024-12-02,11,하순,12,상순,2024-12-03,3421,3743,3478,3109,3020,3464,,,,,,
2024-12-03,1101,무,215.348,-8.444,3349.3,2585.3,3632.1,2981,864.2,1062,상승심각,15,7,상승심각,7,1,상승심각,7,2024-12-02,11,하순,12,상순,2024-12-03,3044,3266,2993,2703,1524,1914,,,,,,
2024-12-03,1207,건고추,2.501,0,12828,12828,12828,12835,13524,12515,안정,6,4,안정,4,1,안정,4,2024-11-29,11,하순,12,상순,2024-12-02,18457,18327,18461,18028,18450,16218,,,,,,
2024-12-04,1001,배추,51.789,9.749,3138.667,2986.333,2832.667,3223,1960.667,2068,상승경계,1,6,상승경계,6,1,상승주의,5,2024-12-03,11,하순,12,상순,2024-12-04,3396,3743,3421,3109,3020,3464,,,,,,
2024-12-04,1101,무,205.556,-3.227,3244.6,2585.3,3349.3,2981,864.2,1062,상승심각,16,7,상승심각,7,1,상승심각,7,2024-12-03,11,하순,12,상순,2024-12-04,3075,3266,3044,2703,1524,1914,,,,,,
2024-12-04,1207,건고추,2.501,0,12828,12828,12828,12835,13524,12515,안정,7,4,안정,4,1,안정,4,2024-12-02,11,하순,12,상순,2024-12-03,18218,18327,18457,18028,18450,16218,,,,,,
2024-12-04,1209,마늘,-3.658,0,7033.35,7036.7,7033.35,7010,6833.35,7300,안정,53,4,안정,4,1,안정,4,2024-12-02,11,하순,12,상순,2024-12-03,8878,9239,8872,8298,9487,10538,,,,,,
2024-12-04,1201,양파,12.2,-0.824,1214,1205,1224,1210,1136,1082,안정,173,4,안정,4,1,안정,4,2024-12-03,11,하순,12,상순,2024-12-04,1984,2054,2010,1855,2401,2319,,,,,,
2024-12-04,1202,대파,75.69,-4.783,2927,2583,3067,2706,3248,1666,상승경계,3,6,상승주의,5,1,상승주의,5,2024-12-03,11,하순,12,상순,2024-12-04,6414,6526,6449,6000,5801,4626,,,,,,
2024-12-08,1001,배추,48.839,0.412,3077.667,2986.333,3065,3223,1960.667,2068,상승경계,2,6,상승경계,6,1,상승주의,5,2024-12-06,11,하순,12,상순,2024-12-07,3396,3743,3421,3109,3020,3464,,,,,,
2024-12-08,1101,무,80.132,-3.047,1913.3,2585.3,1971.6,2981,864.2,1062,상승경계,1,6,상승심각,7,1,상승심각,7,2024-12-06,11,하순,12,상순,2024-12-07,3075,3266,3044,2703,1524,1914,,,,,,
2024-12-08,1207,건고추,2.501,0,12828,12828,12828,12835,13524,12515,안정,8,4,안정,4,1,안정,4,2024-12-03,11,하순,12,상순,2024-12-04,18218,18327,18218,18028,18450,16218,,,,,,
2024-12-08,1209,마늘,-3.658,0,7033.35,7036.7,7033.35,7010,6833.35,7300,안정,54,4,안정,4,1,안정,4,2024-12-03,11,하순,12,상순,2024-12-04,8957,9239,8878,8298,9487,10538,,,,,,
2024-12-08,1201,양파,9.15,-2.202,1181,1205,1207,1210,1136,1082,안정,176,4,안정,4,1,안정,4,2024-12-06,11,하순,12,상순,2024-12-07,1984,2054,2010,1855,2401,2319,,,,,,
2024-12-08,1202,대파,26.771,-23.011,2112,2583,2598,2706,3248,1666,안정,1,4,상승주의,5,1,상승주의,5,2024-12-06,11,하순,12,상순,2024-12-07,6414,6526,6449,6000,5801,4626,,,,,,
2024-12-07,1001,배추,48.839,0.412,3077.667,2986.333,3065,3223,1960.667,2068,상승경계,2,6,상승경계,6,1,상승주의,5,2024-12-06,11,하순,12,상순,2024-12-07,3396,3743,3421,3109,3020,3464,,,,,,
2024-12-07,1101,무,80.132,-3.047,1913.3,2585.3,1971.6,2981,864.2,1062,상승경계,1,6,상승심각,7,1,상승심각,7,2024-12-06,11,하순,12,상순,2024-12-07,3075,3266,3044,2703,1524,1914,,,,,,
2024-12-07,1207,건고추,2.501,0,12828,12828,12828,12835,13524,12515,안정,8,4,안정,4,1,안정,4,2024-12-03,11,하순,12,상순,2024-12-04,18218,18327,18218,18028,18450,16218,,,,,,
2024-12-07,1209,마늘,-3.658,0,7033.35,7036.7,7033.35,7010,6833.35,7300,안정,54,4,안정,4,1,안정,4,2024-12-03,11,하순,12,상순,2024-12-04,8957,9239,8878,8298,9487,10538,,,,,,
2024-12-07,1201,양파,9.15,-2.202,1181,1205,1207,1210,1136,1082,안정,176,4,안정,4,1,안정,4,2024-12-06,11,하순,12,상순,2024-12-07,1984,2054,2010,1855,2401,2319,,,,,,
2024-12-07,1202,대파,26.771,-23.011,2112,2583,2598,2706,3248,1666,안정,1,4,상승주의,5,1,상승주의,5,2024-12-06,11,하순,12,상순,2024-12-07,6414,6526,6449,6000,5801,4626,,,,,,
2024-12-06,1001,배추,48.211,-12.474,3065,2986.333,3447.333,3223,1960.667,2068,상승경계,1,6,상승경계,6,1,상승주의,5,2024-12-05,11,하순,12,상순,2024-12-06,3396,3743,3421,3109,3020,3464,,,,,,
2024-12-06,1101,무,85.687,-17.367,1971.6,2585.3,2314,2981,864.2,1062,상승심각,18,7,상승심각,7,1,상승심각,7,2024-12-05,11,하순,12,상순,2024-12-06,3075,3266,3044,2703,1524,1914,,,,,,
2024-12-06,1207,건고추,2.501,0,12828,12828,12828,12835,13524,12515,안정,8,4,안정,4,1,안정,4,2024-12-03,11,하순,12,상순,2024-12-04,18218,18327,18218,18028,18450,16218,,,,,,
2024-12-06,1209,마늘,-3.658,0,7033.35,7036.7,7033.35,7010,6833.35,7300,안정,54,4,안정,4,1,안정,4,2024-12-03,11,하순,12,상순,2024-12-04,8957,9239,8878,8298,9487,10538,,,,,,
2024-12-06,1201,양파,11.553,-1.077,1207,1205,1220,1210,1136,1082,안정,175,4,안정,4,1,안정,4,2024-12-05,11,하순,12,상순,2024-12-06,1984,2054,2010,1855,2401,2319,,,,,,
2024-12-06,1202,대파,55.942,-7.044,2598,2583,2781,2706,3248,1666,상승주의,2,5,상승주의,5,1,상승주의,5,2024-12-05,11,하순,12,상순,2024-12-06,6414,6526,6449,6000,5801,4626,,,,,,
2024-12-09,1202,대파,20.888,-4.866,2014,2583,2112,2706,3248,1666,안정,2,4,상승주의,5,1,상승주의,5,2024-12-07,11,하순,12,상순,2024-12-09,6631,6526,6414,6000,5801,4626,,,,,,
2024-12-09,1001,배추,42.408,-4.517,2944.667,2986.333,3077.667,3223,1960.667,2068,상승주의,1,5,상승경계,6,1,상승주의,5,2024-12-07,11,하순,12,상순,2024-12-09,4224,3743,3396,3109,3020,3464,,,,,,
2024-12-09,1101,무,87.759,4.038,1993.8,2585.3,1913.3,2981,864.2,1062,상승심각,1,7,상승심각,7,1,상승심각,7,2024-12-07,11,하순,12,상순,2024-12-09,3652,3266,3075,2703,1524,1914,,,,,,
2024-12-09,1207,건고추,2.501,0,12828,12828,12828,12835,13524,12515,안정,8,4,안정,4,1,안정,4,2024-12-03,11,하순,12,상순,2024-12-04,18218,18327,18218,18028,18450,16218,,,,,,
2024-12-09,1209,마늘,-3.658,0,7033.35,7036.7,7033.35,7010,6833.35,7300,안정,54,4,안정,4,1,안정,4,2024-12-03,11,하순,12,상순,2024-12-04,8957,9239,8878,8298,9487,10538,,,,,,
2024-12-09,1201,양파,10.721,1.419,1198,1205,1181,1210,1136,1082,안정,177,4,안정,4,1,안정,4,2024-12-07,11,하순,12,상순,2024-12-09,2149,2054,1984,1855,2401,2319,,,,,,
2024-12-05,1001,배추,66.683,8.954,3447.333,2986.333,3138.667,3223,1960.667,2068,상승심각,1,7,상승경계,6,1,상승주의,5,2024-12-04,11,하순,12,상순,2024-12-05,3396,3743,3421,3109,3020,3464,,,,,,
2024-12-05,1101,무,117.891,-40.216,2314,2585.3,3244.6,2981,864.2,1062,상승심각,17,7,상승심각,7,1,상승심각,7,2024-12-04,11,하순,12,상순,2024-12-05,3075,3266,3044,2703,1524,1914,,,,,,
2024-12-05,1207,건고추,2.501,0,12828,12828,12828,12835,13524,12515,안정,8,4,안정,4,1,안정,4,2024-12-03,11,하순,12,상순,2024-12-04,18218,18327,18218,18028,18450,16218,,,,,,
2024-12-05,1209,마늘,-3.658,0,7033.35,7036.7,7033.35,7010,6833.35,7300,안정,54,4,안정,4,1,안정,4,2024-12-03,11,하순,12,상순,2024-12-04,8957,9239,8878,8298,9487,10538,,,,,,
2024-12-05,1201,양파,12.754,0.492,1220,1205,1214,1210,1136,1082,안정,174,4,안정,4,1,안정,4,2024-12-04,11,하순,12,상순,2024-12-05,1984,2054,2010,1855,2401,2319,,,,,,
2024-12-05,1202,대파,66.927,-5.25,2781,2583,2927,2706,3248,1666,상승주의,1,5,상승주의,5,1,상승주의,5,2024-12-04,11,하순,12,상순,2024-12-05,6414,6526,6449,6000,5801,4626,,,,,,
2024-12-11,1001,배추,51.983,8.43,3218.667,3444.333,2947.333,2986,2303.667,2118,상승경계,1,6,상승심각,7,1,상승경계,6,2024-12-10,12,상순,12,중순,2024-12-11,4177,4420,4195,3743,2941,3333,,,,,,
2024-12-11,1101,무,124.756,10.633,2532.6,2351.5,2263.3,2585,1035.9,1127,상승심각,3,7,상승심각,7,1,상승심각,7,2024-12-10,12,상순,12,중순,2024-12-11,3503,3212,3568,3266,1555,1864,,,,,,
2024-12-11,1207,건고추,2.731,0,12828,13038.42,12828,12828,13524,12487,안정,10,4,안정,4,1,안정,4,2024-12-09,12,상순,12,중순,2024-12-10,18454,18052,18289,18327,18448,16106,,,,,,
2024-12-11,1209,마늘,-3.425,0.236,7050,7061.9,7033.35,7037,6833.35,7300,안정,56,4,안정,4,1,안정,4,2024-12-09,12,상순,12,중순,2024-12-10,9760,9773,9728,9239,9822,10620,,,,,,
2024-12-11,1201,양파,9.04,-1.209,1158,1175,1172,1205,1162,1062,안정,179,4,안정,4,1,안정,4,2024-12-10,12,상순,12,중순,2024-12-11,2158,2130,2154,2054,2367,2316,,,,,,
2024-12-11,1202,대파,19.63,-14.913,2005,2023,2304,2583,2832,1676,안정,1,4,안정,4,1,안정,4,2024-12-10,12,상순,12,중순,2024-12-11,6791,6970,6720,6526,6289,4518,,,,,,
2024-12-10,1001,배추,42.505,0.09,2947.333,2986.333,2944.667,3223,1960.667,2068,상승주의,2,5,상승경계,6,1,상승주의,5,2024-12-09,11,하순,12,상순,2024-12-10,4195,3743,4224,3109,3020,3464,,,,,,
2024-12-10,1101,무,113.089,11.907,2263.3,2585.3,1993.8,2981,864.2,1062,상승심각,2,7,상승심각,7,1,상승심각,7,2024-12-09,11,하순,12,상순,2024-12-10,3568,3266,3652,2703,1524,1914,,,,,,
2024-12-10,1207,건고추,2.501,0,12828,12828,12828,12835,13524,12515,안정,9,4,안정,4,1,안정,4,2024-12-04,11,하순,12,상순,2024-12-09,18289,18327,18218,18028,18450,16218,,,,,,
2024-12-10,1209,마늘,-3.658,0,7033.35,7036.7,7033.35,7010,6833.35,7300,안정,55,4,안정,4,1,안정,4,2024-12-04,11,하순,12,상순,2024-12-09,9728,9239,8957,8298,9487,10538,,,,,,
2024-12-10,1201,양파,8.318,-2.218,1172,1205,1198,1210,1136,1082,안정,178,4,안정,4,1,안정,4,2024-12-09,11,하순,12,상순,2024-12-10,2154,2054,2149,1855,2401,2319,,,,,,
2024-12-10,1202,대파,38.295,12.587,2304,2583,2014,2706,3248,1666,상승주의,1,5,상승주의,5,1,상승주의,5,2024-12-09,11,하순,12,상순,2024-12-10,6720,6526,6631,6000,5801,4626,,,,,,
2024-12-12,1001,배추,49.15,-1.889,3159,3444.333,3218.667,2986,2303.667,2118,상승경계,2,6,상승심각,7,1,상승경계,6,2024-12-11,12,상순,12,중순,2024-12-12,4177,4420,4195,3743,2941,3333,,,,,,
2024-12-12,1101,무,153.15,11.215,2852.5,2351.5,2532.6,2585,1035.9,1127,상승심각,4,7,상승심각,7,1,상승심각,7,2024-12-11,12,상순,12,중순,2024-12-12,3503,3212,3568,3266,1555,1864,,,,,,
2024-12-12,1207,건고추,4.3,1.505,13024,13038.42,12828,12828,13524,12487,상승주의,1,5,상승주의,5,1,안정,4,2024-12-10,12,상순,12,중순,2024-12-11,18193,18052,18454,18327,18448,16106,,,,,,
2024-12-12,1209,마늘,-3.425,0,7050,7061.9,7050,7037,6833.35,7300,안정,57,4,안정,4,1,안정,4,2024-12-10,12,상순,12,중순,2024-12-11,9880,9773,9760,9239,9822,10620,,,,,,
2024-12-12,1201,양파,7.156,-1.757,1138,1175,1158,1205,1162,1062,안정,180,4,안정,4,1,안정,4,2024-12-11,12,상순,12,중순,2024-12-12,2158,2130,2154,2054,2367,2316,,,,,,
2024-12-12,1202,대파,13.186,-5.693,1897,2023,2005,2583,2832,1676,안정,2,4,안정,4,1,안정,4,2024-12-11,12,상순,12,중순,2024-12-12,6791,6970,6720,6526,6289,4518,,,,,,
2024-12-15,1001,배추,47.875,0,3132.333,3444.333,3132.333,2986,2303.667,2118,상승경계,4,6,상승심각,7,1,상승경계,6,2024-12-13,12,상순,12,중순,2024-12-14,4322,4414,4177,3743,2941,3333,,,,,,
2024-12-15,1101,무,127.329,-4.068,2561.6,2351.5,2665.8,2585,1035.9,1127,상승심각,6,7,상승심각,7,1,상승심각,7,2024-12-13,12,상순,12,중순,2024-12-14,3312,3229,3503,3266,1555,1864,,,,,,
2024-12-15,1207,건고추,4.845,0.519,13092,13029.5,13024,12828,13524,12487,상승주의,2,5,상승주의,5,1,안정,4,2024-12-11,12,상순,12,중순,2024-12-13,18037,18073,18193,18327,18448,16106,,,,,,
2024-12-15,1209,마늘,-3.425,0,7050,7059.75,7050,7037,6833.35,7300,안정,58,4,안정,4,1,안정,4,2024-12-11,12,상순,12,중순,2024-12-13,9873,9765,9880,9239,9822,10620,,,,,,
2024-12-15,1201,양파,12.618,2.759,1196,1175,1163,1205,1162,1062,안정,182,4,안정,4,1,안정,4,2024-12-13,12,상순,12,중순,2024-12-14,2124,2130,2158,2054,2367,2316,,,,,,
2024-12-15,1202,대파,13.783,4.824,1907,2023,1815,2583,2832,1676,안정,4,4,안정,4,1,안정,4,2024-12-13,12,상순,12,중순,2024-12-14,6991,6972,6791,6526,6289,4518,,,,,,
2024-12-14,1001,배추,47.875,0,3132.333,3444.333,3132.333,2986,2303.667,2118,상승경계,4,6,상승심각,7,1,상승경계,6,2024-12-13,12,상순,12,중순,2024-12-14,4322,4414,4177,3743,2941,3333,,,,,,
2024-12-14,1101,무,127.329,-4.068,2561.6,2351.5,2665.8,2585,1035.9,1127,상승심각,6,7,상승심각,7,1,상승심각,7,2024-12-13,12,상순,12,중순,2024-12-14,3312,3229,3503,3266,1555,1864,,,,,,
2024-12-14,1207,건고추,4.845,0.519,13092,13029.5,13024,12828,13524,12487,상승주의,2,5,상승주의,5,1,안정,4,2024-12-11,12,상순,12,중순,2024-12-13,18037,18073,18193,18327,18448,16106,,,,,,
2024-12-14,1209,마늘,-3.425,0,7050,7059.75,7050,7037,6833.35,7300,안정,58,4,안정,4,1,안정,4,2024-12-11,12,상순,12,중순,2024-12-13,9873,9765,9880,9239,9822,10620,,,,,,
2024-12-14,1201,양파,12.618,2.759,1196,1175,1163,1205,1162,1062,안정,182,4,안정,4,1,안정,4,2024-12-13,12,상순,12,중순,2024-12-14,2124,2130,2158,2054,2367,2316,,,,,,
2024-12-14,1202,대파,13.783,4.824,1907,2023,1815,2583,2832,1676,안정,4,4,안정,4,1,안정,4,2024-12-13,12,상순,12,중순,2024-12-14,6991,6972,6791,6526,6289,4518,,,,,,
2024-12-13,1001,배추,47.875,-0.851,3132.333,3444.333,3159,2986,2303.667,2118,상승경계,3,6,상승심각,7,1,상승경계,6,2024-12-12,12,상순,12,중순,2024-12-13,4322,4414,4177,3743,2941,3333,,,,,,
2024-12-13,1101,무,136.557,-7.004,2665.8,2351.5,2852.5,2585,1035.9,1127,상승심각,5,7,상승심각,7,1,상승심각,7,2024-12-12,12,상순,12,중순,2024-12-13,3312,3229,3503,3266,1555,1864,,,,,,
2024-12-13,1207,건고추,4.3,1.505,13024,13029.5,12828,12828,13524,12487,상승주의,1,5,상승주의,5,1,안정,4,2024-12-10,12,상순,12,중순,2024-12-11,18193,18073,18454,18327,18448,16106,,,,,,
2024-12-13,1209,마늘,-3.425,0,7050,7059.75,7050,7037,6833.35,7300,안정,57,4,안정,4,1,안정,4,2024-12-10,12,상순,12,중순,2024-12-11,9880,9765,9760,9239,9822,10620,,,,,,
2024-12-13,1201,양파,9.51,2.15,1163,1175,1138,1205,1162,1062,안정,181,4,안정,4,1,안정,4,2024-12-12,12,상순,12,중순,2024-12-13,2124,2130,2158,2054,2367,2316,,,,,,
2024-12-13,1202,대파,8.294,-4.518,1815,2023,1897,2583,2832,1676,안정,3,4,안정,4,1,안정,4,2024-12-12,12,상순,12,중순,2024-12-13,6991,6972,6791,6526,6289,4518,,,,,,
2024-12-16,1001,배추,82.814,19.096,3871.667,3444.333,3132.333,2986,2303.667,2118,상승심각,1,7,상승심각,7,1,상승경계,6,2024-12-14,12,상순,12,중순,2024-12-16,4413,4414,4322,3743,2941,3333,,,,,,
2024-12-16,1101,무,96.894,-15.429,2219.2,2351.5,2561.6,2585,1035.9,1127,상승심각,7,7,상승심각,7,1,상승심각,7,2024-12-14,12,상순,12,중순,2024-12-16,3135,3229,3312,3266,1555,1864,,,,,,
2024-12-16,1207,건고추,4.845,0.519,13092,13029.5,13024,12828,13524,12487,상승주의,2,5,상승주의,5,1,안정,4,2024-12-11,12,상순,12,중순,2024-12-13,18037,18073,18193,18327,18448,16106,,,,,,
2024-12-16,1209,마늘,-3.425,0,7050,7059.75,7050,7037,6833.35,7300,안정,58,4,안정,4,1,안정,4,2024-12-11,12,상순,12,중순,2024-12-13,9873,9765,9880,9239,9822,10620,,,,,,
2024-12-16,1201,양파,8.004,-4.272,1147,1175,1196,1205,1162,1062,안정,183,4,안정,4,1,안정,4,2024-12-14,12,상순,12,중순,2024-12-16,2125,2130,2124,2054,2367,2316,,,,,,
2024-12-16,1202,대파,29.594,12.201,2172,2023,1907,2583,2832,1676,상승주의,1,5,안정,4,1,안정,4,2024-12-14,12,상순,12,중순,2024-12-16,7062,6972,6991,6526,6289,4518,,,,,,
2024-12-18,1001,배추,96.978,25.198,4172.333,3444.333,3121,2986,2303.667,2118,상승심각,1,7,상승심각,7,1,상승경계,6,2024-12-17,12,상순,12,중순,2024-12-18,4491,4414,4413,3743,2941,3333,,,,,,
2024-12-18,1101,무,73.469,1.356,1954.7,2351.5,1928.2,2585,1035.9,1127,상승심각,1,7,상승심각,7,1,상승심각,7,2024-12-17,12,상순,12,중순,2024-12-18,3041,3229,3135,3266,1555,1864,,,,,,
2024-12-18,1207,건고추,4.845,0,13092,13029.5,13092,12828,13524,12487,상승주의,3,5,상승주의,5,1,안정,4,2024-12-13,12,상순,12,중순,2024-12-16,17929,18073,18037,18327,18448,16106,,,,,,
2024-12-18,1209,마늘,-3.425,0,7050,7059.75,7050,7037,6833.35,7300,안정,59,4,안정,4,1,안정,4,2024-12-13,12,상순,12,중순,2024-12-16,9789,9765,9873,9239,9822,10620,,,,,,
2024-12-18,1201,양파,13.653,3.397,1207,1175,1166,1205,1162,1062,안정,185,4,안정,4,1,안정,4,2024-12-17,12,상순,12,중순,2024-12-18,2127,2130,2125,2054,2367,2316,,,,,,
2024-12-18,1202,대파,25.298,9.81,2100,2023,1894,2583,2832,1676,안정,2,4,안정,4,1,안정,4,2024-12-17,12,상순,12,중순,2024-12-18,7025,6972,7062,6526,6289,4518,,,,,,
2024-12-17,1001,배추,47.356,-24.052,3121,3444.333,3871.667,2986,2303.667,2118,상승경계,1,6,상승심각,7,1,상승경계,6,2024-12-16,12,상순,12,중순,2024-12-17,4413,4414,4322,3743,2941,3333,,,,,,
2024-12-17,1101,무,71.074,-15.092,1928.2,2351.5,2219.2,2585,1035.9,1127,상승경계,1,6,상승심각,7,1,상승심각,7,2024-12-16,12,상순,12,중순,2024-12-17,3135,3229,3312,3266,1555,1864,,,,,,
2024-12-17,1207,건고추,4.845,0,13092,13029.5,13092,12828,13524,12487,상승주의,3,5,상승주의,5,1,안정,4,2024-12-13,12,상순,12,중순,2024-12-16,17929,18073,18037,18327,18448,16106,,,,,,
2024-12-17,1209,마늘,-3.425,0,7050,7059.75,7050,7037,6833.35,7300,안정,59,4,안정,4,1,안정,4,2024-12-13,12,상순,12,중순,2024-12-16,9789,9765,9873,9239,9822,10620,,,,,,
2024-12-17,1201,양파,9.793,1.63,1166,1175,1147,1205,1162,1062,안정,184,4,안정,4,1,안정,4,2024-12-16,12,상순,12,중순,2024-12-17,2125,2130,2124,2054,2367,2316,,,,,,
2024-12-17,1202,대파,13.007,-14.678,1894,2023,2172,2583,2832,1676,안정,1,4,안정,4,1,안정,4,2024-12-16,12,상순,12,중순,2024-12-17,7062,6972,6991,6526,6289,4518,,,,,,
2024-12-22,1001,배추,94.383,2.511,4049.333,4037.667,3947.667,3444,2090.333,2083,상승심각,2,7,상승심각,7,1,상승경계,6,2024-12-20,12,중순,12,하순,2024-12-21,4592,4766,4488,4414,3123,3393,,,,,,
2024-12-22,1101,무,83.68,3.97,2385.6,2336.2,2290.9,2352,1191,1299,상승심각,4,7,상승심각,7,1,상승심각,7,2024-12-20,12,중순,12,하순,2024-12-21,3264,3288,3120,3229,1769,1843,,,,,,
2024-12-22,1207,건고추,5.385,0,13092,13092,13092,13030,13524,12423,상승주의,2,5,상승주의,5,1,안정,4,2024-12-19,12,중순,12,하순,2024-12-20,18093,18115,18093,18073,18416,16017,,,,,,
2024-12-22,1209,마늘,-2.803,0,7075,7075,7075,7060,6791.7,7279,안정,62,4,안정,4,1,안정,4,2024-12-19,12,중순,12,하순,2024-12-20,9416,9650,9869,9765,9909,10689,,,,,,
2024-12-22,1201,양파,2.241,0,1186,1276,1186,1175,1276,1160,안정,188,4,안정,4,1,안정,4,2024-12-20,12,중순,12,하순,2024-12-21,2119,2134,2126,2130,2344,2296,,,,,,
2024-12-22,1202,대파,20.344,-4.476,2100,1909,2194,2023,4232,1745,안정,1,4,안정,4,1,안정,4,2024-12-20,12,중순,12,하순,2024-12-21,6952,7221,7011,6972,7341,4770,,,,,,
2024-12-21,1001,배추,94.383,2.511,4049.333,4037.667,3947.667,3444,2090.333,2083,상승심각,2,7,상승심각,7,1,상승경계,6,2024-12-20,12,중순,12,하순,2024-12-21,4592,4766,4488,4414,3123,3393,,,,,,
2024-12-21,1101,무,83.68,3.97,2385.6,2336.2,2290.9,2352,1191,1299,상승심각,4,7,상승심각,7,1,상승심각,7,2024-12-20,12,중순,12,하순,2024-12-21,3264,3288,3120,3229,1769,1843,,,,,,
2024-12-21,1207,건고추,5.385,0,13092,13092,13092,13030,13524,12423,상승주의,2,5,상승주의,5,1,안정,4,2024-12-19,12,중순,12,하순,2024-12-20,18093,18115,18093,18073,18416,16017,,,,,,
2024-12-21,1209,마늘,-2.803,0,7075,7075,7075,7060,6791.7,7279,안정,62,4,안정,4,1,안정,4,2024-12-19,12,중순,12,하순,2024-12-20,9416,9650,9869,9765,9909,10689,,,,,,
2024-12-21,1201,양파,2.241,0,1186,1276,1186,1175,1276,1160,안정,188,4,안정,4,1,안정,4,2024-12-20,12,중순,12,하순,2024-12-21,2119,2134,2126,2130,2344,2296,,,,,,
2024-12-21,1202,대파,20.344,-4.476,2100,1909,2194,2023,4232,1745,안정,1,4,안정,4,1,안정,4,2024-12-20,12,중순,12,하순,2024-12-21,6952,7221,7011,6972,7341,4770,,,,,,
2024-12-20,1001,배추,86.402,17.842,3947.667,3444.333,3243.333,2986,2303.667,2118,상승심각,1,7,상승심각,7,1,상승경계,6,2024-12-19,12,상순,12,중순,2024-12-20,4592,4414,4488,3743,2941,3333,,,,,,
2024-12-20,1101,무,103.283,5.819,2290.9,2351.5,2157.6,2585,1035.9,1127,상승심각,3,7,상승심각,7,1,상승심각,7,2024-12-19,12,상순,12,중순,2024-12-20,3264,3229,3120,3266,1555,1864,,,,,,
2024-12-20,1207,건고추,4.845,2.345,13092,13029.5,12785,12828,13524,12487,상승주의,1,5,상승주의,5,1,안정,4,2024-12-18,12,상순,12,중순,2024-12-19,18093,18073,18093,18327,18448,16106,,,,,,
2024-12-20,1209,마늘,-3.082,0.235,7075,7059.75,7058.35,7037,6833.35,7300,안정,61,4,안정,4,1,안정,4,2024-12-18,12,상순,12,중순,2024-12-19,9869,9765,9763,9239,9822,10620,,,,,,
2024-12-20,1201,양파,11.676,-2.698,1186,1175,1218,1205,1162,1062,안정,187,4,안정,4,1,안정,4,2024-12-19,12,상순,12,중순,2024-12-20,2119,2130,2126,2054,2367,2316,,,,,,
2024-12-20,1202,대파,30.907,-1.139,2194,2023,2219,2583,2832,1676,상승주의,2,5,안정,4,1,안정,4,2024-12-19,12,상순,12,중순,2024-12-20,6952,6972,7011,6526,6289,4518,,,,,,
2024-12-23,1001,배추,85.55,-4.76,3865.333,4037.667,4049.333,3444,2090.333,2083,상승심각,3,7,상승심각,7,1,상승경계,6,2024-12-21,12,중순,12,하순,2024-12-23,4639,4766,4592,4414,3123,3393,,,,,,
2024-12-23,1101,무,82.525,-0.633,2370.6,2336.2,2385.6,2352,1191,1299,상승심각,5,7,상승심각,7,1,상승심각,7,2024-12-21,12,중순,12,하순,2024-12-23,3373,3288,3264,3229,1769,1843,,,,,,
2024-12-23,1207,건고추,5.385,0,13092,13092,13092,13030,13524,12423,상승주의,2,5,상승주의,5,1,안정,4,2024-12-19,12,중순,12,하순,2024-12-20,18093,18115,18093,18073,18416,16017,,,,,,
2024-12-23,1209,마늘,-2.803,0,7075,7075,7075,7060,6791.7,7279,안정,62,4,안정,4,1,안정,4,2024-12-19,12,중순,12,하순,2024-12-20,9416,9650,9869,9765,9909,10689,,,,,,
2024-12-23,1201,양파,4.655,2.306,1214,1276,1186,1175,1276,1160,안정,189,4,안정,4,1,안정,4,2024-12-21,12,중순,12,하순,2024-12-23,2113,2134,2119,2130,2344,2296,,,,,,
2024-12-23,1202,대파,10.946,-8.471,1936,1909,2100,2023,4232,1745,안정,2,4,안정,4,1,안정,4,2024-12-21,12,중순,12,하순,2024-12-23,7040,7221,6952,6972,7341,4770,,,,,,
2024-12-19,1001,배추,53.116,-28.643,3243.333,3444.333,4172.333,2986,2303.667,2118,상승경계,1,6,상승심각,7,1,상승경계,6,2024-12-18,12,상순,12,중순,2024-12-19,4488,4414,4491,3743,2941,3333,,,,,,
2024-12-19,1101,무,91.482,9.404,2157.6,2351.5,1954.7,2585,1035.9,1127,상승심각,2,7,상승심각,7,1,상승심각,7,2024-12-18,12,상순,12,중순,2024-12-19,3120,3229,3041,3266,1555,1864,,,,,,
2024-12-19,1207,건고추,2.386,-2.401,12785,13029.5,13092,12828,13524,12487,안정,1,4,상승주의,5,1,안정,4,2024-12-16,12,상순,12,중순,2024-12-18,18093,18073,17929,18327,18448,16106,,,,,,
2024-12-19,1209,마늘,-3.315,0.118,7058.35,7059.75,7050,7037,6833.35,7300,안정,60,4,안정,4,1,안정,4,2024-12-16,12,상순,12,중순,2024-12-18,9763,9765,9789,9239,9822,10620,,,,,,
2024-12-19,1201,양파,14.689,0.903,1218,1175,1207,1205,1162,1062,안정,186,4,안정,4,1,안정,4,2024-12-18,12,상순,12,중순,2024-12-19,2126,2130,2127,2054,2367,2316,,,,,,
2024-12-19,1202,대파,32.399,5.363,2219,2023,2100,2583,2832,1676,상승주의,1,5,안정,4,1,안정,4,2024-12-18,12,상순,12,중순,2024-12-19,7011,6972,7025,6526,6289,4518,,,,,,
2024-12-24,1001,배추,79.693,-3.268,3743,4037.667,3865.333,3444,2090.333,2083,상승심각,4,7,상승심각,7,1,상승경계,6,2024-12-23,12,중순,12,하순,2024-12-24,4650,4766,4639,4414,3123,3393,,,,,,
2024-12-24,1101,무,80.062,-1.364,2338.7,2336.2,2370.6,2352,1191,1299,상승심각,6,7,상승심각,7,1,상승심각,7,2024-12-23,12,중순,12,하순,2024-12-24,3314,3288,3373,3229,1769,1843,,,,,,
2024-12-24,1207,건고추,5.385,0,13092,13092,13092,13030,13524,12423,상승주의,3,5,상승주의,5,1,안정,4,2024-12-20,12,중순,12,하순,2024-12-23,18093,18115,18093,18073,18416,16017,,,,,,
2024-12-24,1209,마늘,-2.803,0,7075,7075,7075,7060,6791.7,7279,안정,63,4,안정,4,1,안정,4,2024-12-20,12,중순,12,하순,2024-12-23,9571,9650,9416,9765,9909,10689,,,,,,
2024-12-24,1201,양파,6.121,1.381,1231,1276,1214,1175,1276,1160,안정,190,4,안정,4,1,안정,4,2024-12-23,12,중순,12,하순,2024-12-24,2118,2134,2113,2130,2344,2296,,,,,,
2024-12-24,1202,대파,-1.719,-12.886,1715,1909,1936,2023,4232,1745,안정,3,4,안정,4,1,안정,4,2024-12-23,12,중순,12,하순,2024-12-24,7111,7221,7040,6972,7341,4770,,,,,,
2024-12-25,1001,배추,68.219,-6.831,3503.667,4037.667,3743,3444,2090.333,2083,상승심각,5,7,상승심각,7,1,상승경계,6,2024-12-24,12,중순,12,하순,2024-12-25,4650,4766,4639,4414,3123,3393,,,,,,
2024-12-25,1101,무,65.281,-8.914,2147.3,2336.2,2338.7,2352,1191,1299,상승심각,7,7,상승심각,7,1,상승심각,7,2024-12-24,12,중순,12,하순,2024-12-25,3314,3288,3373,3229,1769,1843,,,,,,
2024-12-25,1207,건고추,5.385,0,13092,13092,13092,13030,13524,12423,상승주의,4,5,상승주의,5,1,안정,4,2024-12-23,12,중순,12,하순,2024-12-24,18093,18115,18093,18073,18416,16017,,,,,,
2024-12-25,1209,마늘,-2.803,0,7075,7075,7075,7060,6791.7,7279,안정,64,4,안정,4,1,안정,4,2024-12-23,12,중순,12,하순,2024-12-24,9522,9650,9571,9765,9909,10689,,,,,,
2024-12-25,1201,양파,6.983,0.806,1241,1276,1231,1175,1276,1160,안정,191,4,안정,4,1,안정,4,2024-12-24,12,중순,12,하순,2024-12-25,2118,2134,2113,2130,2344,2296,,,,,,
2024-12-25,1202,대파,4.47,5.924,1823,1909,1715,2023,4232,1745,안정,4,4,안정,4,1,안정,4,2024-12-24,12,중순,12,하순,2024-12-25,7111,7221,7040,6972,7341,4770,,,,,,
2024-12-26,1001,배추,83.437,8.313,3821.333,4037.667,3503.667,3444,2090.333,2083,상승심각,6,7,상승심각,7,1,상승경계,6,2024-12-25,12,중순,12,하순,2024-12-26,4816,4766,4650,4414,3123,3393,,,,,,
2024-12-26,1101,무,47.036,-12.406,1910.3,2336.2,2147.3,2352,1191,1299,상승경계,1,6,상승심각,7,1,상승심각,7,2024-12-25,12,중순,12,하순,2024-12-26,3284,3288,3314,3229,1769,1843,,,,,,
2024-12-26,1207,건고추,5.385,0,13092,13092,13092,13030,13524,12423,상승주의,4,5,상승주의,5,1,안정,4,2024-12-23,12,중순,12,하순,2024-12-24,18093,18115,18093,18073,18416,16017,,,,,,
2024-12-26,1209,마늘,-2.803,0,7075,7075,7075,7060,6791.7,7279,안정,64,4,안정,4,1,안정,4,2024-12-23,12,중순,12,하순,2024-12-24,9522,9650,9571,9765,9909,10689,,,,,,
2024-12-26,1201,양파,9.397,2.206,1269,1276,1241,1175,1276,1160,안정,192,4,안정,4,1,안정,4,2024-12-25,12,중순,12,하순,2024-12-26,2139,2134,2118,2130,2344,2296,,,,,,
2024-12-26,1202,대파,-0.802,-5.315,1731,1909,1823,2023,4232,1745,안정,5,4,안정,4,1,안정,4,2024-12-25,12,중순,12,하순,2024-12-26,7269,7221,7111,6972,7341,4770,,,,,,
2024-12-29,1001,배추,82.045,1.872,3792,4037.667,3721,3444,2090.333,2083,상승심각,8,7,상승심각,7,1,상승경계,6,2024-12-27,12,중순,12,하순,2024-12-28,4899,4766,4816,4414,3123,3393,,,,,,
2024-12-29,1101,무,68.052,10.78,2182.7,2336.2,1947.4,2352,1191,1299,상승심각,1,7,상승심각,7,1,상승심각,7,2024-12-27,12,중순,12,하순,2024-12-28,3242,3288,3284,3229,1769,1843,,,,,,
2024-12-29,1207,건고추,5.385,0,13092,13092,13092,13030,13524,12423,상승주의,6,5,상승주의,5,1,안정,4,2024-12-26,12,중순,12,하순,2024-12-27,18129,18115,18129,18073,18416,16017,,,,,,
2024-12-29,1209,마늘,-2.803,0,7075,7075,7075,7060,6791.7,7279,안정,66,4,안정,4,1,안정,4,2024-12-26,12,중순,12,하순,2024-12-27,9568,9650,9453,9765,9909,10689,,,,,,
2024-12-29,1201,양파,11.81,-0.694,1297,1276,1306,1175,1276,1160,안정,194,4,안정,4,1,안정,4,2024-12-27,12,중순,12,하순,2024-12-28,2151,2134,2139,2130,2344,2296,,,,,,
2024-12-29,1202,대파,-2.579,-9.235,1700,1909,1857,2023,4232,1745,안정,7,4,안정,4,1,안정,4,2024-12-27,12,중순,12,하순,2024-12-28,7315,7221,7269,6972,7341,4770,,,,,,
2024-12-28,1001,배추,82.045,1.872,3792,4037.667,3721,3444,2090.333,2083,상승심각,8,7,상승심각,7,1,상승경계,6,2024-12-27,12,중순,12,하순,2024-12-28,4899,4766,4816,4414,3123,3393,,,,,,
2024-12-28,1207,건고추,5.385,0,13092,13092,13092,13030,13524,12423,상승주의,6,5,상승주의,5,1,안정,4,2024-12-26,12,중순,12,하순,2024-12-27,18129,18115,18129,18073,18416,16017,,,,,,
2024-12-28,1101,무,68.052,10.78,2182.7,2336.2,1947.4,2352,1191,1299,상승심각,1,7,상승심각,7,1,상승심각,7,2024-12-27,12,중순,12,하순,2024-12-28,3242,3288,3284,3229,1769,1843,,,,,,
2024-12-28,1209,마늘,-2.803,0,7075,7075,7075,7060,6791.7,7279,안정,66,4,안정,4,1,안정,4,2024-12-26,12,중순,12,하순,2024-12-27,9568,9650,9453,9765,9909,10689,,,,,,
2024-12-28,1201,양파,11.81,-0.694,1297,1276,1306,1175,1276,1160,안정,194,4,안정,4,1,안정,4,2024-12-27,12,중순,12,하순,2024-12-28,2151,2134,2139,2130,2344,2296,,,,,,
2024-12-28,1202,대파,-2.579,-9.235,1700,1909,1857,2023,4232,1745,안정,7,4,안정,4,1,안정,4,2024-12-27,12,중순,12,하순,2024-12-28,7315,7221,7269,6972,7341,4770,,,,,,
2024-12-27,1001,배추,78.637,-2.696,3721,4037.667,3821.333,3444,2090.333,2083,상승심각,7,7,상승심각,7,1,상승경계,6,2024-12-26,12,중순,12,하순,2024-12-27,4899,4766,4816,4414,3123,3393,,,,,,
2024-12-27,1101,무,49.885,1.905,1947.4,2336.2,1910.3,2352,1191,1299,상승경계,2,6,상승심각,7,1,상승심각,7,2024-12-26,12,중순,12,하순,2024-12-27,3242,3288,3284,3229,1769,1843,,,,,,
2024-12-27,1207,건고추,5.385,0,13092,13092,13092,13030,13524,12423,상승주의,5,5,상승주의,5,1,안정,4,2024-12-24,12,중순,12,하순,2024-12-26,18129,18115,18093,18073,18416,16017,,,,,,
2024-12-27,1209,마늘,-2.803,0,7075,7075,7075,7060,6791.7,7279,안정,65,4,안정,4,1,안정,4,2024-12-24,12,중순,12,하순,2024-12-26,9453,9650,9522,9765,9909,10689,,,,,,
2024-12-27,1201,양파,12.586,2.833,1306,1276,1269,1175,1276,1160,안정,193,4,안정,4,1,안정,4,2024-12-26,12,중순,12,하순,2024-12-27,2151,2134,2139,2130,2344,2296,,,,,,
2024-12-27,1202,대파,6.418,6.785,1857,1909,1731,2023,4232,1745,안정,6,4,안정,4,1,안정,4,2024-12-26,12,중순,12,하순,2024-12-27,7315,7221,7269,6972,7341,4770,,,,,,
2024-12-30,1001,배추,95.823,7.036,4079,4037.667,3792,3444,2090.333,2083,상승심각,9,7,상승심각,7,1,상승경계,6,2024-12-28,12,중순,12,하순,2024-12-30,4696,4766,4899,4414,3123,3393,,,,,,
2024-12-30,1101,무,88.068,10.648,2442.8,2336.2,2182.7,2352,1191,1299,상승심각,2,7,상승심각,7,1,상승심각,7,2024-12-28,12,중순,12,하순,2024-12-30,3251,3288,3242,3229,1769,1843,,,,,,
2024-12-30,1207,건고추,5.385,0,13092,13092,13092,13030,13524,12423,상승주의,6,5,상승주의,5,1,안정,4,2024-12-26,12,중순,12,하순,2024-12-27,18129,18115,18129,18073,18416,16017,,,,,,
2024-12-30,1209,마늘,-2.803,0,7075,7075,7075,7060,6791.7,7279,안정,66,4,안정,4,1,안정,4,2024-12-26,12,중순,12,하순,2024-12-27,9568,9650,9453,9765,9909,10689,,,,,,
2024-12-30,1201,양파,13.707,1.668,1319,1276,1297,1175,1276,1160,안정,195,4,안정,4,1,안정,4,2024-12-28,12,중순,12,하순,2024-12-30,2145,2134,2151,2130,2344,2296,,,,,,
2024-12-30,1202,대파,7.335,9.237,1873,1909,1700,2023,4232,1745,안정,8,4,안정,4,1,안정,4,2024-12-28,12,중순,12,하순,2024-12-30,7290,7221,7315,6972,7341,4770,,,,,,
2024-12-31,1001,배추,176.764,29.245,5765,4037.667,4079,3444,2090.333,2083,상승심각,10,7,상승심각,7,1,상승경계,6,2024-12-30,12,중순,12,하순,2024-12-31,4894,4766,4696,4414,3123,3393,,,,,,
2024-12-31,1101,무,154.119,25.989,3300.6,2336.2,2442.8,2352,1191,1299,상승심각,3,7,상승심각,7,1,상승심각,7,2024-12-30,12,중순,12,하순,2024-12-31,3262,3288,3251,3229,1769,1843,,,,,,
2024-12-31,1207,건고추,5.385,0,13092,13092,13092,13030,13524,12423,상승주의,7,5,상승주의,5,1,안정,4,2024-12-27,12,중순,12,하순,2024-12-30,18129,18115,18129,18073,18416,16017,,,,,,
2024-12-31,1209,마늘,-2.803,0,7075,7075,7075,7060,6791.7,7279,안정,67,4,안정,4,1,안정,4,2024-12-27,12,중순,12,하순,2024-12-30,9774,9650,9568,9765,9909,10689,,,,,,
2024-12-31,1201,양파,22.328,7.047,1419,1276,1319,1175,1276,1160,상승주의,1,5,안정,4,1,안정,4,2024-12-30,12,중순,12,하순,2024-12-31,2140,2134,2145,2130,2344,2296,,,,,,
2024-12-31,1202,대파,40.287,23.489,2448,1909,1873,2023,4232,1745,상승주의,1,5,안정,4,1,안정,4,2024-12-30,12,중순,12,하순,2024-12-31,7301,7221,7290,6972,7341,4770,,,,,,
